<?xml version="1.0" encoding="UTF-8"?>
<osm version="0.6" generator="openstreetmap-cgimap 2.1.0 (2002066 spike-08.openstreetmap.org)" copyright="OpenStreetMap and contributors" attribution="http://www.openstreetmap.org/copyright" license="http://opendatacommons.org/licenses/odbl/1-0/">
 <bounds minlat="12.9667600" minlon="77.6376500" maxlat="12.9695720" maxlon="77.6412980"/>
 <node id="269700181" visible="true" version="8" changeset="153099188" timestamp="2024-06-24T08:18:24Z" user="Vonter" uid="3926189" lat="12.9693153" lon="77.6359532"/>
 <node id="317821937" visible="true" version="3" changeset="37120135" timestamp="2016-02-10T09:24:19Z" user="Deepak Naidu" uid="3614052" lat="12.9657109" lon="77.6382069"/>
 <node id="423744870" visible="true" version="4" changeset="153098787" timestamp="2024-06-24T08:08:02Z" user="Vonter" uid="3926189" lat="12.9668211" lon="77.6415028"/>
 <node id="736014389" visible="true" version="3" changeset="158956663" timestamp="2024-11-10T06:45:28Z" user="Vonter" uid="3926189" lat="12.9683174" lon="77.6376819"/>
 <node id="736014390" visible="true" version="4" changeset="160574114" timestamp="2024-12-24T12:36:03Z" user="uknown-gryphus" uid="2425805" lat="12.9685825" lon="77.6413393"/>
 <node id="736207248" visible="true" version="4" changeset="158956663" timestamp="2024-11-10T06:45:28Z" user="Vonter" uid="3926189" lat="12.9685050" lon="77.6402267"/>
 <node id="736207252" visible="true" version="2" changeset="144654154" timestamp="2023-12-01T09:10:37Z" user="mdtauhid" uid="19369851" lat="12.9671062" lon="77.6398165"/>
 <node id="736207261" visible="true" version="3" changeset="168914156" timestamp="2025-07-14T12:10:25Z" user="Vonter" uid="3926189" lat="12.9672957" lon="77.6384817"/>
 <node id="736207283" visible="true" version="4" changeset="158956663" timestamp="2024-11-10T06:45:28Z" user="Vonter" uid="3926189" lat="12.9684394" lon="77.6393365"/>
 <node id="736207289" visible="true" version="5" changeset="160574114" timestamp="2024-12-24T12:36:03Z" user="uknown-gryphus" uid="2425805" lat="12.9668411" lon="77.6414133"/>
 <node id="736207301" visible="true" version="3" changeset="39199757" timestamp="2016-05-09T19:48:17Z" user="PlaneMad" uid="1306" lat="12.9725710" lon="77.6386374"/>
 <node id="736207308" visible="true" version="1" changeset="4715038" timestamp="2010-05-16T09:59:07Z" user="PlaneMad" uid="1306" lat="12.9679455" lon="77.6407735"/>
 <node id="736207319" visible="true" version="2" changeset="9184480" timestamp="2011-09-01T14:06:18Z" user="PlaneMad" uid="1306" lat="12.9676656" lon="77.6395933"/>
 <node id="736207323" visible="true" version="1" changeset="4715038" timestamp="2010-05-16T09:59:08Z" user="PlaneMad" uid="1306" lat="12.9701607" lon="77.6406283"/>
 <node id="736207354" visible="true" version="3" changeset="174361446" timestamp="2025-11-08T06:57:14Z" user="Vonter" uid="3926189" lat="12.9678913" lon="77.6376002"/>
 <node id="736207357" visible="true" version="3" changeset="144654154" timestamp="2023-12-01T09:10:37Z" user="mdtauhid" uid="19369851" lat="12.9671066" lon="77.6392833"/>
 <node id="736207363" visible="true" version="1" changeset="4715038" timestamp="2010-05-16T09:59:09Z" user="PlaneMad" uid="1306" lat="12.9694484" lon="77.6376299"/>
 <node id="736207370" visible="true" version="1" changeset="4715038" timestamp="2010-05-16T09:59:09Z" user="PlaneMad" uid="1306" lat="12.9673533" lon="77.6381718"/>
 <node id="736207371" visible="true" version="2" changeset="9184480" timestamp="2011-09-01T13:11:27Z" user="PlaneMad" uid="1306" lat="12.9672181" lon="77.6401822"/>
 <node id="736207375" visible="true" version="1" changeset="4715038" timestamp="2010-05-16T09:59:09Z" user="PlaneMad" uid="1306" lat="12.9694748" lon="77.6380284"/>
 <node id="736207386" visible="true" version="2" changeset="33119676" timestamp="2015-08-05T07:28:10Z" user="maheshrkm" uid="2897465" lat="12.9663605" lon="77.6376254"/>
 <node id="736207387" visible="true" version="5" changeset="144654154" timestamp="2023-12-01T09:10:37Z" user="mdtauhid" uid="19369851" lat="12.9678976" lon="77.6391813"/>
 <node id="736207396" visible="true" version="3" changeset="31311738" timestamp="2015-05-20T11:16:30Z" user="srividya_c" uid="2115749" lat="12.9678888" lon="77.6372440"/>
 <node id="736207402" visible="true" version="1" changeset="4715038" timestamp="2010-05-16T09:59:10Z" user="PlaneMad" uid="1306" lat="12.9695020" lon="77.6384396"/>
 <node id="736207407" visible="true" version="2" changeset="153153345" timestamp="2024-06-25T11:46:01Z" user="Vonter" uid="3926189" lat="12.9699521" lon="77.6376067"/>
 <node id="736207410" visible="true" version="2" changeset="158956663" timestamp="2024-11-10T06:45:28Z" user="Vonter" uid="3926189" lat="12.9684058" lon="77.6388805"/>
 <node id="736207414" visible="true" version="2" changeset="174361446" timestamp="2025-11-08T06:57:14Z" user="Vonter" uid="3926189" lat="12.9674201" lon="77.6378345"/>
 <node id="736207435" visible="true" version="1" changeset="4715038" timestamp="2010-05-16T09:59:11Z" user="PlaneMad" uid="1306" lat="12.9695869" lon="77.6397211"/>
 <node id="736207439" visible="true" version="6" changeset="168914156" timestamp="2025-07-14T12:10:25Z" user="Vonter" uid="3926189" lat="12.9671957" lon="77.6389137"/>
 <node id="736207443" visible="true" version="3" changeset="15735651" timestamp="2013-04-15T10:55:16Z" user="PlaneMad" uid="1306" lat="12.9680514" lon="77.6402864"/>
 <node id="736207483" visible="true" version="3" changeset="15735651" timestamp="2013-04-15T10:55:16Z" user="PlaneMad" uid="1306" lat="12.9672324" lon="77.6401220"/>
 <node id="736207510" visible="true" version="2" changeset="9693526" timestamp="2011-10-30T13:13:25Z" user="PlaneMad" uid="1306" lat="12.9681817" lon="77.6398108"/>
 <node id="736207514" visible="true" version="2" changeset="158956663" timestamp="2024-11-10T06:45:28Z" user="Vonter" uid="3926189" lat="12.9685421" lon="77.6407293"/>
 <node id="736207542" visible="true" version="1" changeset="4715038" timestamp="2010-05-16T09:59:17Z" user="PlaneMad" uid="1306" lat="12.9696492" lon="77.6406602"/>
 <node id="736207557" visible="true" version="1" changeset="4715038" timestamp="2010-05-16T09:59:17Z" user="PlaneMad" uid="1306" lat="12.9695565" lon="77.6392620"/>
 <node id="736207573" visible="true" version="3" changeset="33695837" timestamp="2015-08-31T06:10:41Z" user="PlaneMad" uid="1306" lat="12.9683348" lon="77.6393266"/>
 <node id="736207580" visible="true" version="6" changeset="39197893" timestamp="2016-05-09T18:29:48Z" user="PlaneMad" uid="1306" lat="12.9679750" lon="77.6385296"/>
 <node id="736207581" visible="true" version="2" changeset="39199457" timestamp="2016-05-09T19:35:51Z" user="PlaneMad" uid="1306" lat="12.9710681" lon="77.6387007"/>
 <node id="736207598" visible="true" version="1" changeset="4715038" timestamp="2010-05-16T09:59:18Z" user="PlaneMad" uid="1306" lat="12.9695264" lon="77.6388072"/>
 <node id="736207601" visible="true" version="1" changeset="4715038" timestamp="2010-05-16T09:59:18Z" user="PlaneMad" uid="1306" lat="12.9660340" lon="77.6378958"/>
 <node id="736207605" visible="true" version="2" changeset="158956663" timestamp="2024-11-10T06:45:28Z" user="Vonter" uid="3926189" lat="12.9683477" lon="77.6380928"/>
 <node id="736207608" visible="true" version="3" changeset="39197893" timestamp="2016-05-09T18:29:48Z" user="PlaneMad" uid="1306" lat="12.9679339" lon="77.6379166"/>
 <node id="736207618" visible="true" version="2" changeset="158956663" timestamp="2024-11-10T06:45:28Z" user="Vonter" uid="3926189" lat="12.9684728" lon="77.6397899"/>
 <node id="736207625" visible="true" version="2" changeset="158956663" timestamp="2024-11-10T06:45:28Z" user="Vonter" uid="3926189" lat="12.9683788" lon="77.6385149"/>
 <node id="736207628" visible="true" version="4" changeset="33695837" timestamp="2015-08-31T06:10:41Z" user="PlaneMad" uid="1306" lat="12.9675034" lon="77.6401802"/>
 <node id="736207641" visible="true" version="2" changeset="153153345" timestamp="2024-06-25T11:46:01Z" user="Vonter" uid="3926189" lat="12.9700379" lon="77.6387736"/>
 <node id="736207657" visible="true" version="5" changeset="162015801" timestamp="2025-02-01T15:42:12Z" user="Vonter" uid="3926189" lat="12.9682788" lon="77.6372855"/>
 <node id="956649752" visible="true" version="1" changeset="6091836" timestamp="2010-10-19T04:34:06Z" user="Nand Kishore Gupta" uid="178915" lat="12.9705728" lon="77.6387336"/>
 <node id="1282881253" visible="true" version="3" changeset="153098787" timestamp="2024-06-24T08:08:02Z" user="Vonter" uid="3926189" lat="12.9693208" lon="77.6359943"/>
 <node id="1420066610" visible="true" version="4" changeset="156800913" timestamp="2024-09-19T04:28:13Z" user="Prashere" uid="571582" lat="12.9674584" lon="77.6396382">
  <tag k="name" v="Doopanahalli"/>
  <tag k="name:kn" v="ದೂಪನಹಳ್ಳಿ"/>
  <tag k="name:ta" v="தூப்பனஹல்லி"/>
  <tag k="place" v="neighbourhood"/>
 </node>
 <node id="1420066719" visible="true" version="4" changeset="168914156" timestamp="2025-07-14T12:10:25Z" user="Vonter" uid="3926189" lat="12.9661073" lon="77.6382713"/>
 <node id="1420066724" visible="true" version="1" changeset="9184480" timestamp="2011-09-01T13:10:33Z" user="PlaneMad" uid="1306" lat="12.9668854" lon="77.6412346"/>
 <node id="1420066737" visible="true" version="5" changeset="168914156" timestamp="2025-07-14T12:10:25Z" user="Vonter" uid="3926189" lat="12.9674345" lon="77.6385089"/>
 <node id="1420066743" visible="true" version="5" changeset="162015801" timestamp="2025-02-01T15:42:12Z" user="Vonter" uid="3926189" lat="12.9683534" lon="77.6374892"/>
 <node id="1420066798" visible="true" version="4" changeset="163633501" timestamp="2025-03-15T03:19:31Z" user="Vonter" uid="3926189" lat="12.9695690" lon="77.6360319"/>
 <node id="1420105702" visible="true" version="4" changeset="130095019" timestamp="2022-12-15T03:06:26Z" user="mws1367" uid="10054290" lat="12.9695606" lon="77.6411087">
  <tag k="amenity" v="cafe"/>
  <tag k="cuisine" v="tea"/>
  <tag k="internet_access" v="no"/>
  <tag k="name" v="Chai Patti Teafe"/>
  <tag k="name:kn" v="ಚಾಯೈ ಪತ್ತಿ"/>
  <tag k="outdoor_seating" v="no"/>
 </node>
 <node id="1420105785" visible="true" version="2" changeset="143853743" timestamp="2023-11-10T09:04:30Z" user="uknown-gryphus" uid="2425805" lat="12.9658160" lon="77.6398189"/>
 <node id="1420105815" visible="true" version="3" changeset="168914156" timestamp="2025-07-14T12:10:25Z" user="Vonter" uid="3926189" lat="12.9664017" lon="77.6383189"/>
 <node id="1420105818" visible="true" version="2" changeset="143853743" timestamp="2023-11-10T09:04:30Z" user="uknown-gryphus" uid="2425805" lat="12.9665356" lon="77.6400614"/>
 <node id="1420105820" visible="true" version="3" changeset="144654154" timestamp="2023-12-01T09:10:37Z" user="mdtauhid" uid="19369851" lat="12.9666022" lon="77.6396670"/>
 <node id="1420105825" visible="true" version="2" changeset="15735651" timestamp="2013-04-15T10:55:11Z" user="PlaneMad" uid="1306" lat="12.9666144" lon="77.6403442"/>
 <node id="1420105834" visible="true" version="3" changeset="168914156" timestamp="2025-07-14T12:10:25Z" user="Vonter" uid="3926189" lat="12.9667079" lon="77.6383733"/>
 <node id="1420105836" visible="true" version="3" changeset="143853743" timestamp="2023-11-10T09:04:30Z" user="uknown-gryphus" uid="2425805" lat="12.9666994" lon="77.6401049"/>
 <node id="1420105837" visible="true" version="2" changeset="12076088" timestamp="2012-07-01T13:38:39Z" user="PlaneMad" uid="1306" lat="12.9668789" lon="77.6404231"/>
 <node id="1420113201" visible="true" version="3" changeset="144654154" timestamp="2023-12-01T09:10:37Z" user="mdtauhid" uid="19369851" lat="12.9671201" lon="77.6391788"/>
 <node id="1420113203" visible="true" version="4" changeset="33695837" timestamp="2015-08-31T06:10:41Z" user="PlaneMad" uid="1306" lat="12.9675695" lon="77.6399020"/>
 <node id="1420113208" visible="true" version="3" changeset="33695837" timestamp="2015-08-31T06:10:41Z" user="PlaneMad" uid="1306" lat="12.9677645" lon="77.6394240"/>
 <node id="1420113209" visible="true" version="2" changeset="12076088" timestamp="2012-07-01T13:38:39Z" user="PlaneMad" uid="1306" lat="12.9679828" lon="77.6395156"/>
 <node id="1474220563" visible="true" version="7" changeset="122322707" timestamp="2022-06-13T12:02:27Z" user="user_14062769" uid="14062769" lat="12.9692201" lon="77.6411398">
  <tag k="amenity" v="bank"/>
  <tag k="atm" v="yes"/>
  <tag k="brand" v="Axis Bank"/>
  <tag k="brand:wikidata" v="Q2003549"/>
  <tag k="brand:wikipedia" v="en:Axis Bank"/>
  <tag k="name" v="Axis Bank"/>
  <tag k="name:en" v="Axis Bank"/>
  <tag k="name:kn" v="ಅಕ್ಸಿಸ್ ಬ್ಯಾಂಕ್"/>
  <tag k="website" v="https://www.axisbank.com"/>
 </node>
 <node id="1474220587" visible="true" version="4" changeset="130727331" timestamp="2022-12-31T16:19:52Z" user="Vonter" uid="3926189" lat="12.9688775" lon="77.6411537">
  <tag k="atm" v="yes"/>
  <tag k="branch" v="Vysya Bank"/>
  <tag k="brand" v="ING"/>
  <tag k="brand:wikidata" v="Q645708"/>
  <tag k="disused:amenity" v="bank"/>
  <tag k="name" v="ING"/>
 </node>
 <node id="1485671042" visible="true" version="2" changeset="39199457" timestamp="2016-05-09T19:35:44Z" user="PlaneMad" uid="1306" lat="12.9639847" lon="77.6412097"/>
 <node id="1485671045" visible="true" version="4" changeset="163633501" timestamp="2025-03-15T03:19:31Z" user="Vonter" uid="3926189" lat="12.9639886" lon="77.6409615"/>
 <node id="1485671046" visible="true" version="2" changeset="39199457" timestamp="2016-05-09T19:35:44Z" user="PlaneMad" uid="1306" lat="12.9638446" lon="77.6409644"/>
 <node id="1485671057" visible="true" version="1" changeset="9693526" timestamp="2011-10-30T13:13:13Z" user="PlaneMad" uid="1306" lat="12.9644524" lon="77.6397692"/>
 <node id="1485671059" visible="true" version="1" changeset="9693526" timestamp="2011-10-30T13:13:13Z" user="PlaneMad" uid="1306" lat="12.9647028" lon="77.6393477"/>
 <node id="1485671067" visible="true" version="1" changeset="9693526" timestamp="2011-10-30T13:13:14Z" user="PlaneMad" uid="1306" lat="12.9658141" lon="77.6381271"/>
 <node id="1485671090" visible="true" version="2" changeset="12656169" timestamp="2012-08-08T11:34:26Z" user="PlaneMad" uid="1306" lat="12.9671516" lon="77.6388448">
  <tag k="natural" v="tree"/>
 </node>
 <node id="1485671130" visible="true" version="3" changeset="162015801" timestamp="2025-02-01T15:42:12Z" user="Vonter" uid="3926189" lat="12.9679100" lon="77.6372911"/>
 <node id="1485671132" visible="true" version="2" changeset="15735651" timestamp="2013-04-15T10:55:14Z" user="PlaneMad" uid="1306" lat="12.9680335" lon="77.6396188"/>
 <node id="1485671133" visible="true" version="2" changeset="15735651" timestamp="2013-04-15T10:55:14Z" user="PlaneMad" uid="1306" lat="12.9680665" lon="77.6392729"/>
 <node id="1485671135" visible="true" version="1" changeset="9693526" timestamp="2011-10-30T13:13:18Z" user="PlaneMad" uid="1306" lat="12.9682082" lon="77.6396301"/>
 <node id="1485671136" visible="true" version="3" changeset="162015801" timestamp="2025-02-01T15:42:12Z" user="Vonter" uid="3926189" lat="12.9682608" lon="77.6373105"/>
 <node id="1485671137" visible="true" version="2" changeset="39199457" timestamp="2016-05-09T19:35:44Z" user="PlaneMad" uid="1306" lat="12.9682728" lon="77.6374726"/>
 <node id="1485671138" visible="true" version="2" changeset="39197893" timestamp="2016-05-09T18:29:47Z" user="PlaneMad" uid="1306" lat="12.9682873" lon="77.6385227"/>
 <node id="1485671139" visible="true" version="2" changeset="33695837" timestamp="2015-08-31T06:10:41Z" user="PlaneMad" uid="1306" lat="12.9683017" lon="77.6393481"/>
 <node id="1485671142" visible="true" version="2" changeset="12656169" timestamp="2012-08-08T11:34:26Z" user="PlaneMad" uid="1306" lat="12.9689198" lon="77.6366525"/>
 <node id="1485671144" visible="true" version="1" changeset="9693526" timestamp="2011-10-30T13:13:19Z" user="PlaneMad" uid="1306" lat="12.9691466" lon="77.6367406"/>
 <node id="1485671145" visible="true" version="2" changeset="12656169" timestamp="2012-08-08T11:34:26Z" user="PlaneMad" uid="1306" lat="12.9691823" lon="77.6374754"/>
 <node id="1808798789" visible="true" version="2" changeset="144654154" timestamp="2023-12-01T09:10:37Z" user="mdtauhid" uid="19369851" lat="12.9667276" lon="77.6394369"/>
 <node id="1808798791" visible="true" version="1" changeset="12076088" timestamp="2012-07-01T13:38:24Z" user="PlaneMad" uid="1306" lat="12.9668460" lon="77.6405424"/>
 <node id="1808798793" visible="true" version="1" changeset="12076088" timestamp="2012-07-01T13:38:24Z" user="PlaneMad" uid="1306" lat="12.9669655" lon="77.6405813"/>
 <node id="1808798794" visible="true" version="1" changeset="12076088" timestamp="2012-07-01T13:38:24Z" user="PlaneMad" uid="1306" lat="12.9670801" lon="77.6406187"/>
 <node id="1808798795" visible="true" version="2" changeset="15735651" timestamp="2013-04-15T10:55:14Z" user="PlaneMad" uid="1306" lat="12.9670838" lon="77.6401616"/>
 <node id="1808798796" visible="true" version="2" changeset="144654154" timestamp="2023-12-01T09:10:37Z" user="mdtauhid" uid="19369851" lat="12.9670528" lon="77.6396023"/>
 <node id="1857028750" visible="true" version="3" changeset="152529756" timestamp="2024-06-11T08:10:25Z" user="user_14062769" uid="14062769" lat="12.9683415" lon="77.6388850">
  <tag k="brand" v="HOPCOMS"/>
  <tag k="brand:wikidata" v="Q22908959"/>
  <tag k="name" v="HOPCOMS"/>
  <tag k="name:kn" v="ಹಾಪ್ ಕಾಮ್ಸ್"/>
  <tag k="shop" v="greengrocer"/>
 </node>
 <node id="1857028770" visible="true" version="2" changeset="170777273" timestamp="2025-08-21T12:41:37Z" user="Aniket K" uid="21905113" lat="12.9680585" lon="77.6384255">
  <tag k="addr:housenumber" v="3362"/>
  <tag k="addr:street" v="8th Cross Road"/>
 </node>
 <node id="1857028914" visible="true" version="3" changeset="170777273" timestamp="2025-08-21T12:39:32Z" user="Aniket K" uid="21905113" lat="12.9671227" lon="77.6383340">
  <tag k="addr:housenumber" v="3682"/>
  <tag k="addr:street" v="8th Cross Road"/>
 </node>
 <node id="1857029047" visible="true" version="4" changeset="144654154" timestamp="2023-12-01T09:10:37Z" user="mdtauhid" uid="19369851" lat="12.9676045" lon="77.6390893"/>
 <node id="1857029049" visible="true" version="3" changeset="152493622" timestamp="2024-06-10T11:45:37Z" user="Vonter" uid="3926189" lat="12.9677366" lon="77.6385333"/>
 <node id="1857029051" visible="true" version="3" changeset="39197893" timestamp="2016-05-09T18:29:47Z" user="PlaneMad" uid="1306" lat="12.9681682" lon="77.6392752"/>
 <node id="1857029053" visible="true" version="1" changeset="12656169" timestamp="2012-08-08T11:34:18Z" user="PlaneMad" uid="1306" lat="12.9682142" lon="77.6392166"/>
 <node id="1857029055" visible="true" version="1" changeset="12656169" timestamp="2012-08-08T11:34:18Z" user="PlaneMad" uid="1306" lat="12.9683212" lon="77.6386161"/>
 <node id="1857029064" visible="true" version="1" changeset="12656169" timestamp="2012-08-08T11:34:18Z" user="PlaneMad" uid="1306" lat="12.9683657" lon="77.6392623"/>
 <node id="1857029066" visible="true" version="2" changeset="39197199" timestamp="2016-05-09T17:58:11Z" user="PlaneMad" uid="1306" lat="12.9686589" lon="77.6374856"/>
 <node id="1857042208" visible="true" version="1" changeset="12656326" timestamp="2012-08-08T11:49:25Z" user="PlaneMad" uid="1306" lat="12.9683642" lon="77.6397574">
  <tag k="name" v="Best Bakes"/>
  <tag k="shop" v="bakery"/>
 </node>
 <node id="2268121051" visible="true" version="1" changeset="15735651" timestamp="2013-04-15T10:54:20Z" user="PlaneMad" uid="1306" lat="12.9655428" lon="77.6400648"/>
 <node id="2268121052" visible="true" version="1" changeset="15735651" timestamp="2013-04-15T10:54:20Z" user="PlaneMad" uid="1306" lat="12.9655683" lon="77.6408605"/>
 <node id="2268121060" visible="true" version="1" changeset="15735651" timestamp="2013-04-15T10:54:21Z" user="PlaneMad" uid="1306" lat="12.9660609" lon="77.6402093"/>
 <node id="2268121061" visible="true" version="2" changeset="39199457" timestamp="2016-05-09T19:35:44Z" user="PlaneMad" uid="1306" lat="12.9662052" lon="77.6411302"/>
 <node id="2268121062" visible="true" version="2" changeset="39199457" timestamp="2016-05-09T19:35:44Z" user="PlaneMad" uid="1306" lat="12.9662105" lon="77.6409520"/>
 <node id="2268121064" visible="true" version="1" changeset="15735651" timestamp="2013-04-15T10:54:21Z" user="PlaneMad" uid="1306" lat="12.9662501" lon="77.6394200"/>
 <node id="2268121065" visible="true" version="3" changeset="39199457" timestamp="2016-05-09T19:35:45Z" user="PlaneMad" uid="1306" lat="12.9665233" lon="77.6409078"/>
 <node id="2268121066" visible="true" version="1" changeset="15735651" timestamp="2013-04-15T10:54:22Z" user="PlaneMad" uid="1306" lat="12.9664905" lon="77.6395341"/>
 <node id="2268121071" visible="true" version="1" changeset="15735651" timestamp="2013-04-15T10:54:22Z" user="PlaneMad" uid="1306" lat="12.9666152" lon="77.6390285"/>
 <node id="2268121072" visible="true" version="1" changeset="15735651" timestamp="2013-04-15T10:54:22Z" user="PlaneMad" uid="1306" lat="12.9667645" lon="77.6391220"/>
 <node id="2268121075" visible="true" version="1" changeset="15735651" timestamp="2013-04-15T10:54:22Z" user="PlaneMad" uid="1306" lat="12.9668792" lon="77.6388059"/>
 <node id="2268121082" visible="true" version="2" changeset="114299483" timestamp="2021-11-27T16:08:23Z" user="Vonter" uid="3926189" lat="12.9671654" lon="77.6390376"/>
 <node id="2268121089" visible="true" version="2" changeset="33695837" timestamp="2015-08-31T06:10:41Z" user="PlaneMad" uid="1306" lat="12.9674857" lon="77.6398954"/>
 <node id="2268121090" visible="true" version="2" changeset="152493622" timestamp="2024-06-10T11:45:37Z" user="Vonter" uid="3926189" lat="12.9674553" lon="77.6385541"/>
 <node id="2268121091" visible="true" version="2" changeset="33695837" timestamp="2015-08-31T06:10:41Z" user="PlaneMad" uid="1306" lat="12.9674916" lon="77.6397479"/>
 <node id="2268121092" visible="true" version="3" changeset="39199457" timestamp="2016-05-09T19:35:45Z" user="PlaneMad" uid="1306" lat="12.9675720" lon="77.6410458"/>
 <node id="2268121093" visible="true" version="2" changeset="33695837" timestamp="2015-08-31T06:10:41Z" user="PlaneMad" uid="1306" lat="12.9675518" lon="77.6398982"/>
 <node id="2268121094" visible="true" version="2" changeset="33695837" timestamp="2015-08-31T06:10:41Z" user="PlaneMad" uid="1306" lat="12.9675577" lon="77.6397507"/>
 <node id="2268121096" visible="true" version="3" changeset="152493622" timestamp="2024-06-10T11:45:37Z" user="Vonter" uid="3926189" lat="12.9677112" lon="77.6385668"/>
 <node id="2268121097" visible="true" version="2" changeset="39199457" timestamp="2016-05-09T19:35:45Z" user="PlaneMad" uid="1306" lat="12.9677301" lon="77.6401941"/>
 <node id="2268121102" visible="true" version="2" changeset="39199457" timestamp="2016-05-09T19:35:45Z" user="PlaneMad" uid="1306" lat="12.9680464" lon="77.6402418"/>
 <node id="3198701806" visible="true" version="1" changeset="26930541" timestamp="2014-11-21T15:04:47Z" user="deobald" uid="1443681" lat="12.9682888" lon="77.6402026"/>
 <node id="3198701807" visible="true" version="1" changeset="26930541" timestamp="2014-11-21T15:04:47Z" user="deobald" uid="1443681" lat="12.9682657" lon="77.6403725"/>
 <node id="3198701808" visible="true" version="2" changeset="158956663" timestamp="2024-11-10T06:45:28Z" user="Vonter" uid="3926189" lat="12.9685151" lon="77.6403636"/>
 <node id="3198701809" visible="true" version="3" changeset="161808727" timestamp="2025-01-27T08:58:19Z" user="nagz02" uid="22306380" lat="12.9684624" lon="77.6402429"/>
 <node id="3198701810" visible="true" version="2" changeset="161808727" timestamp="2025-01-27T08:58:19Z" user="nagz02" uid="22306380" lat="12.9684658" lon="77.6403202"/>
 <node id="3198701811" visible="true" version="2" changeset="161808727" timestamp="2025-01-27T08:58:19Z" user="nagz02" uid="22306380" lat="12.9683231" lon="77.6403268"/>
 <node id="3198701812" visible="true" version="2" changeset="161808727" timestamp="2025-01-27T08:58:19Z" user="nagz02" uid="22306380" lat="12.9683197" lon="77.6402494"/>
 <node id="3280223481" visible="true" version="5" changeset="160754584" timestamp="2024-12-29T15:11:52Z" user="Vonter" uid="3926189" lat="12.9671468" lon="77.6412417">
  <tag k="amenity" v="pub"/>
  <tag k="contact:instagram" v="senditbob"/>
  <tag k="delivery" v="yes"/>
  <tag k="name" v="Bob's Bar"/>
  <tag k="outdoor_seating" v="yes"/>
  <tag k="takeaway" v="yes"/>
  <tag k="toilets" v="yes"/>
 </node>
 <node id="3353647554" visible="true" version="7" changeset="130727331" timestamp="2022-12-31T16:19:52Z" user="Vonter" uid="3926189" lat="12.9689115" lon="77.6411545">
  <tag k="disused:amenity" v="bar"/>
  <tag k="name" v="Highnote &amp; Bflat"/>
  <tag k="name:kn" v="ಹೈ ನೋಟ್ ಅಂಡ್ ಬಿ ಫ್ಲಾಟ್"/>
  <tag k="wheelchair" v="no"/>
 </node>
 <node id="3529705821" visible="true" version="1" changeset="31304697" timestamp="2015-05-20T05:51:59Z" user="vamshiN" uid="2907738" lat="12.9666365" lon="77.6390012"/>
 <node id="3529705829" visible="true" version="1" changeset="31304697" timestamp="2015-05-20T05:52:00Z" user="vamshiN" uid="2907738" lat="12.9666475" lon="77.6388163"/>
 <node id="3529705846" visible="true" version="1" changeset="31304697" timestamp="2015-05-20T05:52:00Z" user="vamshiN" uid="2907738" lat="12.9666733" lon="77.6387731"/>
 <node id="3529705854" visible="true" version="1" changeset="31304697" timestamp="2015-05-20T05:52:00Z" user="vamshiN" uid="2907738" lat="12.9666805" lon="77.6389039"/>
 <node id="3529705865" visible="true" version="1" changeset="31304697" timestamp="2015-05-20T05:52:00Z" user="vamshiN" uid="2907738" lat="12.9666931" lon="77.6387682"/>
 <node id="3529705870" visible="true" version="3" changeset="174361446" timestamp="2025-11-08T06:57:14Z" user="Vonter" uid="3926189" lat="12.9666924" lon="77.6376405"/>
 <node id="3529705875" visible="true" version="2" changeset="31980611" timestamp="2015-06-15T10:35:45Z" user="Srikanth07" uid="2897104" lat="12.9667341" lon="77.6386603"/>
 <node id="3529705880" visible="true" version="1" changeset="31304697" timestamp="2015-05-20T05:52:01Z" user="vamshiN" uid="2907738" lat="12.9667142" lon="77.6387384"/>
 <node id="3529705891" visible="true" version="2" changeset="31980611" timestamp="2015-06-15T10:35:45Z" user="Srikanth07" uid="2897104" lat="12.9667592" lon="77.6385121"/>
 <node id="3529705997" visible="true" version="3" changeset="174361446" timestamp="2025-11-08T06:57:14Z" user="Vonter" uid="3926189" lat="12.9667135" lon="77.6375373"/>
 <node id="3529705998" visible="true" version="1" changeset="31304697" timestamp="2015-05-20T05:52:01Z" user="vamshiN" uid="2907738" lat="12.9667379" lon="77.6388733"/>
 <node id="3529706011" visible="true" version="1" changeset="31304697" timestamp="2015-05-20T05:52:01Z" user="vamshiN" uid="2907738" lat="12.9667496" lon="77.6390550"/>
 <node id="3529706014" visible="true" version="1" changeset="31304697" timestamp="2015-05-20T05:52:01Z" user="vamshiN" uid="2907738" lat="12.9667513" lon="77.6388115"/>
 <node id="3529706017" visible="true" version="1" changeset="31304697" timestamp="2015-05-20T05:52:01Z" user="vamshiN" uid="2907738" lat="12.9667581" lon="77.6389097"/>
 <node id="3529706021" visible="true" version="1" changeset="31304697" timestamp="2015-05-20T05:52:01Z" user="vamshiN" uid="2907738" lat="12.9667638" lon="77.6388300"/>
 <node id="3529706026" visible="true" version="1" changeset="31304697" timestamp="2015-05-20T05:52:01Z" user="vamshiN" uid="2907738" lat="12.9667723" lon="77.6387817"/>
 <node id="3529706030" visible="true" version="3" changeset="174361446" timestamp="2025-11-08T06:57:14Z" user="Vonter" uid="3926189" lat="12.9667543" lon="77.6378716"/>
 <node id="3529706034" visible="true" version="2" changeset="31980611" timestamp="2015-06-15T10:35:46Z" user="Srikanth07" uid="2897104" lat="12.9668115" lon="77.6385511"/>
 <node id="3529706035" visible="true" version="2" changeset="31980611" timestamp="2015-06-15T10:35:46Z" user="Srikanth07" uid="2897104" lat="12.9668153" lon="77.6384330"/>
 <node id="3529706039" visible="true" version="1" changeset="31304697" timestamp="2015-05-20T05:52:01Z" user="vamshiN" uid="2907738" lat="12.9667936" lon="77.6389577"/>
 <node id="3529706040" visible="true" version="1" changeset="31304697" timestamp="2015-05-20T05:52:01Z" user="vamshiN" uid="2907738" lat="12.9667946" lon="77.6389292"/>
 <node id="3529706041" visible="true" version="3" changeset="174361446" timestamp="2025-11-08T06:57:14Z" user="Vonter" uid="3926189" lat="12.9667917" lon="77.6375541"/>
 <node id="3529706046" visible="true" version="3" changeset="174361446" timestamp="2025-11-08T06:57:14Z" user="Vonter" uid="3926189" lat="12.9667778" lon="77.6377578"/>
 <node id="3529706048" visible="true" version="1" changeset="31304697" timestamp="2015-05-20T05:52:02Z" user="vamshiN" uid="2907738" lat="12.9668013" lon="77.6388243"/>
 <node id="3529706066" visible="true" version="3" changeset="174361446" timestamp="2025-11-08T06:57:14Z" user="Vonter" uid="3926189" lat="12.9668299" lon="77.6378880"/>
 <node id="3529706070" visible="true" version="1" changeset="31304697" timestamp="2015-05-20T05:52:02Z" user="vamshiN" uid="2907738" lat="12.9668378" lon="77.6388437"/>
 <node id="3529706074" visible="true" version="2" changeset="31980611" timestamp="2015-06-15T10:35:46Z" user="Srikanth07" uid="2897104" lat="12.9668675" lon="77.6384720"/>
 <node id="3529706077" visible="true" version="3" changeset="174361446" timestamp="2025-11-08T06:57:14Z" user="Vonter" uid="3926189" lat="12.9668534" lon="77.6377742"/>
 <node id="3529706080" visible="true" version="2" changeset="31980611" timestamp="2015-06-15T10:35:46Z" user="Srikanth07" uid="2897104" lat="12.9668804" lon="77.6384538"/>
 <node id="3529706087" visible="true" version="2" changeset="31980611" timestamp="2015-06-15T10:35:46Z" user="Srikanth07" uid="2897104" lat="12.9668930" lon="77.6387788"/>
 <node id="3529706092" visible="true" version="2" changeset="174361446" timestamp="2025-11-08T06:57:14Z" user="Vonter" uid="3926189" lat="12.9668612" lon="77.6376726"/>
 <node id="3529706200" visible="true" version="2" changeset="31980611" timestamp="2015-06-15T10:35:46Z" user="Srikanth07" uid="2897104" lat="12.9669066" lon="77.6388151"/>
 <node id="3529706202" visible="true" version="2" changeset="174361446" timestamp="2025-11-08T06:57:14Z" user="Vonter" uid="3926189" lat="12.9668826" lon="77.6375676"/>
 <node id="3529706234" visible="true" version="2" changeset="174361446" timestamp="2025-11-08T06:57:14Z" user="Vonter" uid="3926189" lat="12.9669284" lon="77.6376871"/>
 <node id="3529706242" visible="true" version="2" changeset="174361446" timestamp="2025-11-08T06:57:14Z" user="Vonter" uid="3926189" lat="12.9669499" lon="77.6375821"/>
 <node id="3529706250" visible="true" version="3" changeset="174361446" timestamp="2025-11-08T06:57:14Z" user="Vonter" uid="3926189" lat="12.9669394" lon="77.6376877"/>
 <node id="3529706251" visible="true" version="3" changeset="174361446" timestamp="2025-11-08T06:57:14Z" user="Vonter" uid="3926189" lat="12.9669616" lon="77.6375792"/>
 <node id="3529706275" visible="true" version="2" changeset="31980611" timestamp="2015-06-15T10:35:46Z" user="Srikanth07" uid="2897104" lat="12.9670392" lon="77.6385723"/>
 <node id="3529706285" visible="true" version="3" changeset="174361446" timestamp="2025-11-08T06:57:14Z" user="Vonter" uid="3926189" lat="12.9670099" lon="77.6377029"/>
 <node id="3529706288" visible="true" version="3" changeset="174361446" timestamp="2025-11-08T06:57:14Z" user="Vonter" uid="3926189" lat="12.9670321" lon="77.6375943"/>
 <node id="3529706396" visible="true" version="2" changeset="31980611" timestamp="2015-06-15T10:35:46Z" user="Srikanth07" uid="2897104" lat="12.9670619" lon="77.6389361"/>
 <node id="3529706400" visible="true" version="2" changeset="31980611" timestamp="2015-06-15T10:35:46Z" user="Srikanth07" uid="2897104" lat="12.9670691" lon="77.6385957"/>
 <node id="3529706401" visible="true" version="2" changeset="174361446" timestamp="2025-11-08T06:57:14Z" user="Vonter" uid="3926189" lat="12.9670376" lon="77.6375963"/>
 <node id="3529706430" visible="true" version="2" changeset="174361446" timestamp="2025-11-08T06:57:14Z" user="Vonter" uid="3926189" lat="12.9670957" lon="77.6377161"/>
 <node id="3529706438" visible="true" version="2" changeset="174361446" timestamp="2025-11-08T06:57:14Z" user="Vonter" uid="3926189" lat="12.9671167" lon="77.6376134"/>
 <node id="3529706439" visible="true" version="3" changeset="174361446" timestamp="2025-11-08T06:57:14Z" user="Vonter" uid="3926189" lat="12.9671010" lon="77.6377239"/>
 <node id="3529706443" visible="true" version="3" changeset="174361446" timestamp="2025-11-08T06:57:14Z" user="Vonter" uid="3926189" lat="12.9671245" lon="77.6376092"/>
 <node id="3529706482" visible="true" version="3" changeset="174361446" timestamp="2025-11-08T06:57:14Z" user="Vonter" uid="3926189" lat="12.9671784" lon="77.6377406"/>
 <node id="3529706490" visible="true" version="3" changeset="174361446" timestamp="2025-11-08T06:57:14Z" user="Vonter" uid="3926189" lat="12.9672018" lon="77.6376258"/>
 <node id="3529706593" visible="true" version="2" changeset="31980611" timestamp="2015-06-15T10:35:46Z" user="Srikanth07" uid="2897104" lat="12.9672244" lon="77.6387167"/>
 <node id="3529706621" visible="true" version="3" changeset="152493622" timestamp="2024-06-10T11:45:37Z" user="Vonter" uid="3926189" lat="12.9672554" lon="77.6389006"/>
 <node id="3529706654" visible="true" version="3" changeset="152493622" timestamp="2024-06-10T11:45:37Z" user="Vonter" uid="3926189" lat="12.9673363" lon="77.6387444"/>
 <node id="3529706794" visible="true" version="1" changeset="31304697" timestamp="2015-05-20T05:52:09Z" user="vamshiN" uid="2907738" lat="12.9673809" lon="77.6387132"/>
 <node id="3529706803" visible="true" version="1" changeset="31304697" timestamp="2015-05-20T05:52:09Z" user="vamshiN" uid="2907738" lat="12.9674150" lon="77.6386446"/>
 <node id="3529706805" visible="true" version="2" changeset="152493622" timestamp="2024-06-10T11:45:37Z" user="Vonter" uid="3926189" lat="12.9675588" lon="77.6390659"/>
 <node id="3529706809" visible="true" version="1" changeset="31304697" timestamp="2015-05-20T05:52:09Z" user="vamshiN" uid="2907738" lat="12.9674381" lon="77.6387432"/>
 <node id="3529706811" visible="true" version="1" changeset="31304697" timestamp="2015-05-20T05:52:09Z" user="vamshiN" uid="2907738" lat="12.9674650" lon="77.6387380"/>
 <node id="3529706816" visible="true" version="2" changeset="152493622" timestamp="2024-06-10T11:45:37Z" user="Vonter" uid="3926189" lat="12.9676397" lon="77.6389097"/>
 <node id="3529706817" visible="true" version="1" changeset="31304697" timestamp="2015-05-20T05:52:09Z" user="vamshiN" uid="2907738" lat="12.9674723" lon="77.6386746"/>
 <node id="3529706828" visible="true" version="1" changeset="31304697" timestamp="2015-05-20T05:52:09Z" user="vamshiN" uid="2907738" lat="12.9675047" lon="77.6387720"/>
 <node id="3529706830" visible="true" version="1" changeset="31304697" timestamp="2015-05-20T05:52:09Z" user="vamshiN" uid="2907738" lat="12.9675203" lon="77.6386701"/>
 <node id="3529706841" visible="true" version="1" changeset="31304697" timestamp="2015-05-20T05:52:09Z" user="vamshiN" uid="2907738" lat="12.9675600" lon="77.6387042"/>
 <node id="3529707050" visible="true" version="2" changeset="162015801" timestamp="2025-02-01T15:42:12Z" user="Vonter" uid="3926189" lat="12.9679854" lon="77.6382983"/>
 <node id="3529707055" visible="true" version="2" changeset="162015801" timestamp="2025-02-01T15:42:12Z" user="Vonter" uid="3926189" lat="12.9679934" lon="77.6383987"/>
 <node id="3529707058" visible="true" version="1" changeset="31304697" timestamp="2015-05-20T05:52:11Z" user="vamshiN" uid="2907738" lat="12.9679911" lon="77.6384099"/>
 <node id="3529707061" visible="true" version="1" changeset="31304697" timestamp="2015-05-20T05:52:12Z" user="vamshiN" uid="2907738" lat="12.9679977" lon="77.6384945"/>
 <node id="3529707238" visible="true" version="2" changeset="162015801" timestamp="2025-02-01T15:42:12Z" user="Vonter" uid="3926189" lat="12.9681361" lon="77.6382857"/>
 <node id="3529707243" visible="true" version="2" changeset="162015801" timestamp="2025-02-01T15:42:12Z" user="Vonter" uid="3926189" lat="12.9681441" lon="77.6383861"/>
 <node id="3529707258" visible="true" version="1" changeset="31304697" timestamp="2015-05-20T05:52:13Z" user="vamshiN" uid="2907738" lat="12.9681442" lon="77.6383972"/>
 <node id="3529707265" visible="true" version="1" changeset="31304697" timestamp="2015-05-20T05:52:14Z" user="vamshiN" uid="2907738" lat="12.9681509" lon="77.6382806"/>
 <node id="3529707266" visible="true" version="1" changeset="31304697" timestamp="2015-05-20T05:52:14Z" user="vamshiN" uid="2907738" lat="12.9681509" lon="77.6384819"/>
 <node id="3529707272" visible="true" version="1" changeset="31304697" timestamp="2015-05-20T05:52:14Z" user="vamshiN" uid="2907738" lat="12.9681575" lon="77.6383763"/>
 <node id="3529707275" visible="true" version="1" changeset="31304697" timestamp="2015-05-20T05:52:14Z" user="vamshiN" uid="2907738" lat="12.9681705" lon="77.6383934"/>
 <node id="3529707279" visible="true" version="1" changeset="31304697" timestamp="2015-05-20T05:52:14Z" user="vamshiN" uid="2907738" lat="12.9681761" lon="77.6384805"/>
 <node id="3529707292" visible="true" version="1" changeset="31304697" timestamp="2015-05-20T05:52:14Z" user="vamshiN" uid="2907738" lat="12.9682071" lon="77.6383574"/>
 <node id="3529707395" visible="true" version="1" changeset="31304697" timestamp="2015-05-20T05:52:14Z" user="vamshiN" uid="2907738" lat="12.9682082" lon="77.6383726"/>
 <node id="3529707412" visible="true" version="1" changeset="31304697" timestamp="2015-05-20T05:52:15Z" user="vamshiN" uid="2907738" lat="12.9682512" lon="77.6383542"/>
 <node id="3529707416" visible="true" version="1" changeset="31304697" timestamp="2015-05-20T05:52:15Z" user="vamshiN" uid="2907738" lat="12.9682523" lon="77.6383694"/>
 <node id="3529707434" visible="true" version="1" changeset="31304697" timestamp="2015-05-20T05:52:15Z" user="vamshiN" uid="2907738" lat="12.9682895" lon="77.6382706"/>
 <node id="3529707437" visible="true" version="1" changeset="31304697" timestamp="2015-05-20T05:52:15Z" user="vamshiN" uid="2907738" lat="12.9682949" lon="77.6383849"/>
 <node id="3529707438" visible="true" version="1" changeset="31304697" timestamp="2015-05-20T05:52:15Z" user="vamshiN" uid="2907738" lat="12.9682961" lon="77.6383663"/>
 <node id="3529707442" visible="true" version="1" changeset="31304697" timestamp="2015-05-20T05:52:15Z" user="vamshiN" uid="2907738" lat="12.9683005" lon="77.6384721"/>
 <node id="3529708220" visible="true" version="3" changeset="154065223" timestamp="2024-07-17T16:05:44Z" user="Vonter" uid="3926189" lat="12.9693219" lon="77.6381023"/>
 <node id="3529708225" visible="true" version="3" changeset="154065223" timestamp="2024-07-17T16:05:44Z" user="Vonter" uid="3926189" lat="12.9693303" lon="77.6382285"/>
 <node id="3529708226" visible="true" version="4" changeset="158956663" timestamp="2024-11-10T06:45:28Z" user="Vonter" uid="3926189" lat="12.9693237" lon="77.6382537"/>
 <node id="3529708231" visible="true" version="4" changeset="158956663" timestamp="2024-11-10T06:45:28Z" user="Vonter" uid="3926189" lat="12.9693326" lon="77.6384202"/>
 <node id="3529708242" visible="true" version="3" changeset="154065223" timestamp="2024-07-17T16:05:44Z" user="Vonter" uid="3926189" lat="12.9694122" lon="77.6380960"/>
 <node id="3529708246" visible="true" version="3" changeset="154065223" timestamp="2024-07-17T16:05:44Z" user="Vonter" uid="3926189" lat="12.9694206" lon="77.6382222"/>
 <node id="3529708249" visible="true" version="3" changeset="158956663" timestamp="2024-11-10T06:45:28Z" user="Vonter" uid="3926189" lat="12.9693581" lon="77.6387568"/>
 <node id="3529708250" visible="true" version="3" changeset="158956663" timestamp="2024-11-10T06:45:28Z" user="Vonter" uid="3926189" lat="12.9693528" lon="77.6386588"/>
 <node id="3529708251" visible="true" version="3" changeset="158956663" timestamp="2024-11-10T06:45:28Z" user="Vonter" uid="3926189" lat="12.9693457" lon="77.6385197"/>
 <node id="3529708253" visible="true" version="3" changeset="158956663" timestamp="2024-11-10T06:45:28Z" user="Vonter" uid="3926189" lat="12.9693525" lon="77.6386471"/>
 <node id="3529708265" visible="true" version="4" changeset="158956663" timestamp="2024-11-10T06:45:28Z" user="Vonter" uid="3926189" lat="12.9694342" lon="77.6382475"/>
 <node id="3529708266" visible="true" version="3" changeset="158956663" timestamp="2024-11-10T06:45:28Z" user="Vonter" uid="3926189" lat="12.9694342" lon="77.6385147"/>
 <node id="3529708267" visible="true" version="3" changeset="158956663" timestamp="2024-11-10T06:45:28Z" user="Vonter" uid="3926189" lat="12.9694410" lon="77.6386422"/>
 <node id="3529708268" visible="true" version="4" changeset="158956663" timestamp="2024-11-10T06:45:28Z" user="Vonter" uid="3926189" lat="12.9694431" lon="77.6384139"/>
 <node id="3529708269" visible="true" version="3" changeset="158956663" timestamp="2024-11-10T06:45:28Z" user="Vonter" uid="3926189" lat="12.9694571" lon="77.6387512"/>
 <node id="3529708272" visible="true" version="3" changeset="158956663" timestamp="2024-11-10T06:45:28Z" user="Vonter" uid="3926189" lat="12.9694519" lon="77.6386532"/>
 <node id="3529708300" visible="true" version="3" changeset="154065223" timestamp="2024-07-17T16:05:44Z" user="Vonter" uid="3926189" lat="12.9695238" lon="77.6376930"/>
 <node id="3529708301" visible="true" version="3" changeset="154065223" timestamp="2024-07-17T16:05:44Z" user="Vonter" uid="3926189" lat="12.9695258" lon="77.6377672"/>
 <node id="3529708327" visible="true" version="3" changeset="154065223" timestamp="2024-07-17T16:05:44Z" user="Vonter" uid="3926189" lat="12.9696743" lon="77.6376889"/>
 <node id="3529708328" visible="true" version="3" changeset="154065223" timestamp="2024-07-17T16:05:44Z" user="Vonter" uid="3926189" lat="12.9696762" lon="77.6377632"/>
 <node id="3530395201" visible="true" version="2" changeset="152493622" timestamp="2024-06-10T11:45:37Z" user="Vonter" uid="3926189" lat="12.9680221" lon="77.6410321"/>
 <node id="3530395202" visible="true" version="2" changeset="152493622" timestamp="2024-06-10T11:45:37Z" user="Vonter" uid="3926189" lat="12.9680261" lon="77.6412444"/>
 <node id="3530395205" visible="true" version="2" changeset="152493622" timestamp="2024-06-10T11:45:37Z" user="Vonter" uid="3926189" lat="12.9681479" lon="77.6410296"/>
 <node id="3530395206" visible="true" version="2" changeset="152493622" timestamp="2024-06-10T11:45:37Z" user="Vonter" uid="3926189" lat="12.9681519" lon="77.6412419"/>
 <node id="3530395207" visible="true" version="2" changeset="152493622" timestamp="2024-06-10T11:45:37Z" user="Vonter" uid="3926189" lat="12.9681764" lon="77.6410259"/>
 <node id="3530395208" visible="true" version="2" changeset="152493622" timestamp="2024-06-10T11:45:37Z" user="Vonter" uid="3926189" lat="12.9681840" lon="77.6412267"/>
 <node id="3530395209" visible="true" version="2" changeset="152493622" timestamp="2024-06-10T11:45:37Z" user="Vonter" uid="3926189" lat="12.9683061" lon="77.6410207"/>
 <node id="3530395210" visible="true" version="2" changeset="152493622" timestamp="2024-06-10T11:45:37Z" user="Vonter" uid="3926189" lat="12.9683137" lon="77.6412216"/>
 <node id="3530395211" visible="true" version="3" changeset="152493622" timestamp="2024-06-10T11:45:37Z" user="Vonter" uid="3926189" lat="12.9683365" lon="77.6410109"/>
 <node id="3530395212" visible="true" version="3" changeset="152493622" timestamp="2024-06-10T11:45:37Z" user="Vonter" uid="3926189" lat="12.9683440" lon="77.6412236"/>
 <node id="3530395213" visible="true" version="3" changeset="152493622" timestamp="2024-06-10T11:45:37Z" user="Vonter" uid="3926189" lat="12.9684956" lon="77.6410050"/>
 <node id="3530395214" visible="true" version="3" changeset="152493622" timestamp="2024-06-10T11:45:37Z" user="Vonter" uid="3926189" lat="12.9685031" lon="77.6412177"/>
 <node id="3530395217" visible="true" version="3" changeset="130654244" timestamp="2022-12-29T16:40:32Z" user="Vonter" uid="3926189" lat="12.9686432" lon="77.6409918"/>
 <node id="3530395220" visible="true" version="3" changeset="130654244" timestamp="2022-12-29T16:40:32Z" user="Vonter" uid="3926189" lat="12.9686538" lon="77.6411718"/>
 <node id="3530395221" visible="true" version="3" changeset="130654244" timestamp="2022-12-29T16:40:32Z" user="Vonter" uid="3926189" lat="12.9687712" lon="77.6409839"/>
 <node id="3530395222" visible="true" version="3" changeset="130654244" timestamp="2022-12-29T16:40:32Z" user="Vonter" uid="3926189" lat="12.9687818" lon="77.6411639"/>
 <node id="3530395223" visible="true" version="4" changeset="153153345" timestamp="2024-06-25T11:46:01Z" user="Vonter" uid="3926189" lat="12.9687907" lon="77.6409855"/>
 <node id="3530395224" visible="true" version="4" changeset="153153345" timestamp="2024-06-25T11:46:01Z" user="Vonter" uid="3926189" lat="12.9687994" lon="77.6411996"/>
 <node id="3530395225" visible="true" version="4" changeset="153153345" timestamp="2024-06-25T11:46:01Z" user="Vonter" uid="3926189" lat="12.9689311" lon="77.6409794"/>
 <node id="3530395226" visible="true" version="4" changeset="153153345" timestamp="2024-06-25T11:46:01Z" user="Vonter" uid="3926189" lat="12.9689398" lon="77.6411935"/>
 <node id="3530395227" visible="true" version="3" changeset="153153345" timestamp="2024-06-25T11:46:01Z" user="Vonter" uid="3926189" lat="12.9689551" lon="77.6409846"/>
 <node id="3530395228" visible="true" version="3" changeset="153153345" timestamp="2024-06-25T11:46:01Z" user="Vonter" uid="3926189" lat="12.9689631" lon="77.6411592"/>
 <node id="3530395229" visible="true" version="3" changeset="153153345" timestamp="2024-06-25T11:46:01Z" user="Vonter" uid="3926189" lat="12.9690936" lon="77.6409780"/>
 <node id="3530395230" visible="true" version="3" changeset="153153345" timestamp="2024-06-25T11:46:01Z" user="Vonter" uid="3926189" lat="12.9691016" lon="77.6411525"/>
 <node id="3530395231" visible="true" version="3" changeset="153153345" timestamp="2024-06-25T11:46:01Z" user="Vonter" uid="3926189" lat="12.9691333" lon="77.6409765"/>
 <node id="3530395232" visible="true" version="3" changeset="153153345" timestamp="2024-06-25T11:46:01Z" user="Vonter" uid="3926189" lat="12.9691433" lon="77.6411814"/>
 <node id="3530395233" visible="true" version="3" changeset="153153345" timestamp="2024-06-25T11:46:01Z" user="Vonter" uid="3926189" lat="12.9692568" lon="77.6409702"/>
 <node id="3530395234" visible="true" version="3" changeset="153153345" timestamp="2024-06-25T11:46:01Z" user="Vonter" uid="3926189" lat="12.9692668" lon="77.6411751"/>
 <node id="3530395235" visible="true" version="3" changeset="153153345" timestamp="2024-06-25T11:46:01Z" user="Vonter" uid="3926189" lat="12.9692797" lon="77.6409706"/>
 <node id="3530395236" visible="true" version="3" changeset="153153345" timestamp="2024-06-25T11:46:01Z" user="Vonter" uid="3926189" lat="12.9692905" lon="77.6411870"/>
 <node id="3530395237" visible="true" version="3" changeset="153153345" timestamp="2024-06-25T11:46:01Z" user="Vonter" uid="3926189" lat="12.9694212" lon="77.6409632"/>
 <node id="3530395238" visible="true" version="3" changeset="153153345" timestamp="2024-06-25T11:46:01Z" user="Vonter" uid="3926189" lat="12.9694320" lon="77.6411796"/>
 <node id="3530395239" visible="true" version="3" changeset="153153345" timestamp="2024-06-25T11:46:01Z" user="Vonter" uid="3926189" lat="12.9694829" lon="77.6409521"/>
 <node id="3530395240" visible="true" version="3" changeset="153153345" timestamp="2024-06-25T11:46:01Z" user="Vonter" uid="3926189" lat="12.9694935" lon="77.6411318"/>
 <node id="3530395241" visible="true" version="3" changeset="153153345" timestamp="2024-06-25T11:46:01Z" user="Vonter" uid="3926189" lat="12.9695940" lon="77.6409452"/>
 <node id="3530395242" visible="true" version="3" changeset="153153345" timestamp="2024-06-25T11:46:01Z" user="Vonter" uid="3926189" lat="12.9696047" lon="77.6411248"/>
 <node id="3530437514" visible="true" version="2" changeset="144654154" timestamp="2023-12-01T09:10:37Z" user="mdtauhid" uid="19369851" lat="12.9673860" lon="77.6390150"/>
 <node id="3532729011" visible="true" version="1" changeset="31336774" timestamp="2015-05-21T08:14:36Z" user="PlaneMad" uid="1306" lat="12.9696168" lon="77.6401720"/>
 <node id="3535005602" visible="true" version="2" changeset="142050344" timestamp="2023-10-02T17:42:39Z" user="uknown-gryphus" uid="2425805" lat="12.9692654" lon="77.6388975"/>
 <node id="3535005606" visible="true" version="2" changeset="142050344" timestamp="2023-10-02T17:42:39Z" user="uknown-gryphus" uid="2425805" lat="12.9692743" lon="77.6390505"/>
 <node id="3535005634" visible="true" version="2" changeset="142050344" timestamp="2023-10-02T17:42:39Z" user="uknown-gryphus" uid="2425805" lat="12.9693478" lon="77.6388925"/>
 <node id="3535005636" visible="true" version="2" changeset="142050344" timestamp="2023-10-02T17:42:39Z" user="uknown-gryphus" uid="2425805" lat="12.9693567" lon="77.6390455"/>
 <node id="3535005647" visible="true" version="3" changeset="154065223" timestamp="2024-07-17T16:05:44Z" user="Vonter" uid="3926189" lat="12.9693726" lon="77.6388941"/>
 <node id="3535005652" visible="true" version="3" changeset="154065223" timestamp="2024-07-17T16:05:44Z" user="Vonter" uid="3926189" lat="12.9693771" lon="77.6390313"/>
 <node id="3535005793" visible="true" version="3" changeset="154065223" timestamp="2024-07-17T16:05:44Z" user="Vonter" uid="3926189" lat="12.9694543" lon="77.6388914"/>
 <node id="3535005797" visible="true" version="3" changeset="154065223" timestamp="2024-07-17T16:05:44Z" user="Vonter" uid="3926189" lat="12.9694587" lon="77.6390285"/>
 <node id="3535852288" visible="true" version="3" changeset="155606303" timestamp="2024-08-22T13:30:03Z" user="Vonter" uid="3926189" lat="12.9677143" lon="77.6407061"/>
 <node id="3535852289" visible="true" version="3" changeset="155606303" timestamp="2024-08-22T13:30:03Z" user="Vonter" uid="3926189" lat="12.9677248" lon="77.6406182"/>
 <node id="3535852290" visible="true" version="3" changeset="155606303" timestamp="2024-08-22T13:30:03Z" user="Vonter" uid="3926189" lat="12.9677671" lon="77.6404954"/>
 <node id="3535852291" visible="true" version="3" changeset="155606303" timestamp="2024-08-22T13:30:03Z" user="Vonter" uid="3926189" lat="12.9677905" lon="77.6402984"/>
 <node id="3535852292" visible="true" version="3" changeset="155606303" timestamp="2024-08-22T13:30:03Z" user="Vonter" uid="3926189" lat="12.9678698" lon="77.6407256"/>
 <node id="3535852493" visible="true" version="3" changeset="155606303" timestamp="2024-08-22T13:30:03Z" user="Vonter" uid="3926189" lat="12.9678803" lon="77.6406377"/>
 <node id="3535852494" visible="true" version="3" changeset="155606303" timestamp="2024-08-22T13:30:03Z" user="Vonter" uid="3926189" lat="12.9679350" lon="77.6405164"/>
 <node id="3535852495" visible="true" version="3" changeset="155606303" timestamp="2024-08-22T13:30:03Z" user="Vonter" uid="3926189" lat="12.9679584" lon="77.6403195"/>
 <node id="3535852496" visible="true" version="1" changeset="31369363" timestamp="2015-05-22T11:54:22Z" user="shalinins" uid="2901502" lat="12.9680579" lon="77.6404484"/>
 <node id="3535852497" visible="true" version="2" changeset="158956663" timestamp="2024-11-10T06:45:28Z" user="Vonter" uid="3926189" lat="12.9680188" lon="77.6404258"/>
 <node id="3535852498" visible="true" version="1" changeset="31369363" timestamp="2015-05-22T11:54:22Z" user="shalinins" uid="2901502" lat="12.9680627" lon="77.6405362"/>
 <node id="3535852500" visible="true" version="2" changeset="158956663" timestamp="2024-11-10T06:45:28Z" user="Vonter" uid="3926189" lat="12.9680307" lon="77.6403282"/>
 <node id="3535852502" visible="true" version="1" changeset="31369363" timestamp="2015-05-22T11:54:22Z" user="shalinins" uid="2901502" lat="12.9681122" lon="77.6404452"/>
 <node id="3535852503" visible="true" version="1" changeset="31369363" timestamp="2015-05-22T11:54:22Z" user="shalinins" uid="2901502" lat="12.9681170" lon="77.6405331"/>
 <node id="3535852504" visible="true" version="2" changeset="158956663" timestamp="2024-11-10T06:45:28Z" user="Vonter" uid="3926189" lat="12.9681001" lon="77.6404362"/>
 <node id="3535852505" visible="true" version="2" changeset="158956663" timestamp="2024-11-10T06:45:28Z" user="Vonter" uid="3926189" lat="12.9681120" lon="77.6403386"/>
 <node id="3535852506" visible="true" version="2" changeset="158956663" timestamp="2024-11-10T06:45:28Z" user="Vonter" uid="3926189" lat="12.9681156" lon="77.6403545"/>
 <node id="3535852507" visible="true" version="2" changeset="158956663" timestamp="2024-11-10T06:45:28Z" user="Vonter" uid="3926189" lat="12.9681054" lon="77.6404376"/>
 <node id="3535852509" visible="true" version="1" changeset="31369363" timestamp="2015-05-22T11:54:22Z" user="shalinins" uid="2901502" lat="12.9681652" lon="77.6401684"/>
 <node id="3535852511" visible="true" version="1" changeset="31369363" timestamp="2015-05-22T11:54:22Z" user="shalinins" uid="2901502" lat="12.9681783" lon="77.6401079"/>
 <node id="3535852512" visible="true" version="1" changeset="31369363" timestamp="2015-05-22T11:54:22Z" user="shalinins" uid="2901502" lat="12.9681800" lon="77.6400938"/>
 <node id="3535852513" visible="true" version="1" changeset="31369363" timestamp="2015-05-22T11:54:22Z" user="shalinins" uid="2901502" lat="12.9681841" lon="77.6400220"/>
 <node id="3535852514" visible="true" version="1" changeset="31369363" timestamp="2015-05-22T11:54:22Z" user="shalinins" uid="2901502" lat="12.9681924" lon="77.6400535"/>
 <node id="3535852516" visible="true" version="2" changeset="158956663" timestamp="2024-11-10T06:45:28Z" user="Vonter" uid="3926189" lat="12.9681851" lon="77.6403634"/>
 <node id="3535852518" visible="true" version="2" changeset="158956663" timestamp="2024-11-10T06:45:28Z" user="Vonter" uid="3926189" lat="12.9681750" lon="77.6404466"/>
 <node id="3535852519" visible="true" version="1" changeset="31369363" timestamp="2015-05-22T11:54:22Z" user="shalinins" uid="2901502" lat="12.9682161" lon="77.6399340"/>
 <node id="3535852520" visible="true" version="1" changeset="31369363" timestamp="2015-05-22T11:54:22Z" user="shalinins" uid="2901502" lat="12.9682168" lon="77.6401801"/>
 <node id="3535852521" visible="true" version="2" changeset="158956663" timestamp="2024-11-10T06:45:28Z" user="Vonter" uid="3926189" lat="12.9681850" lon="77.6403927"/>
 <node id="3535852522" visible="true" version="1" changeset="31369363" timestamp="2015-05-22T11:54:22Z" user="shalinins" uid="2901502" lat="12.9682299" lon="77.6401197"/>
 <node id="3535852524" visible="true" version="2" changeset="158956663" timestamp="2024-11-10T06:45:28Z" user="Vonter" uid="3926189" lat="12.9681873" lon="77.6405438"/>
 <node id="3535852525" visible="true" version="1" changeset="31369363" timestamp="2015-05-22T11:54:22Z" user="shalinins" uid="2901502" lat="12.9682371" lon="77.6401122"/>
 <node id="3535852526" visible="true" version="1" changeset="31369363" timestamp="2015-05-22T11:54:22Z" user="shalinins" uid="2901502" lat="12.9682435" lon="77.6401491"/>
 <node id="3535852527" visible="true" version="1" changeset="31369363" timestamp="2015-05-22T11:54:22Z" user="shalinins" uid="2901502" lat="12.9682444" lon="77.6400451"/>
 <node id="3535852528" visible="true" version="1" changeset="31369363" timestamp="2015-05-22T11:54:22Z" user="shalinins" uid="2901502" lat="12.9682495" lon="77.6400720"/>
 <node id="3535852530" visible="true" version="1" changeset="31369363" timestamp="2015-05-22T11:54:22Z" user="shalinins" uid="2901502" lat="12.9682533" lon="77.6398506"/>
 <node id="3535852531" visible="true" version="1" changeset="31369363" timestamp="2015-05-22T11:54:22Z" user="shalinins" uid="2901502" lat="12.9682646" lon="77.6400671"/>
 <node id="3535852532" visible="true" version="1" changeset="31369363" timestamp="2015-05-22T11:54:22Z" user="shalinins" uid="2901502" lat="12.9682764" lon="77.6399571"/>
 <node id="3535852534" visible="true" version="1" changeset="31369363" timestamp="2015-05-22T11:54:22Z" user="shalinins" uid="2901502" lat="12.9682846" lon="77.6397708"/>
 <node id="3535852536" visible="true" version="1" changeset="31369363" timestamp="2015-05-22T11:54:22Z" user="shalinins" uid="2901502" lat="12.9682930" lon="77.6400584"/>
 <node id="3535852537" visible="true" version="1" changeset="31369363" timestamp="2015-05-22T11:54:22Z" user="shalinins" uid="2901502" lat="12.9682979" lon="77.6397629"/>
 <node id="3535852539" visible="true" version="2" changeset="158956663" timestamp="2024-11-10T06:45:28Z" user="Vonter" uid="3926189" lat="12.9682966" lon="77.6403909"/>
 <node id="3535852540" visible="true" version="2" changeset="158956663" timestamp="2024-11-10T06:45:28Z" user="Vonter" uid="3926189" lat="12.9682989" lon="77.6405420"/>
 <node id="3535852541" visible="true" version="1" changeset="31369363" timestamp="2015-05-22T11:54:23Z" user="shalinins" uid="2901502" lat="12.9683075" lon="77.6400025"/>
 <node id="3535852542" visible="true" version="1" changeset="31369363" timestamp="2015-05-22T11:54:23Z" user="shalinins" uid="2901502" lat="12.9683084" lon="77.6401667"/>
 <node id="3535852545" visible="true" version="1" changeset="31369363" timestamp="2015-05-22T11:54:23Z" user="shalinins" uid="2901502" lat="12.9683295" lon="77.6400846"/>
 <node id="3535852546" visible="true" version="1" changeset="31369363" timestamp="2015-05-22T11:54:23Z" user="shalinins" uid="2901502" lat="12.9683296" lon="77.6396462"/>
 <node id="3535852547" visible="true" version="2" changeset="158956663" timestamp="2024-11-10T06:45:28Z" user="Vonter" uid="3926189" lat="12.9683102" lon="77.6403845"/>
 <node id="3535852548" visible="true" version="1" changeset="31369363" timestamp="2015-05-22T11:54:23Z" user="shalinins" uid="2901502" lat="12.9683357" lon="77.6396584"/>
 <node id="3535852550" visible="true" version="2" changeset="158956663" timestamp="2024-11-10T06:45:28Z" user="Vonter" uid="3926189" lat="12.9683126" lon="77.6405415"/>
 <node id="3535852551" visible="true" version="1" changeset="31369363" timestamp="2015-05-22T11:54:23Z" user="shalinins" uid="2901502" lat="12.9683405" lon="77.6395917"/>
 <node id="3535852552" visible="true" version="1" changeset="31369363" timestamp="2015-05-22T11:54:23Z" user="shalinins" uid="2901502" lat="12.9683614" lon="77.6398952"/>
 <node id="3535852554" visible="true" version="1" changeset="31369363" timestamp="2015-05-22T11:54:23Z" user="shalinins" uid="2901502" lat="12.9683723" lon="77.6400802"/>
 <node id="3535852556" visible="true" version="1" changeset="31369363" timestamp="2015-05-22T11:54:23Z" user="shalinins" uid="2901502" lat="12.9683847" lon="77.6397960"/>
 <node id="3535852557" visible="true" version="1" changeset="31369363" timestamp="2015-05-22T11:54:23Z" user="shalinins" uid="2901502" lat="12.9683869" lon="77.6400242"/>
 <node id="3535852558" visible="true" version="1" changeset="31369363" timestamp="2015-05-22T11:54:23Z" user="shalinins" uid="2901502" lat="12.9683927" lon="77.6398154"/>
 <node id="3535852559" visible="true" version="1" changeset="31369363" timestamp="2015-05-22T11:54:23Z" user="shalinins" uid="2901502" lat="12.9683978" lon="77.6400432"/>
 <node id="3535852560" visible="true" version="1" changeset="31369363" timestamp="2015-05-22T11:54:23Z" user="shalinins" uid="2901502" lat="12.9684000" lon="77.6401492"/>
 <node id="3535852561" visible="true" version="4" changeset="166952877" timestamp="2025-05-30T05:43:28Z" user="Bala1991" uid="18673267" lat="12.9683562" lon="77.6405466"/>
 <node id="3535852562" visible="true" version="3" changeset="158956663" timestamp="2024-11-10T06:45:28Z" user="Vonter" uid="3926189" lat="12.9683586" lon="77.6406994"/>
 <node id="3535852563" visible="true" version="1" changeset="31369363" timestamp="2015-05-22T11:54:23Z" user="shalinins" uid="2901502" lat="12.9684174" lon="77.6396647"/>
 <node id="3535852564" visible="true" version="3" changeset="158956663" timestamp="2024-11-10T06:45:28Z" user="Vonter" uid="3926189" lat="12.9683926" lon="77.6403832"/>
 <node id="3535852565" visible="true" version="1" changeset="31369363" timestamp="2015-05-22T11:54:23Z" user="shalinins" uid="2901502" lat="12.9684225" lon="77.6396915"/>
 <node id="3535852566" visible="true" version="3" changeset="158956663" timestamp="2024-11-10T06:45:28Z" user="Vonter" uid="3926189" lat="12.9683950" lon="77.6405401"/>
 <node id="3535852567" visible="true" version="1" changeset="31369363" timestamp="2015-05-22T11:54:23Z" user="shalinins" uid="2901502" lat="12.9684283" lon="77.6396102"/>
 <node id="3535852568" visible="true" version="1" changeset="31369363" timestamp="2015-05-22T11:54:23Z" user="shalinins" uid="2901502" lat="12.9684494" lon="77.6400421"/>
 <node id="3535852569" visible="true" version="1" changeset="31369363" timestamp="2015-05-22T11:54:23Z" user="shalinins" uid="2901502" lat="12.9684516" lon="77.6401480"/>
 <node id="3535852570" visible="true" version="1" changeset="31369363" timestamp="2015-05-22T11:54:23Z" user="shalinins" uid="2901502" lat="12.9684760" lon="77.6391203"/>
 <node id="3535852571" visible="true" version="1" changeset="31369363" timestamp="2015-05-22T11:54:23Z" user="shalinins" uid="2901502" lat="12.9684833" lon="77.6392533"/>
 <node id="3535852572" visible="true" version="3" changeset="153153237" timestamp="2024-06-25T11:43:24Z" user="Vonter" uid="3926189" lat="12.9685069" lon="77.6394250"/>
 <node id="3535852573" visible="true" version="3" changeset="153153237" timestamp="2024-06-25T11:43:24Z" user="Vonter" uid="3926189" lat="12.9685119" lon="77.6395724"/>
 <node id="3535852574" visible="true" version="3" changeset="158956663" timestamp="2024-11-10T06:45:28Z" user="Vonter" uid="3926189" lat="12.9684619" lon="77.6405388"/>
 <node id="3535852575" visible="true" version="3" changeset="158956663" timestamp="2024-11-10T06:45:28Z" user="Vonter" uid="3926189" lat="12.9684643" lon="77.6406977"/>
 <node id="3535852576" visible="true" version="2" changeset="153153237" timestamp="2024-06-25T11:43:24Z" user="Vonter" uid="3926189" lat="12.9685269" lon="77.6396010"/>
 <node id="3535852577" visible="true" version="2" changeset="153153237" timestamp="2024-06-25T11:43:24Z" user="Vonter" uid="3926189" lat="12.9685344" lon="77.6397398"/>
 <node id="3535852580" visible="true" version="1" changeset="31369363" timestamp="2015-05-22T11:54:23Z" user="shalinins" uid="2901502" lat="12.9685696" lon="77.6398853"/>
 <node id="3535852581" visible="true" version="1" changeset="31369363" timestamp="2015-05-22T11:54:23Z" user="shalinins" uid="2901502" lat="12.9685773" lon="77.6400247"/>
 <node id="3535852582" visible="true" version="1" changeset="31369363" timestamp="2015-05-22T11:54:23Z" user="shalinins" uid="2901502" lat="12.9685784" lon="77.6400382"/>
 <node id="3535852583" visible="true" version="1" changeset="31369363" timestamp="2015-05-22T11:54:23Z" user="shalinins" uid="2901502" lat="12.9685840" lon="77.6391141"/>
 <node id="3535852584" visible="true" version="1" changeset="31369363" timestamp="2015-05-22T11:54:23Z" user="shalinins" uid="2901502" lat="12.9685863" lon="77.6401841"/>
 <node id="3535852585" visible="true" version="1" changeset="31369363" timestamp="2015-05-22T11:54:23Z" user="shalinins" uid="2901502" lat="12.9685913" lon="77.6392471"/>
 <node id="3535852586" visible="true" version="2" changeset="31998178" timestamp="2015-06-16T05:45:29Z" user="Srikanth07" uid="2897104" lat="12.9685935" lon="77.6403186"/>
 <node id="3535852587" visible="true" version="3" changeset="153153237" timestamp="2024-06-25T11:43:24Z" user="Vonter" uid="3926189" lat="12.9686058" lon="77.6394215"/>
 <node id="3535852588" visible="true" version="3" changeset="153153237" timestamp="2024-06-25T11:43:24Z" user="Vonter" uid="3926189" lat="12.9686108" lon="77.6395689"/>
 <node id="3535852589" visible="true" version="2" changeset="31998178" timestamp="2015-06-16T05:45:29Z" user="Srikanth07" uid="2897104" lat="12.9686012" lon="77.6404604"/>
 <node id="3535852590" visible="true" version="1" changeset="31369363" timestamp="2015-05-22T11:54:24Z" user="shalinins" uid="2901502" lat="12.9686020" lon="77.6405130"/>
 <node id="3535852591" visible="true" version="1" changeset="31369363" timestamp="2015-05-22T11:54:24Z" user="shalinins" uid="2901502" lat="12.9686093" lon="77.6406466"/>
 <node id="3535852592" visible="true" version="1" changeset="31369363" timestamp="2015-05-22T11:54:24Z" user="shalinins" uid="2901502" lat="12.9686269" lon="77.6391047"/>
 <node id="3535852693" visible="true" version="2" changeset="153153237" timestamp="2024-06-25T11:43:24Z" user="Vonter" uid="3926189" lat="12.9686180" lon="77.6395958"/>
 <node id="3535852694" visible="true" version="1" changeset="31369363" timestamp="2015-05-22T11:54:24Z" user="shalinins" uid="2901502" lat="12.9686344" lon="77.6392417"/>
 <node id="3535852695" visible="true" version="2" changeset="153153237" timestamp="2024-06-25T11:43:24Z" user="Vonter" uid="3926189" lat="12.9686256" lon="77.6397345"/>
 <node id="3535852698" visible="true" version="2" changeset="153153237" timestamp="2024-06-25T11:43:24Z" user="Vonter" uid="3926189" lat="12.9686252" lon="77.6394313"/>
 <node id="3535852699" visible="true" version="2" changeset="153153237" timestamp="2024-06-25T11:43:24Z" user="Vonter" uid="3926189" lat="12.9686307" lon="77.6395571"/>
 <node id="3535852700" visible="true" version="2" changeset="153153237" timestamp="2024-06-25T11:43:24Z" user="Vonter" uid="3926189" lat="12.9686348" lon="77.6395670"/>
 <node id="3535852701" visible="true" version="1" changeset="31369363" timestamp="2015-05-22T11:54:24Z" user="shalinins" uid="2901502" lat="12.9686627" lon="77.6400334"/>
 <node id="3535852702" visible="true" version="2" changeset="153153237" timestamp="2024-06-25T11:43:24Z" user="Vonter" uid="3926189" lat="12.9686411" lon="77.6397388"/>
 <node id="3535852703" visible="true" version="1" changeset="31369363" timestamp="2015-05-22T11:54:24Z" user="shalinins" uid="2901502" lat="12.9686707" lon="77.6401792"/>
 <node id="3535852704" visible="true" version="1" changeset="31369363" timestamp="2015-05-22T11:54:24Z" user="shalinins" uid="2901502" lat="12.9686711" lon="77.6398795"/>
 <node id="3535852705" visible="true" version="1" changeset="31369363" timestamp="2015-05-22T11:54:24Z" user="shalinins" uid="2901502" lat="12.9686787" lon="77.6400188"/>
 <node id="3535852706" visible="true" version="1" changeset="31369363" timestamp="2015-05-22T11:54:24Z" user="shalinins" uid="2901502" lat="12.9686816" lon="77.6398629"/>
 <node id="3535852707" visible="true" version="2" changeset="31998178" timestamp="2015-06-16T05:45:29Z" user="Srikanth07" uid="2897104" lat="12.9686908" lon="77.6403131"/>
 <node id="3535852708" visible="true" version="1" changeset="31369363" timestamp="2015-05-22T11:54:24Z" user="shalinins" uid="2901502" lat="12.9686901" lon="77.6400185"/>
 <node id="3535852709" visible="true" version="2" changeset="31998178" timestamp="2015-06-16T05:45:29Z" user="Srikanth07" uid="2897104" lat="12.9686985" lon="77.6404548"/>
 <node id="3535852710" visible="true" version="1" changeset="31369363" timestamp="2015-05-22T11:54:24Z" user="shalinins" uid="2901502" lat="12.9686988" lon="77.6405074"/>
 <node id="3535852711" visible="true" version="1" changeset="31369363" timestamp="2015-05-22T11:54:24Z" user="shalinins" uid="2901502" lat="12.9687005" lon="77.6400591"/>
 <node id="3535852712" visible="true" version="1" changeset="31369363" timestamp="2015-05-22T11:54:24Z" user="shalinins" uid="2901502" lat="12.9687032" lon="77.6391004"/>
 <node id="3535852713" visible="true" version="2" changeset="153153237" timestamp="2024-06-25T11:43:24Z" user="Vonter" uid="3926189" lat="12.9687137" lon="77.6394272"/>
 <node id="3535852714" visible="true" version="1" changeset="31369363" timestamp="2015-05-22T11:54:24Z" user="shalinins" uid="2901502" lat="12.9687061" lon="77.6406411"/>
 <node id="3535852715" visible="true" version="1" changeset="31369363" timestamp="2015-05-22T11:54:24Z" user="shalinins" uid="2901502" lat="12.9687075" lon="77.6401874"/>
 <node id="3535852716" visible="true" version="1" changeset="31369363" timestamp="2015-05-22T11:54:24Z" user="shalinins" uid="2901502" lat="12.9687107" lon="77.6392373"/>
 <node id="3535852717" visible="true" version="2" changeset="153153237" timestamp="2024-06-25T11:43:24Z" user="Vonter" uid="3926189" lat="12.9687193" lon="77.6395530"/>
 <node id="3535852718" visible="true" version="1" changeset="31369363" timestamp="2015-05-22T11:54:24Z" user="shalinins" uid="2901502" lat="12.9687198" lon="77.6403151"/>
 <node id="3535852719" visible="true" version="1" changeset="31369363" timestamp="2015-05-22T11:54:24Z" user="shalinins" uid="2901502" lat="12.9687276" lon="77.6390832"/>
 <node id="3535852720" visible="true" version="1" changeset="31369363" timestamp="2015-05-22T11:54:24Z" user="shalinins" uid="2901502" lat="12.9687276" lon="77.6404568"/>
 <node id="3535852721" visible="true" version="1" changeset="31369363" timestamp="2015-05-22T11:54:24Z" user="shalinins" uid="2901502" lat="12.9687341" lon="77.6392016"/>
 <node id="3535852722" visible="true" version="1" changeset="31369363" timestamp="2015-05-22T11:54:24Z" user="shalinins" uid="2901502" lat="12.9687360" lon="77.6405066"/>
 <node id="3535852723" visible="true" version="1" changeset="31369363" timestamp="2015-05-22T11:54:24Z" user="shalinins" uid="2901502" lat="12.9687440" lon="77.6406530"/>
 <node id="3535852724" visible="true" version="2" changeset="153153237" timestamp="2024-06-25T11:43:24Z" user="Vonter" uid="3926189" lat="12.9687391" lon="77.6395629"/>
 <node id="3535852725" visible="true" version="2" changeset="153153237" timestamp="2024-06-25T11:43:24Z" user="Vonter" uid="3926189" lat="12.9687365" lon="77.6394119"/>
 <node id="3535852726" visible="true" version="2" changeset="153153237" timestamp="2024-06-25T11:43:24Z" user="Vonter" uid="3926189" lat="12.9687454" lon="77.6397347"/>
 <node id="3535852727" visible="true" version="2" changeset="153153237" timestamp="2024-06-25T11:43:24Z" user="Vonter" uid="3926189" lat="12.9687451" lon="77.6395401"/>
 <node id="3535852728" visible="true" version="1" changeset="31369363" timestamp="2015-05-22T11:54:24Z" user="shalinins" uid="2901502" lat="12.9687661" lon="77.6398581"/>
 <node id="3535852729" visible="true" version="1" changeset="31369363" timestamp="2015-05-22T11:54:24Z" user="shalinins" uid="2901502" lat="12.9687746" lon="77.6400136"/>
 <node id="3535852730" visible="true" version="1" changeset="31369363" timestamp="2015-05-22T11:54:24Z" user="shalinins" uid="2901502" lat="12.9687778" lon="77.6400547"/>
 <node id="3535852731" visible="true" version="1" changeset="31369363" timestamp="2015-05-22T11:54:24Z" user="shalinins" uid="2901502" lat="12.9687837" lon="77.6398424"/>
 <node id="3535852732" visible="true" version="2" changeset="153153237" timestamp="2024-06-25T11:43:24Z" user="Vonter" uid="3926189" lat="12.9687482" lon="77.6395645"/>
 <node id="3535852733" visible="true" version="1" changeset="31369363" timestamp="2015-05-22T11:54:24Z" user="shalinins" uid="2901502" lat="12.9687848" lon="77.6401829"/>
 <node id="3535852734" visible="true" version="2" changeset="153153237" timestamp="2024-06-25T11:43:24Z" user="Vonter" uid="3926189" lat="12.9687558" lon="77.6397033"/>
 <node id="3535852735" visible="true" version="1" changeset="31369363" timestamp="2015-05-22T11:54:24Z" user="shalinins" uid="2901502" lat="12.9687933" lon="77.6400176"/>
 <node id="3535852736" visible="true" version="1" changeset="31369363" timestamp="2015-05-22T11:54:25Z" user="shalinins" uid="2901502" lat="12.9687982" lon="77.6400626"/>
 <node id="3535852737" visible="true" version="1" changeset="31369363" timestamp="2015-05-22T11:54:25Z" user="shalinins" uid="2901502" lat="12.9688048" lon="77.6401833"/>
 <node id="3535852738" visible="true" version="1" changeset="31369363" timestamp="2015-05-22T11:54:25Z" user="shalinins" uid="2901502" lat="12.9688057" lon="77.6403101"/>
 <node id="3535852739" visible="true" version="1" changeset="31369363" timestamp="2015-05-22T11:54:25Z" user="shalinins" uid="2901502" lat="12.9688134" lon="77.6404518"/>
 <node id="3535852740" visible="true" version="1" changeset="31369363" timestamp="2015-05-22T11:54:25Z" user="shalinins" uid="2901502" lat="12.9688153" lon="77.6390782"/>
 <node id="3535852741" visible="true" version="1" changeset="31369363" timestamp="2015-05-22T11:54:25Z" user="shalinins" uid="2901502" lat="12.9688209" lon="77.6403047"/>
 <node id="3535852742" visible="true" version="1" changeset="31369363" timestamp="2015-05-22T11:54:25Z" user="shalinins" uid="2901502" lat="12.9688218" lon="77.6391966"/>
 <node id="3535852743" visible="true" version="2" changeset="153153237" timestamp="2024-06-25T11:43:24Z" user="Vonter" uid="3926189" lat="12.9688256" lon="77.6394056"/>
 <node id="3535852744" visible="true" version="1" changeset="31369363" timestamp="2015-05-22T11:54:25Z" user="shalinins" uid="2901502" lat="12.9688283" lon="77.6404409"/>
 <node id="3535852745" visible="true" version="1" changeset="31369363" timestamp="2015-05-22T11:54:25Z" user="shalinins" uid="2901502" lat="12.9688324" lon="77.6405011"/>
 <node id="3535852746" visible="true" version="2" changeset="153153237" timestamp="2024-06-25T11:43:24Z" user="Vonter" uid="3926189" lat="12.9688342" lon="77.6395338"/>
 <node id="3535852747" visible="true" version="1" changeset="31369363" timestamp="2015-05-22T11:54:25Z" user="shalinins" uid="2901502" lat="12.9688404" lon="77.6406474"/>
 <node id="3535852748" visible="true" version="2" changeset="142050344" timestamp="2023-10-02T17:42:39Z" user="uknown-gryphus" uid="2425805" lat="12.9688273" lon="77.6390975"/>
 <node id="3535852749" visible="true" version="3" changeset="153153237" timestamp="2024-06-25T11:43:24Z" user="Vonter" uid="3926189" lat="12.9688439" lon="77.6393937"/>
 <node id="3535852750" visible="true" version="2" changeset="142050344" timestamp="2023-10-02T17:42:39Z" user="uknown-gryphus" uid="2425805" lat="12.9688353" lon="77.6392456"/>
 <node id="3535852751" visible="true" version="3" changeset="153153237" timestamp="2024-06-25T11:43:24Z" user="Vonter" uid="3926189" lat="12.9688511" lon="77.6395455"/>
 <node id="3535852752" visible="true" version="1" changeset="31369363" timestamp="2015-05-22T11:54:25Z" user="shalinins" uid="2901502" lat="12.9688682" lon="77.6404818"/>
 <node id="3535852753" visible="true" version="2" changeset="153153237" timestamp="2024-06-25T11:43:24Z" user="Vonter" uid="3926189" lat="12.9688386" lon="77.6395593"/>
 <node id="3535852754" visible="true" version="1" changeset="31369363" timestamp="2015-05-22T11:54:25Z" user="shalinins" uid="2901502" lat="12.9688766" lon="77.6406361"/>
 <node id="3535852755" visible="true" version="2" changeset="153153237" timestamp="2024-06-25T11:43:24Z" user="Vonter" uid="3926189" lat="12.9688462" lon="77.6396981"/>
 <node id="3535852756" visible="true" version="2" changeset="153153237" timestamp="2024-06-25T11:43:24Z" user="Vonter" uid="3926189" lat="12.9688547" lon="77.6395725"/>
 <node id="3535852757" visible="true" version="1" changeset="31369363" timestamp="2015-05-22T11:54:25Z" user="shalinins" uid="2901502" lat="12.9688977" lon="77.6398359"/>
 <node id="3535852758" visible="true" version="2" changeset="153153237" timestamp="2024-06-25T11:43:24Z" user="Vonter" uid="3926189" lat="12.9688619" lon="77.6397139"/>
 <node id="3535852759" visible="true" version="1" changeset="31369363" timestamp="2015-05-22T11:54:25Z" user="shalinins" uid="2901502" lat="12.9689036" lon="77.6400565"/>
 <node id="3535852760" visible="true" version="1" changeset="31369363" timestamp="2015-05-22T11:54:25Z" user="shalinins" uid="2901502" lat="12.9689073" lon="77.6400110"/>
 <node id="3535852761" visible="true" version="1" changeset="31369363" timestamp="2015-05-22T11:54:25Z" user="shalinins" uid="2901502" lat="12.9689102" lon="77.6401772"/>
 <node id="3535852762" visible="true" version="1" changeset="31369363" timestamp="2015-05-22T11:54:25Z" user="shalinins" uid="2901502" lat="12.9689104" lon="77.6398444"/>
 <node id="3535852763" visible="true" version="1" changeset="31369363" timestamp="2015-05-22T11:54:25Z" user="shalinins" uid="2901502" lat="12.9689105" lon="77.6402996"/>
 <node id="3535852764" visible="true" version="1" changeset="31369363" timestamp="2015-05-22T11:54:25Z" user="shalinins" uid="2901502" lat="12.9689180" lon="77.6404358"/>
 <node id="3535852765" visible="true" version="1" changeset="31369363" timestamp="2015-05-22T11:54:25Z" user="shalinins" uid="2901502" lat="12.9689189" lon="77.6399991"/>
 <node id="3535852766" visible="true" version="3" changeset="153153237" timestamp="2024-06-25T11:43:24Z" user="Vonter" uid="3926189" lat="12.9689424" lon="77.6393888"/>
 <node id="3535852767" visible="true" version="3" changeset="153153237" timestamp="2024-06-25T11:43:24Z" user="Vonter" uid="3926189" lat="12.9689495" lon="77.6395406"/>
 <node id="3535852768" visible="true" version="2" changeset="142050344" timestamp="2023-10-02T17:42:39Z" user="uknown-gryphus" uid="2425805" lat="12.9689238" lon="77.6390921"/>
 <node id="3535852769" visible="true" version="2" changeset="163152149" timestamp="2025-03-03T09:21:49Z" user="SB15" uid="18682850" lat="12.9689284" lon="77.6400165"/>
 <node id="3535852770" visible="true" version="1" changeset="31369363" timestamp="2015-05-22T11:54:25Z" user="shalinins" uid="2901502" lat="12.9689362" lon="77.6404779"/>
 <node id="3535852771" visible="true" version="2" changeset="142050344" timestamp="2023-10-02T17:42:39Z" user="uknown-gryphus" uid="2425805" lat="12.9689317" lon="77.6392401"/>
 <node id="3535852773" visible="true" version="2" changeset="163152149" timestamp="2025-03-03T09:21:49Z" user="SB15" uid="18682850" lat="12.9689360" lon="77.6401570"/>
 <node id="3535852774" visible="true" version="1" changeset="31369363" timestamp="2015-05-22T11:54:25Z" user="shalinins" uid="2901502" lat="12.9689447" lon="77.6406322"/>
 <node id="3535852776" visible="true" version="1" changeset="31369363" timestamp="2015-05-22T11:54:25Z" user="shalinins" uid="2901502" lat="12.9689479" lon="77.6391264"/>
 <node id="3535852777" visible="true" version="1" changeset="31369363" timestamp="2015-05-22T11:54:25Z" user="shalinins" uid="2901502" lat="12.9689514" lon="77.6404855"/>
 <node id="3535852778" visible="true" version="1" changeset="31369363" timestamp="2015-05-22T11:54:25Z" user="shalinins" uid="2901502" lat="12.9689520" lon="77.6392016"/>
 <node id="3535852779" visible="true" version="1" changeset="31369363" timestamp="2015-05-22T11:54:25Z" user="shalinins" uid="2901502" lat="12.9689589" lon="77.6406213"/>
 <node id="3535852780" visible="true" version="3" changeset="142050344" timestamp="2023-10-02T17:42:39Z" user="uknown-gryphus" uid="2425805" lat="12.9689520" lon="77.6393821"/>
 <node id="3535852781" visible="true" version="2" changeset="153153237" timestamp="2024-06-25T11:43:24Z" user="Vonter" uid="3926189" lat="12.9689380" lon="77.6395680"/>
 <node id="3535852782" visible="true" version="2" changeset="142050344" timestamp="2023-10-02T17:42:39Z" user="uknown-gryphus" uid="2425805" lat="12.9689649" lon="77.6395373"/>
 <node id="3535852783" visible="true" version="2" changeset="153153237" timestamp="2024-06-25T11:43:24Z" user="Vonter" uid="3926189" lat="12.9689452" lon="77.6397095"/>
 <node id="3535852784" visible="true" version="1" changeset="31369363" timestamp="2015-05-22T11:54:25Z" user="shalinins" uid="2901502" lat="12.9689959" lon="77.6398394"/>
 <node id="3535852785" visible="true" version="1" changeset="31369363" timestamp="2015-05-22T11:54:25Z" user="shalinins" uid="2901502" lat="12.9690044" lon="77.6399941"/>
 <node id="3535852786" visible="true" version="2" changeset="153153237" timestamp="2024-06-25T11:43:24Z" user="Vonter" uid="3926189" lat="12.9689665" lon="77.6395538"/>
 <node id="3535852787" visible="true" version="1" changeset="31369363" timestamp="2015-05-22T11:54:26Z" user="shalinins" uid="2901502" lat="12.9690073" lon="77.6398422"/>
 <node id="3535852788" visible="true" version="2" changeset="153153237" timestamp="2024-06-25T11:43:24Z" user="Vonter" uid="3926189" lat="12.9689730" lon="77.6397061"/>
 <node id="3535852789" visible="true" version="1" changeset="31369363" timestamp="2015-05-22T11:54:26Z" user="shalinins" uid="2901502" lat="12.9690156" lon="77.6399931"/>
 <node id="3535852790" visible="true" version="1" changeset="31369363" timestamp="2015-05-22T11:54:26Z" user="shalinins" uid="2901502" lat="12.9690288" lon="77.6404810"/>
 <node id="3535852792" visible="true" version="2" changeset="163152149" timestamp="2025-03-03T09:21:49Z" user="SB15" uid="18682850" lat="12.9690276" lon="77.6400108"/>
 <node id="3535852893" visible="true" version="1" changeset="31369363" timestamp="2015-05-22T11:54:26Z" user="shalinins" uid="2901502" lat="12.9690343" lon="77.6391214"/>
 <node id="3535852895" visible="true" version="1" changeset="31369363" timestamp="2015-05-22T11:54:26Z" user="shalinins" uid="2901502" lat="12.9690362" lon="77.6406169"/>
 <node id="3535852896" visible="true" version="1" changeset="31369363" timestamp="2015-05-22T11:54:26Z" user="shalinins" uid="2901502" lat="12.9690384" lon="77.6391967"/>
 <node id="3535852897" visible="true" version="2" changeset="163152149" timestamp="2025-03-03T09:21:49Z" user="SB15" uid="18682850" lat="12.9690353" lon="77.6401513"/>
 <node id="3535852898" visible="true" version="1" changeset="31369363" timestamp="2015-05-22T11:54:26Z" user="shalinins" uid="2901502" lat="12.9690453" lon="77.6400190"/>
 <node id="3535852900" visible="true" version="1" changeset="31369363" timestamp="2015-05-22T11:54:26Z" user="shalinins" uid="2901502" lat="12.9690534" lon="77.6401669"/>
 <node id="3535852901" visible="true" version="1" changeset="31369363" timestamp="2015-05-22T11:54:26Z" user="shalinins" uid="2901502" lat="12.9690538" lon="77.6404876"/>
 <node id="3535852903" visible="true" version="3" changeset="142050344" timestamp="2023-10-02T17:42:39Z" user="uknown-gryphus" uid="2425805" lat="12.9690498" lon="77.6393735"/>
 <node id="3535852904" visible="true" version="1" changeset="31369363" timestamp="2015-05-22T11:54:26Z" user="shalinins" uid="2901502" lat="12.9690617" lon="77.6406308"/>
 <node id="3535852905" visible="true" version="2" changeset="142050344" timestamp="2023-10-02T17:42:39Z" user="uknown-gryphus" uid="2425805" lat="12.9690627" lon="77.6395287"/>
 <node id="3535852906" visible="true" version="1" changeset="31369363" timestamp="2015-05-22T11:54:26Z" user="shalinins" uid="2901502" lat="12.9690669" lon="77.6391018"/>
 <node id="3535852907" visible="true" version="2" changeset="153153237" timestamp="2024-06-25T11:43:24Z" user="Vonter" uid="3926189" lat="12.9690689" lon="77.6395492"/>
 <node id="3535852908" visible="true" version="1" changeset="31369363" timestamp="2015-05-22T11:54:26Z" user="shalinins" uid="2901502" lat="12.9690743" lon="77.6392375"/>
 <node id="3535852909" visible="true" version="2" changeset="153153237" timestamp="2024-06-25T11:43:24Z" user="Vonter" uid="3926189" lat="12.9690753" lon="77.6397016"/>
 <node id="3535852910" visible="true" version="1" changeset="31369363" timestamp="2015-05-22T11:54:26Z" user="shalinins" uid="2901502" lat="12.9690831" lon="77.6394169"/>
 <node id="3535852911" visible="true" version="1" changeset="31369363" timestamp="2015-05-22T11:54:26Z" user="shalinins" uid="2901502" lat="12.9690888" lon="77.6395203"/>
 <node id="3535852912" visible="true" version="1" changeset="31369363" timestamp="2015-05-22T11:54:26Z" user="shalinins" uid="2901502" lat="12.9690941" lon="77.6398372"/>
 <node id="3535852913" visible="true" version="1" changeset="31369363" timestamp="2015-05-22T11:54:26Z" user="shalinins" uid="2901502" lat="12.9691023" lon="77.6399881"/>
 <node id="3535852914" visible="true" version="2" changeset="153153237" timestamp="2024-06-25T11:43:24Z" user="Vonter" uid="3926189" lat="12.9690833" lon="77.6395533"/>
 <node id="3535852915" visible="true" version="2" changeset="153153237" timestamp="2024-06-25T11:43:24Z" user="Vonter" uid="3926189" lat="12.9690891" lon="77.6396868"/>
 <node id="3535852916" visible="true" version="1" changeset="31369363" timestamp="2015-05-22T11:54:26Z" user="shalinins" uid="2901502" lat="12.9691166" lon="77.6398302"/>
 <node id="3535852917" visible="true" version="1" changeset="31369363" timestamp="2015-05-22T11:54:26Z" user="shalinins" uid="2901502" lat="12.9691188" lon="77.6400147"/>
 <node id="3535852918" visible="true" version="1" changeset="31369363" timestamp="2015-05-22T11:54:26Z" user="shalinins" uid="2901502" lat="12.9691239" lon="77.6399625"/>
 <node id="3535852919" visible="true" version="1" changeset="31369363" timestamp="2015-05-22T11:54:26Z" user="shalinins" uid="2901502" lat="12.9691269" lon="77.6401627"/>
 <node id="3535852921" visible="true" version="1" changeset="31369363" timestamp="2015-05-22T11:54:26Z" user="shalinins" uid="2901502" lat="12.9691328" lon="77.6400159"/>
 <node id="3535852922" visible="true" version="1" changeset="31369363" timestamp="2015-05-22T11:54:26Z" user="shalinins" uid="2901502" lat="12.9691377" lon="77.6401050"/>
 <node id="3535852924" visible="true" version="1" changeset="31369363" timestamp="2015-05-22T11:54:26Z" user="shalinins" uid="2901502" lat="12.9691463" lon="77.6390972"/>
 <node id="3535852925" visible="true" version="1" changeset="31369363" timestamp="2015-05-22T11:54:26Z" user="shalinins" uid="2901502" lat="12.9691501" lon="77.6404821"/>
 <node id="3535852926" visible="true" version="1" changeset="31369363" timestamp="2015-05-22T11:54:26Z" user="shalinins" uid="2901502" lat="12.9691535" lon="77.6394128"/>
 <node id="3535852927" visible="true" version="1" changeset="31369363" timestamp="2015-05-22T11:54:26Z" user="shalinins" uid="2901502" lat="12.9691537" lon="77.6392329"/>
 <node id="3535852928" visible="true" version="1" changeset="31369363" timestamp="2015-05-22T11:54:26Z" user="shalinins" uid="2901502" lat="12.9691579" lon="77.6406253"/>
 <node id="3535852929" visible="true" version="1" changeset="31369363" timestamp="2015-05-22T11:54:26Z" user="shalinins" uid="2901502" lat="12.9691591" lon="77.6395162"/>
 <node id="3535852930" visible="true" version="1" changeset="31369363" timestamp="2015-05-22T11:54:26Z" user="shalinins" uid="2901502" lat="12.9691654" lon="77.6403132"/>
 <node id="3535852931" visible="true" version="1" changeset="31369363" timestamp="2015-05-22T11:54:26Z" user="shalinins" uid="2901502" lat="12.9691727" lon="77.6404473"/>
 <node id="3535852932" visible="true" version="1" changeset="31369363" timestamp="2015-05-22T11:54:26Z" user="shalinins" uid="2901502" lat="12.9691736" lon="77.6393600"/>
 <node id="3535852933" visible="true" version="2" changeset="154065223" timestamp="2024-07-17T16:05:44Z" user="Vonter" uid="3926189" lat="12.9691729" lon="77.6391044"/>
 <node id="3535852934" visible="true" version="1" changeset="31369363" timestamp="2015-05-22T11:54:26Z" user="shalinins" uid="2901502" lat="12.9691773" lon="77.6404790"/>
 <node id="3535852935" visible="true" version="1" changeset="31369363" timestamp="2015-05-22T11:54:26Z" user="shalinins" uid="2901502" lat="12.9691818" lon="77.6395098"/>
 <node id="3535852936" visible="true" version="2" changeset="154065223" timestamp="2024-07-17T16:05:44Z" user="Vonter" uid="3926189" lat="12.9691776" lon="77.6392253"/>
 <node id="3535852937" visible="true" version="1" changeset="31369363" timestamp="2015-05-22T11:54:26Z" user="shalinins" uid="2901502" lat="12.9691860" lon="77.6406382"/>
 <node id="3535852938" visible="true" version="2" changeset="153153237" timestamp="2024-06-25T11:43:24Z" user="Vonter" uid="3926189" lat="12.9691734" lon="77.6395491"/>
 <node id="3535852939" visible="true" version="2" changeset="153153237" timestamp="2024-06-25T11:43:24Z" user="Vonter" uid="3926189" lat="12.9691792" lon="77.6396827"/>
 <node id="3535852940" visible="true" version="1" changeset="31369363" timestamp="2015-05-22T11:54:26Z" user="shalinins" uid="2901502" lat="12.9692016" lon="77.6398253"/>
 <node id="3535852941" visible="true" version="1" changeset="31369363" timestamp="2015-05-22T11:54:26Z" user="shalinins" uid="2901502" lat="12.9692089" lon="77.6399576"/>
 <node id="3535852942" visible="true" version="2" changeset="153153237" timestamp="2024-06-25T11:43:24Z" user="Vonter" uid="3926189" lat="12.9692151" lon="77.6395950"/>
 <node id="3535852943" visible="true" version="1" changeset="31369363" timestamp="2015-05-22T11:54:27Z" user="shalinins" uid="2901502" lat="12.9692314" lon="77.6400103"/>
 <node id="3535852944" visible="true" version="2" changeset="153153237" timestamp="2024-06-25T11:43:24Z" user="Vonter" uid="3926189" lat="12.9692184" lon="77.6396846"/>
 <node id="3535852945" visible="true" version="1" changeset="31369363" timestamp="2015-05-22T11:54:27Z" user="shalinins" uid="2901502" lat="12.9692363" lon="77.6400993"/>
 <node id="3535852946" visible="true" version="1" changeset="31369363" timestamp="2015-05-22T11:54:27Z" user="shalinins" uid="2901502" lat="12.9692494" lon="77.6400115"/>
 <node id="3535852947" visible="true" version="2" changeset="154065223" timestamp="2024-07-17T16:05:44Z" user="Vonter" uid="3926189" lat="12.9692548" lon="77.6391011"/>
 <node id="3535852948" visible="true" version="1" changeset="31369363" timestamp="2015-05-22T11:54:27Z" user="shalinins" uid="2901502" lat="12.9692531" lon="77.6393554"/>
 <node id="3535852949" visible="true" version="1" changeset="31369363" timestamp="2015-05-22T11:54:27Z" user="shalinins" uid="2901502" lat="12.9692559" lon="77.6403080"/>
 <node id="3535852950" visible="true" version="2" changeset="154065223" timestamp="2024-07-17T16:05:44Z" user="Vonter" uid="3926189" lat="12.9692596" lon="77.6392218"/>
 <node id="3535852951" visible="true" version="1" changeset="31369363" timestamp="2015-05-22T11:54:27Z" user="shalinins" uid="2901502" lat="12.9692569" lon="77.6401490"/>
 <node id="3535852952" visible="true" version="1" changeset="31369363" timestamp="2015-05-22T11:54:27Z" user="shalinins" uid="2901502" lat="12.9692612" lon="77.6395052"/>
 <node id="3535852953" visible="true" version="1" changeset="31369363" timestamp="2015-05-22T11:54:27Z" user="shalinins" uid="2901502" lat="12.9692633" lon="77.6404420"/>
 <node id="3535852954" visible="true" version="1" changeset="31369363" timestamp="2015-05-22T11:54:27Z" user="shalinins" uid="2901502" lat="12.9692671" lon="77.6402900"/>
 <node id="3535852955" visible="true" version="1" changeset="31369363" timestamp="2015-05-22T11:54:27Z" user="shalinins" uid="2901502" lat="12.9692703" lon="77.6404736"/>
 <node id="3535852956" visible="true" version="1" changeset="31369363" timestamp="2015-05-22T11:54:27Z" user="shalinins" uid="2901502" lat="12.9692745" lon="77.6404241"/>
 <node id="3535852957" visible="true" version="1" changeset="31369363" timestamp="2015-05-22T11:54:27Z" user="shalinins" uid="2901502" lat="12.9692790" lon="77.6406328"/>
 <node id="3535852958" visible="true" version="1" changeset="31369363" timestamp="2015-05-22T11:54:27Z" user="shalinins" uid="2901502" lat="12.9692838" lon="77.6390785"/>
 <node id="3535852959" visible="true" version="1" changeset="31369363" timestamp="2015-05-22T11:54:27Z" user="shalinins" uid="2901502" lat="12.9692852" lon="77.6404790"/>
 <node id="3535852960" visible="true" version="1" changeset="31369363" timestamp="2015-05-22T11:54:27Z" user="shalinins" uid="2901502" lat="12.9692923" lon="77.6392333"/>
 <node id="3535852961" visible="true" version="1" changeset="31369363" timestamp="2015-05-22T11:54:27Z" user="shalinins" uid="2901502" lat="12.9692930" lon="77.6406203"/>
 <node id="3535852962" visible="true" version="3" changeset="153153237" timestamp="2024-06-25T11:43:24Z" user="Vonter" uid="3926189" lat="12.9692882" lon="77.6393798"/>
 <node id="3535852963" visible="true" version="2" changeset="153153237" timestamp="2024-06-25T11:43:24Z" user="Vonter" uid="3926189" lat="12.9692913" lon="77.6395919"/>
 <node id="3535852964" visible="true" version="3" changeset="153153237" timestamp="2024-06-25T11:43:24Z" user="Vonter" uid="3926189" lat="12.9692930" lon="77.6395231"/>
 <node id="3535852965" visible="true" version="2" changeset="153153237" timestamp="2024-06-25T11:43:24Z" user="Vonter" uid="3926189" lat="12.9692947" lon="77.6396816"/>
 <node id="3535852966" visible="true" version="2" changeset="153153237" timestamp="2024-06-25T11:43:24Z" user="Vonter" uid="3926189" lat="12.9693057" lon="77.6395380"/>
 <node id="3535852967" visible="true" version="1" changeset="31369363" timestamp="2015-05-22T11:54:27Z" user="shalinins" uid="2901502" lat="12.9693468" lon="77.6398596"/>
 <node id="3535852968" visible="true" version="1" changeset="31369363" timestamp="2015-05-22T11:54:27Z" user="shalinins" uid="2901502" lat="12.9693485" lon="77.6400058"/>
 <node id="3535852969" visible="true" version="2" changeset="153153237" timestamp="2024-06-25T11:43:24Z" user="Vonter" uid="3926189" lat="12.9693104" lon="77.6396503"/>
 <node id="3535852970" visible="true" version="1" changeset="31369363" timestamp="2015-05-22T11:54:27Z" user="shalinins" uid="2901502" lat="12.9693528" lon="77.6399707"/>
 <node id="3535852971" visible="true" version="1" changeset="31369363" timestamp="2015-05-22T11:54:27Z" user="shalinins" uid="2901502" lat="12.9693560" lon="77.6401433"/>
 <node id="3535852972" visible="true" version="1" changeset="31369363" timestamp="2015-05-22T11:54:27Z" user="shalinins" uid="2901502" lat="12.9693567" lon="77.6402848"/>
 <node id="3535852973" visible="true" version="1" changeset="31369363" timestamp="2015-05-22T11:54:27Z" user="shalinins" uid="2901502" lat="12.9693632" lon="77.6390740"/>
 <node id="3535852974" visible="true" version="1" changeset="31369363" timestamp="2015-05-22T11:54:27Z" user="shalinins" uid="2901502" lat="12.9693640" lon="77.6404189"/>
 <node id="3535852975" visible="true" version="1" changeset="31369363" timestamp="2015-05-22T11:54:27Z" user="shalinins" uid="2901502" lat="12.9693717" lon="77.6392287"/>
 <node id="3535852976" visible="true" version="1" changeset="31369363" timestamp="2015-05-22T11:54:27Z" user="shalinins" uid="2901502" lat="12.9693772" lon="77.6400058"/>
 <node id="3535852977" visible="true" version="1" changeset="31369363" timestamp="2015-05-22T11:54:27Z" user="shalinins" uid="2901502" lat="12.9693783" lon="77.6404736"/>
 <node id="3535852978" visible="true" version="1" changeset="31369363" timestamp="2015-05-22T11:54:27Z" user="shalinins" uid="2901502" lat="12.9693826" lon="77.6402760"/>
 <node id="3535852979" visible="true" version="1" changeset="31369363" timestamp="2015-05-22T11:54:27Z" user="shalinins" uid="2901502" lat="12.9693848" lon="77.6401453"/>
 <node id="3535852980" visible="true" version="2" changeset="39197199" timestamp="2016-05-09T17:58:23Z" user="PlaneMad" uid="1306" lat="12.9693850" lon="77.6390708"/>
 <node id="3535852981" visible="true" version="1" changeset="31369363" timestamp="2015-05-22T11:54:27Z" user="shalinins" uid="2901502" lat="12.9693860" lon="77.6406149"/>
 <node id="3535852982" visible="true" version="1" changeset="31369363" timestamp="2015-05-22T11:54:27Z" user="shalinins" uid="2901502" lat="12.9693916" lon="77.6404420"/>
 <node id="3535852983" visible="true" version="2" changeset="39197199" timestamp="2016-05-09T17:58:23Z" user="PlaneMad" uid="1306" lat="12.9693938" lon="77.6392031"/>
 <node id="3535852984" visible="true" version="3" changeset="153153237" timestamp="2024-06-25T11:43:24Z" user="Vonter" uid="3926189" lat="12.9693855" lon="77.6393763"/>
 <node id="3535852985" visible="true" version="3" changeset="153153237" timestamp="2024-06-25T11:43:24Z" user="Vonter" uid="3926189" lat="12.9693903" lon="77.6395195"/>
 <node id="3535852986" visible="true" version="2" changeset="153153237" timestamp="2024-06-25T11:43:24Z" user="Vonter" uid="3926189" lat="12.9694033" lon="77.6393607"/>
 <node id="3535852987" visible="true" version="1" changeset="31369363" timestamp="2015-05-22T11:54:27Z" user="shalinins" uid="2901502" lat="12.9694071" lon="77.6404627"/>
 <node id="3535852988" visible="true" version="2" changeset="153153237" timestamp="2024-06-25T11:43:24Z" user="Vonter" uid="3926189" lat="12.9693951" lon="77.6395341"/>
 <node id="3535852989" visible="true" version="2" changeset="153153237" timestamp="2024-06-25T11:43:24Z" user="Vonter" uid="3926189" lat="12.9694093" lon="77.6395134"/>
 <node id="3535852990" visible="true" version="1" changeset="31369363" timestamp="2015-05-22T11:54:27Z" user="shalinins" uid="2901502" lat="12.9694153" lon="77.6406129"/>
 <node id="3535852991" visible="true" version="2" changeset="153153237" timestamp="2024-06-25T11:43:24Z" user="Vonter" uid="3926189" lat="12.9693998" lon="77.6396463"/>
 <node id="3535852992" visible="true" version="1" changeset="31369363" timestamp="2015-05-22T11:54:27Z" user="shalinins" uid="2901502" lat="12.9694372" lon="77.6398544"/>
 <node id="3535853093" visible="true" version="2" changeset="153153237" timestamp="2024-06-25T11:43:24Z" user="Vonter" uid="3926189" lat="12.9694064" lon="77.6395215"/>
 <node id="3535853094" visible="true" version="1" changeset="31369363" timestamp="2015-05-22T11:54:27Z" user="shalinins" uid="2901502" lat="12.9694432" lon="77.6399655"/>
 <node id="3535853095" visible="true" version="2" changeset="153153237" timestamp="2024-06-25T11:43:24Z" user="Vonter" uid="3926189" lat="12.9694104" lon="77.6396467"/>
 <node id="3535853096" visible="true" version="1" changeset="31369363" timestamp="2015-05-22T11:54:27Z" user="shalinins" uid="2901502" lat="12.9694546" lon="77.6398242"/>
 <node id="3535853097" visible="true" version="1" changeset="31369363" timestamp="2015-05-22T11:54:27Z" user="shalinins" uid="2901502" lat="12.9694561" lon="77.6400013"/>
 <node id="3535853098" visible="true" version="1" changeset="31369363" timestamp="2015-05-22T11:54:28Z" user="shalinins" uid="2901502" lat="12.9694611" lon="77.6399446"/>
 <node id="3535853099" visible="true" version="1" changeset="31369363" timestamp="2015-05-22T11:54:28Z" user="shalinins" uid="2901502" lat="12.9694637" lon="77.6401407"/>
 <node id="3535853100" visible="true" version="1" changeset="31369363" timestamp="2015-05-22T11:54:28Z" user="shalinins" uid="2901502" lat="12.9694653" lon="77.6399838"/>
 <node id="3535853101" visible="true" version="1" changeset="31369363" timestamp="2015-05-22T11:54:28Z" user="shalinins" uid="2901502" lat="12.9694677" lon="77.6402711"/>
 <node id="3535853102" visible="true" version="2" changeset="39197199" timestamp="2016-05-09T17:58:23Z" user="PlaneMad" uid="1306" lat="12.9694673" lon="77.6390651"/>
 <node id="3535853103" visible="true" version="1" changeset="31369363" timestamp="2015-05-22T11:54:28Z" user="shalinins" uid="2901502" lat="12.9694706" lon="77.6400804"/>
 <node id="3535853104" visible="true" version="2" changeset="39197199" timestamp="2016-05-09T17:58:24Z" user="PlaneMad" uid="1306" lat="12.9694761" lon="77.6391974"/>
 <node id="3535853105" visible="true" version="1" changeset="31369363" timestamp="2015-05-22T11:54:28Z" user="shalinins" uid="2901502" lat="12.9694768" lon="77.6404371"/>
 <node id="3535853106" visible="true" version="2" changeset="153153237" timestamp="2024-06-25T11:43:24Z" user="Vonter" uid="3926189" lat="12.9694866" lon="77.6393573"/>
 <node id="3535853107" visible="true" version="1" changeset="31369363" timestamp="2015-05-22T11:54:28Z" user="shalinins" uid="2901502" lat="12.9694914" lon="77.6404578"/>
 <node id="3535853108" visible="true" version="1" changeset="31369363" timestamp="2015-05-22T11:54:28Z" user="shalinins" uid="2901502" lat="12.9694941" lon="77.6402750"/>
 <node id="3535853109" visible="true" version="2" changeset="153153237" timestamp="2024-06-25T11:43:24Z" user="Vonter" uid="3926189" lat="12.9694925" lon="77.6395100"/>
 <node id="3535853110" visible="true" version="1" changeset="31369363" timestamp="2015-05-22T11:54:28Z" user="shalinins" uid="2901502" lat="12.9694996" lon="77.6406080"/>
 <node id="3535853111" visible="true" version="1" changeset="31369363" timestamp="2015-05-22T11:54:28Z" user="shalinins" uid="2901502" lat="12.9695027" lon="77.6404314"/>
 <node id="3535853112" visible="true" version="1" changeset="31369363" timestamp="2015-05-22T11:54:28Z" user="shalinins" uid="2901502" lat="12.9695068" lon="77.6404602"/>
 <node id="3535853113" visible="true" version="1" changeset="31369363" timestamp="2015-05-22T11:54:28Z" user="shalinins" uid="2901502" lat="12.9695150" lon="77.6406108"/>
 <node id="3535853114" visible="true" version="2" changeset="153153237" timestamp="2024-06-25T11:43:24Z" user="Vonter" uid="3926189" lat="12.9695203" lon="77.6395178"/>
 <node id="3535853115" visible="true" version="1" changeset="31369363" timestamp="2015-05-22T11:54:28Z" user="shalinins" uid="2901502" lat="12.9695396" lon="77.6398193"/>
 <node id="3535853116" visible="true" version="2" changeset="153153237" timestamp="2024-06-25T11:43:24Z" user="Vonter" uid="3926189" lat="12.9695242" lon="77.6396429"/>
 <node id="3535853117" visible="true" version="1" changeset="31369363" timestamp="2015-05-22T11:54:28Z" user="shalinins" uid="2901502" lat="12.9695462" lon="77.6399397"/>
 <node id="3535853118" visible="true" version="1" changeset="31369363" timestamp="2015-05-22T11:54:28Z" user="shalinins" uid="2901502" lat="12.9695636" lon="77.6399782"/>
 <node id="3535853119" visible="true" version="1" changeset="31369363" timestamp="2015-05-22T11:54:28Z" user="shalinins" uid="2901502" lat="12.9695689" lon="77.6400747"/>
 <node id="3535853120" visible="true" version="1" changeset="31369363" timestamp="2015-05-22T11:54:28Z" user="shalinins" uid="2901502" lat="12.9695993" lon="77.6402690"/>
 <node id="3535853121" visible="true" version="1" changeset="31369363" timestamp="2015-05-22T11:54:28Z" user="shalinins" uid="2901502" lat="12.9696034" lon="77.6404546"/>
 <node id="3535853122" visible="true" version="1" changeset="31369363" timestamp="2015-05-22T11:54:28Z" user="shalinins" uid="2901502" lat="12.9696078" lon="77.6404254"/>
 <node id="3535853123" visible="true" version="1" changeset="31369363" timestamp="2015-05-22T11:54:28Z" user="shalinins" uid="2901502" lat="12.9696116" lon="77.6406052"/>
 <node id="3545930611" visible="true" version="3" changeset="33747120" timestamp="2015-09-02T09:41:10Z" user="aarthy" uid="2985232" lat="12.9667172" lon="77.6412866"/>
 <node id="3545930612" visible="true" version="3" changeset="33747120" timestamp="2015-09-02T09:41:10Z" user="aarthy" uid="2985232" lat="12.9667913" lon="77.6410404"/>
 <node id="3545930615" visible="true" version="3" changeset="33747120" timestamp="2015-09-02T09:41:10Z" user="aarthy" uid="2985232" lat="12.9668338" lon="77.6413344"/>
 <node id="3545930620" visible="true" version="3" changeset="33747120" timestamp="2015-09-02T09:41:10Z" user="aarthy" uid="2985232" lat="12.9669108" lon="77.6410783"/>
 <node id="3545930625" visible="true" version="3" changeset="33747120" timestamp="2015-09-02T09:41:10Z" user="aarthy" uid="2985232" lat="12.9669730" lon="77.6413091"/>
 <node id="3545930628" visible="true" version="3" changeset="33747120" timestamp="2015-09-02T09:41:10Z" user="aarthy" uid="2985232" lat="12.9669786" lon="77.6411066"/>
 <node id="3545930631" visible="true" version="3" changeset="33747120" timestamp="2015-09-02T09:41:10Z" user="aarthy" uid="2985232" lat="12.9670523" lon="77.6413091"/>
 <node id="3545930632" visible="true" version="3" changeset="33747120" timestamp="2015-09-02T09:41:10Z" user="aarthy" uid="2985232" lat="12.9670508" lon="77.6411061"/>
 <node id="3545930652" visible="true" version="1" changeset="31461300" timestamp="2015-05-26T02:17:21Z" user="shalinins" uid="2901502" lat="12.9692367" lon="77.6398549"/>
 <node id="3545930654" visible="true" version="1" changeset="31461300" timestamp="2015-05-26T02:17:21Z" user="shalinins" uid="2901502" lat="12.9692429" lon="77.6399796"/>
 <node id="3545930656" visible="true" version="1" changeset="31461300" timestamp="2015-05-26T02:17:21Z" user="shalinins" uid="2901502" lat="12.9693245" lon="77.6398503"/>
 <node id="3545930659" visible="true" version="1" changeset="31461300" timestamp="2015-05-26T02:17:21Z" user="shalinins" uid="2901502" lat="12.9693307" lon="77.6399750"/>
 <node id="3583359942" visible="true" version="2" changeset="35877710" timestamp="2015-12-11T04:30:27Z" user="lxbarth" uid="589596" lat="12.9666622" lon="77.6400286"/>
 <node id="3583359944" visible="true" version="2" changeset="35877710" timestamp="2015-12-11T04:30:27Z" user="lxbarth" uid="589596" lat="12.9667386" lon="77.6398510"/>
 <node id="3583359945" visible="true" version="2" changeset="137352369" timestamp="2023-06-15T04:35:11Z" user="uknown-gryphus" uid="2425805" lat="12.9667739" lon="77.6394005"/>
 <node id="3583359946" visible="true" version="2" changeset="35877710" timestamp="2015-12-11T04:30:27Z" user="lxbarth" uid="589596" lat="12.9667628" lon="77.6400741"/>
 <node id="3583359947" visible="true" version="1" changeset="31842351" timestamp="2015-06-09T12:18:10Z" user="shalinins" uid="2901502" lat="12.9667985" lon="77.6402686"/>
 <node id="3583359948" visible="true" version="2" changeset="137352369" timestamp="2023-06-15T04:35:11Z" user="uknown-gryphus" uid="2425805" lat="12.9668351" lon="77.6392306"/>
 <node id="3583359949" visible="true" version="1" changeset="31842351" timestamp="2015-06-09T12:18:10Z" user="shalinins" uid="2901502" lat="12.9668298" lon="77.6401485"/>
 <node id="3583359950" visible="true" version="2" changeset="35877710" timestamp="2015-12-11T04:30:27Z" user="lxbarth" uid="589596" lat="12.9668392" lon="77.6398966"/>
 <node id="3583359951" visible="true" version="1" changeset="31842351" timestamp="2015-06-09T12:18:10Z" user="shalinins" uid="2901502" lat="12.9668430" lon="77.6406634"/>
 <node id="3583359952" visible="true" version="1" changeset="31842351" timestamp="2015-06-09T12:18:10Z" user="shalinins" uid="2901502" lat="12.9668640" lon="77.6402866"/>
 <node id="3583359953" visible="true" version="1" changeset="31842351" timestamp="2015-06-09T12:18:10Z" user="shalinins" uid="2901502" lat="12.9668714" lon="77.6405791"/>
 <node id="3583359954" visible="true" version="1" changeset="31842351" timestamp="2015-06-09T12:18:10Z" user="shalinins" uid="2901502" lat="12.9668952" lon="77.6401665"/>
 <node id="3583359955" visible="true" version="1" changeset="31842351" timestamp="2015-06-09T12:18:10Z" user="shalinins" uid="2901502" lat="12.9669321" lon="77.6406949"/>
 <node id="3583359956" visible="true" version="1" changeset="31842351" timestamp="2015-06-09T12:18:10Z" user="shalinins" uid="2901502" lat="12.9669605" lon="77.6406107"/>
 <node id="3583359957" visible="true" version="2" changeset="137352369" timestamp="2023-06-15T04:35:11Z" user="uknown-gryphus" uid="2425805" lat="12.9669939" lon="77.6394838"/>
 <node id="3583359958" visible="true" version="2" changeset="137352369" timestamp="2023-06-15T04:35:11Z" user="uknown-gryphus" uid="2425805" lat="12.9670551" lon="77.6393139"/>
 <node id="3583359959" visible="true" version="1" changeset="31842351" timestamp="2015-06-09T12:18:10Z" user="shalinins" uid="2901502" lat="12.9670916" lon="77.6407738"/>
 <node id="3583359960" visible="true" version="1" changeset="31842351" timestamp="2015-06-09T12:18:10Z" user="shalinins" uid="2901502" lat="12.9671220" lon="77.6406952"/>
 <node id="3583359961" visible="true" version="1" changeset="31842351" timestamp="2015-06-09T12:18:10Z" user="shalinins" uid="2901502" lat="12.9671576" lon="77.6408006"/>
 <node id="3583359962" visible="true" version="1" changeset="31842351" timestamp="2015-06-09T12:18:10Z" user="shalinins" uid="2901502" lat="12.9671879" lon="77.6407220"/>
 <node id="3583359967" visible="true" version="2" changeset="130727331" timestamp="2022-12-31T16:19:52Z" user="Vonter" uid="3926189" lat="12.9684147" lon="77.6408203"/>
 <node id="3583359968" visible="true" version="2" changeset="130727331" timestamp="2022-12-31T16:19:52Z" user="Vonter" uid="3926189" lat="12.9684217" lon="77.6409753"/>
 <node id="3583359969" visible="true" version="2" changeset="130727331" timestamp="2022-12-31T16:19:52Z" user="Vonter" uid="3926189" lat="12.9685106" lon="77.6408157"/>
 <node id="3583359970" visible="true" version="2" changeset="130727331" timestamp="2022-12-31T16:19:52Z" user="Vonter" uid="3926189" lat="12.9685177" lon="77.6409707"/>
 <node id="3583359971" visible="true" version="2" changeset="162015801" timestamp="2025-02-01T15:42:12Z" user="Vonter" uid="3926189" lat="12.9686018" lon="77.6407811"/>
 <node id="3583359972" visible="true" version="2" changeset="162015801" timestamp="2025-02-01T15:42:12Z" user="Vonter" uid="3926189" lat="12.9686175" lon="77.6409806"/>
 <node id="3583359973" visible="true" version="2" changeset="162015801" timestamp="2025-02-01T15:42:12Z" user="Vonter" uid="3926189" lat="12.9687020" lon="77.6407728"/>
 <node id="3583359974" visible="true" version="2" changeset="162015801" timestamp="2025-02-01T15:42:12Z" user="Vonter" uid="3926189" lat="12.9687177" lon="77.6409723"/>
 <node id="3583790827" visible="true" version="2" changeset="31998178" timestamp="2015-06-16T05:45:51Z" user="Srikanth07" uid="2897104" lat="12.9665683" lon="77.6407005"/>
 <node id="3583790828" visible="true" version="2" changeset="31998178" timestamp="2015-06-16T05:45:51Z" user="Srikanth07" uid="2897104" lat="12.9665992" lon="77.6406064"/>
 <node id="3583790832" visible="true" version="2" changeset="31998178" timestamp="2015-06-16T05:45:51Z" user="Srikanth07" uid="2897104" lat="12.9667406" lon="77.6407601"/>
 <node id="3583790833" visible="true" version="2" changeset="31998178" timestamp="2015-06-16T05:45:51Z" user="Srikanth07" uid="2897104" lat="12.9667715" lon="77.6406660"/>
 <node id="3583790834" visible="true" version="2" changeset="31998589" timestamp="2015-06-16T06:14:59Z" user="Srikanth07" uid="2897104" lat="12.9671940" lon="77.6410357"/>
 <node id="3583790835" visible="true" version="1" changeset="31848042" timestamp="2015-06-09T15:55:55Z" user="shalinins" uid="2901502" lat="12.9672366" lon="77.6411086"/>
 <node id="3583790836" visible="true" version="1" changeset="31848042" timestamp="2015-06-09T15:55:55Z" user="shalinins" uid="2901502" lat="12.9672407" lon="77.6412702"/>
 <node id="3583790837" visible="true" version="2" changeset="31998589" timestamp="2015-06-16T06:14:59Z" user="Srikanth07" uid="2897104" lat="12.9672311" lon="77.6408983"/>
 <node id="3583790838" visible="true" version="2" changeset="31998589" timestamp="2015-06-16T06:14:59Z" user="Srikanth07" uid="2897104" lat="12.9672785" lon="77.6410597"/>
 <node id="3583790839" visible="true" version="2" changeset="31998589" timestamp="2015-06-16T06:14:59Z" user="Srikanth07" uid="2897104" lat="12.9673155" lon="77.6409223"/>
 <node id="3583790840" visible="true" version="1" changeset="31848042" timestamp="2015-06-09T15:55:55Z" user="shalinins" uid="2901502" lat="12.9673706" lon="77.6411050"/>
 <node id="3583790841" visible="true" version="1" changeset="31848042" timestamp="2015-06-09T15:55:55Z" user="shalinins" uid="2901502" lat="12.9673748" lon="77.6412666"/>
 <node id="3583790842" visible="true" version="2" changeset="33747120" timestamp="2015-09-02T09:41:10Z" user="aarthy" uid="2985232" lat="12.9675767" lon="77.6410882"/>
 <node id="3583790843" visible="true" version="2" changeset="33747120" timestamp="2015-09-02T09:41:10Z" user="aarthy" uid="2985232" lat="12.9675722" lon="77.6412338"/>
 <node id="3583790844" visible="true" version="2" changeset="33747120" timestamp="2015-09-02T09:41:10Z" user="aarthy" uid="2985232" lat="12.9677002" lon="77.6410836"/>
 <node id="3583790845" visible="true" version="2" changeset="33747120" timestamp="2015-09-02T09:41:10Z" user="aarthy" uid="2985232" lat="12.9677054" lon="77.6412289"/>
 <node id="3583790846" visible="true" version="3" changeset="152493622" timestamp="2024-06-10T11:45:37Z" user="Vonter" uid="3926189" lat="12.9676561" lon="77.6408855"/>
 <node id="3583790847" visible="true" version="3" changeset="152493622" timestamp="2024-06-10T11:45:37Z" user="Vonter" uid="3926189" lat="12.9676859" lon="77.6407259"/>
 <node id="3583790848" visible="true" version="3" changeset="152493622" timestamp="2024-06-10T11:45:37Z" user="Vonter" uid="3926189" lat="12.9677920" lon="77.6409123"/>
 <node id="3583790849" visible="true" version="3" changeset="152493622" timestamp="2024-06-10T11:45:37Z" user="Vonter" uid="3926189" lat="12.9678219" lon="77.6407527"/>
 <node id="3583790854" visible="true" version="3" changeset="162015801" timestamp="2025-02-01T15:42:12Z" user="Vonter" uid="3926189" lat="12.9694220" lon="77.6407504"/>
 <node id="3583790855" visible="true" version="3" changeset="162015801" timestamp="2025-02-01T15:42:12Z" user="Vonter" uid="3926189" lat="12.9694349" lon="77.6409146"/>
 <node id="3583790856" visible="true" version="3" changeset="162015801" timestamp="2025-02-01T15:42:12Z" user="Vonter" uid="3926189" lat="12.9695479" lon="77.6407399"/>
 <node id="3583790857" visible="true" version="3" changeset="162015801" timestamp="2025-02-01T15:42:12Z" user="Vonter" uid="3926189" lat="12.9695608" lon="77.6409042"/>
 <node id="3583790858" visible="true" version="2" changeset="162015801" timestamp="2025-02-01T15:42:12Z" user="Vonter" uid="3926189" lat="12.9695654" lon="77.6407543"/>
 <node id="3583790859" visible="true" version="2" changeset="162015801" timestamp="2025-02-01T15:42:12Z" user="Vonter" uid="3926189" lat="12.9695783" lon="77.6409190"/>
 <node id="3583790864" visible="true" version="2" changeset="162015801" timestamp="2025-02-01T15:42:12Z" user="Vonter" uid="3926189" lat="12.9696897" lon="77.6407440"/>
 <node id="3583790865" visible="true" version="2" changeset="162015801" timestamp="2025-02-01T15:42:12Z" user="Vonter" uid="3926189" lat="12.9697027" lon="77.6409087"/>
 <node id="3722396319" visible="true" version="1" changeset="33695837" timestamp="2015-08-31T06:10:39Z" user="PlaneMad" uid="1306" lat="12.9672981" lon="77.6410654"/>
 <node id="3722396320" visible="true" version="1" changeset="33695837" timestamp="2015-08-31T06:10:39Z" user="PlaneMad" uid="1306" lat="12.9673007" lon="77.6406851"/>
 <node id="3722396321" visible="true" version="1" changeset="33695837" timestamp="2015-08-31T06:10:39Z" user="PlaneMad" uid="1306" lat="12.9673706" lon="77.6407461"/>
 <node id="3722396322" visible="true" version="1" changeset="33695837" timestamp="2015-08-31T06:10:39Z" user="PlaneMad" uid="1306" lat="12.9674002" lon="77.6403528"/>
 <node id="3722396323" visible="true" version="1" changeset="33695837" timestamp="2015-08-31T06:10:39Z" user="PlaneMad" uid="1306" lat="12.9674281" lon="77.6401489"/>
 <node id="3722396324" visible="true" version="1" changeset="33695837" timestamp="2015-08-31T06:10:39Z" user="PlaneMad" uid="1306" lat="12.9674336" lon="77.6402323"/>
 <node id="3722411225" visible="true" version="1" changeset="33695837" timestamp="2015-08-31T06:10:39Z" user="PlaneMad" uid="1306" lat="12.9674341" lon="77.6401653"/>
 <node id="3722411227" visible="true" version="1" changeset="33695837" timestamp="2015-08-31T06:10:39Z" user="PlaneMad" uid="1306" lat="12.9674605" lon="77.6399301"/>
 <node id="3722411229" visible="true" version="1" changeset="33695837" timestamp="2015-08-31T06:10:39Z" user="PlaneMad" uid="1306" lat="12.9674633" lon="77.6403712"/>
 <node id="3722411231" visible="true" version="1" changeset="33695837" timestamp="2015-08-31T06:10:39Z" user="PlaneMad" uid="1306" lat="12.9674849" lon="77.6399498"/>
 <node id="3722411233" visible="true" version="1" changeset="33695837" timestamp="2015-08-31T06:10:39Z" user="PlaneMad" uid="1306" lat="12.9674963" lon="77.6401624"/>
 <node id="3722411234" visible="true" version="1" changeset="33695837" timestamp="2015-08-31T06:10:39Z" user="PlaneMad" uid="1306" lat="12.9674967" lon="77.6402507"/>
 <node id="3722411235" visible="true" version="1" changeset="33695837" timestamp="2015-08-31T06:10:39Z" user="PlaneMad" uid="1306" lat="12.9675217" lon="77.6399929"/>
 <node id="3722411236" visible="true" version="1" changeset="33695837" timestamp="2015-08-31T06:10:39Z" user="PlaneMad" uid="1306" lat="12.9675333" lon="77.6399933"/>
 <node id="3722411237" visible="true" version="1" changeset="33695837" timestamp="2015-08-31T06:10:39Z" user="PlaneMad" uid="1306" lat="12.9675429" lon="77.6399333"/>
 <node id="3722411238" visible="true" version="1" changeset="33695837" timestamp="2015-08-31T06:10:39Z" user="PlaneMad" uid="1306" lat="12.9676067" lon="77.6397342"/>
 <node id="3722411239" visible="true" version="1" changeset="33695837" timestamp="2015-08-31T06:10:39Z" user="PlaneMad" uid="1306" lat="12.9680987" lon="77.6396094"/>
 <node id="3722411240" visible="true" version="1" changeset="33695837" timestamp="2015-08-31T06:10:39Z" user="PlaneMad" uid="1306" lat="12.9681034" lon="77.6394864"/>
 <node id="3722411241" visible="true" version="1" changeset="33695837" timestamp="2015-08-31T06:10:39Z" user="PlaneMad" uid="1306" lat="12.9681833" lon="77.6396128"/>
 <node id="3722411242" visible="true" version="1" changeset="33695837" timestamp="2015-08-31T06:10:39Z" user="PlaneMad" uid="1306" lat="12.9681879" lon="77.6394898"/>
 <node id="3725719336" visible="true" version="4" changeset="146828791" timestamp="2024-01-29T16:16:02Z" user="user_14062769" uid="14062769" lat="12.9695257" lon="77.6411118">
  <tag k="brand" v="American Tourister"/>
  <tag k="brand:wikidata" v="Q4745268"/>
  <tag k="check_date" v="2023-10-08"/>
  <tag k="name" v="American Tourister"/>
  <tag k="name:kn" v="ಅಮೆರಿಕನ್ ಟೂರಿಸ್ಟರ್"/>
  <tag k="shop" v="bag"/>
 </node>
 <node id="3725719339" visible="true" version="1" changeset="33744758" timestamp="2015-09-02T07:42:32Z" user="pratikyadav" uid="2905914" lat="12.9690747" lon="77.6410288">
  <tag k="amenity" v="bar"/>
  <tag k="name" v="Ginger Tiger"/>
 </node>
 <node id="3725719341" visible="true" version="2" changeset="48247053" timestamp="2017-04-29T06:41:27Z" user="Chetan_Gowda" uid="2644101" lat="12.9695435" lon="77.6411125">
  <tag k="name" v="High Sierra"/>
  <tag k="name:kn" v="ಹೈ ಸಿಯೆರಾ"/>
  <tag k="shop" v="bag"/>
 </node>
 <node id="3725719345" visible="true" version="4" changeset="130727331" timestamp="2022-12-31T16:19:52Z" user="Vonter" uid="3926189" lat="12.9689469" lon="77.6411551">
  <tag k="disused:shop" v="beverages"/>
  <tag k="name" v="Lakeview Milk Bar"/>
  <tag k="name:kn" v="ಲೇಕ್ ವ್ಯೂ ಮಿಲ್ಕ್ ಬಾರ್"/>
  <tag k="wheelchair" v="yes"/>
 </node>
 <node id="3725719346" visible="true" version="2" changeset="122322707" timestamp="2022-06-13T12:02:27Z" user="user_14062769" uid="14062769" lat="12.9690331" lon="77.6410328">
  <tag k="amenity" v="ice_cream"/>
  <tag k="brand" v="Pinkberry"/>
  <tag k="brand:wikidata" v="Q2904053"/>
  <tag k="cuisine" v="frozen_yogurt"/>
  <tag k="name" v="Pinkberry"/>
  <tag k="takeaway" v="yes"/>
 </node>
 <node id="3725719352" visible="true" version="4" changeset="138703347" timestamp="2023-07-19T08:25:09Z" user="user_14062769" uid="14062769" lat="12.9693807" lon="77.6411193">
  <tag k="addr:city" v="Bangalore"/>
  <tag k="addr:housenumber" v="773"/>
  <tag k="addr:postcode" v="560038"/>
  <tag k="addr:street" v="100 Feet Road"/>
  <tag k="brand" v="U.S. Polo Assn."/>
  <tag k="brand:wikidata" v="Q7863282"/>
  <tag k="name" v="U.S. Polo Assn."/>
  <tag k="name:kn" v="ಯುಎಸ್ ಪೊಲೊ"/>
  <tag k="shop" v="clothes"/>
 </node>
 <node id="3725719353" visible="true" version="9" changeset="164900221" timestamp="2025-04-13T15:18:08Z" user="wheelmap_visitor" uid="290680" lat="12.9694282" lon="77.6411133">
  <tag k="addr:city" v="Bangalore"/>
  <tag k="addr:housenumber" v="773"/>
  <tag k="addr:postcode" v="560038"/>
  <tag k="addr:street" v="100 Feet Road"/>
  <tag k="amenity" v="pub"/>
  <tag k="brewery" v="various"/>
  <tag k="microbrewery" v="yes"/>
  <tag k="name" v="Vapour"/>
  <tag k="name:kn" v="ವೇಪರ್"/>
  <tag k="opening_hours" v="12:00-23:00"/>
  <tag k="phone" v="+91 80 4942 2313"/>
  <tag k="smoking" v="outside"/>
  <tag k="website" v="https://vapour.in/"/>
  <tag k="wheelchair" v="no"/>
 </node>
 <node id="3725848424" visible="true" version="1" changeset="33747120" timestamp="2015-09-02T09:41:03Z" user="aarthy" uid="2985232" lat="12.9667315" lon="77.6412016"/>
 <node id="3725848425" visible="true" version="1" changeset="33747120" timestamp="2015-09-02T09:41:03Z" user="aarthy" uid="2985232" lat="12.9667418" lon="77.6412049"/>
 <node id="3725848426" visible="true" version="1" changeset="33747120" timestamp="2015-09-02T09:41:03Z" user="aarthy" uid="2985232" lat="12.9667456" lon="77.6413064"/>
 <node id="3725848427" visible="true" version="1" changeset="33747120" timestamp="2015-09-02T09:41:03Z" user="aarthy" uid="2985232" lat="12.9667486" lon="77.6412966"/>
 <node id="3725848428" visible="true" version="1" changeset="33747120" timestamp="2015-09-02T09:41:03Z" user="aarthy" uid="2985232" lat="12.9667539" lon="77.6411271"/>
 <node id="3725848429" visible="true" version="1" changeset="33747120" timestamp="2015-09-02T09:41:03Z" user="aarthy" uid="2985232" lat="12.9667643" lon="77.6411303"/>
 <node id="3725848430" visible="true" version="1" changeset="33747120" timestamp="2015-09-02T09:41:03Z" user="aarthy" uid="2985232" lat="12.9669726" lon="77.6412624"/>
 <node id="3725848431" visible="true" version="1" changeset="33747120" timestamp="2015-09-02T09:41:03Z" user="aarthy" uid="2985232" lat="12.9669795" lon="77.6412184"/>
 <node id="3725848432" visible="true" version="1" changeset="33747120" timestamp="2015-09-02T09:41:03Z" user="aarthy" uid="2985232" lat="12.9669857" lon="77.6412183"/>
 <node id="3725848433" visible="true" version="1" changeset="33747120" timestamp="2015-09-02T09:41:03Z" user="aarthy" uid="2985232" lat="12.9669860" lon="77.6412623"/>
 <node id="3725848434" visible="true" version="1" changeset="33747120" timestamp="2015-09-02T09:41:03Z" user="aarthy" uid="2985232" lat="12.9670105" lon="77.6413030"/>
 <node id="3725848435" visible="true" version="1" changeset="33747120" timestamp="2015-09-02T09:41:03Z" user="aarthy" uid="2985232" lat="12.9670106" lon="77.6413088"/>
 <node id="3725848436" visible="true" version="1" changeset="33747120" timestamp="2015-09-02T09:41:03Z" user="aarthy" uid="2985232" lat="12.9670297" lon="77.6412993"/>
 <node id="3725848437" visible="true" version="1" changeset="33747120" timestamp="2015-09-02T09:41:03Z" user="aarthy" uid="2985232" lat="12.9670297" lon="77.6413028"/>
 <node id="3725848438" visible="true" version="1" changeset="33747120" timestamp="2015-09-02T09:41:03Z" user="aarthy" uid="2985232" lat="12.9670393" lon="77.6412992"/>
 <node id="3725848439" visible="true" version="1" changeset="33747120" timestamp="2015-09-02T09:41:03Z" user="aarthy" uid="2985232" lat="12.9670393" lon="77.6413092"/>
 <node id="3725848440" visible="true" version="1" changeset="33747120" timestamp="2015-09-02T09:41:03Z" user="aarthy" uid="2985232" lat="12.9670509" lon="77.6411153"/>
 <node id="3725848441" visible="true" version="1" changeset="33747120" timestamp="2015-09-02T09:41:03Z" user="aarthy" uid="2985232" lat="12.9670511" lon="77.6411499"/>
 <node id="3725848442" visible="true" version="1" changeset="33747120" timestamp="2015-09-02T09:41:03Z" user="aarthy" uid="2985232" lat="12.9670514" lon="77.6411883"/>
 <node id="3725848443" visible="true" version="1" changeset="33747120" timestamp="2015-09-02T09:41:03Z" user="aarthy" uid="2985232" lat="12.9670517" lon="77.6412241"/>
 <node id="3725848444" visible="true" version="1" changeset="33747120" timestamp="2015-09-02T09:41:03Z" user="aarthy" uid="2985232" lat="12.9670589" lon="77.6411251"/>
 <node id="3725848445" visible="true" version="1" changeset="33747120" timestamp="2015-09-02T09:41:03Z" user="aarthy" uid="2985232" lat="12.9670590" lon="77.6411372"/>
 <node id="3725848446" visible="true" version="1" changeset="33747120" timestamp="2015-09-02T09:41:03Z" user="aarthy" uid="2985232" lat="12.9670617" lon="77.6411152"/>
 <node id="3725848447" visible="true" version="1" changeset="33747120" timestamp="2015-09-02T09:41:03Z" user="aarthy" uid="2985232" lat="12.9670617" lon="77.6411251"/>
 <node id="3725848448" visible="true" version="1" changeset="33747120" timestamp="2015-09-02T09:41:03Z" user="aarthy" uid="2985232" lat="12.9670623" lon="77.6411883"/>
 <node id="3725848449" visible="true" version="1" changeset="33747120" timestamp="2015-09-02T09:41:03Z" user="aarthy" uid="2985232" lat="12.9670624" lon="77.6412008"/>
 <node id="3725848450" visible="true" version="1" changeset="33747120" timestamp="2015-09-02T09:41:03Z" user="aarthy" uid="2985232" lat="12.9670660" lon="77.6411372"/>
 <node id="3725848451" visible="true" version="1" changeset="33747120" timestamp="2015-09-02T09:41:04Z" user="aarthy" uid="2985232" lat="12.9670660" lon="77.6411498"/>
 <node id="3725848452" visible="true" version="1" changeset="33747120" timestamp="2015-09-02T09:41:04Z" user="aarthy" uid="2985232" lat="12.9670730" lon="77.6412007"/>
 <node id="3725848453" visible="true" version="1" changeset="33747120" timestamp="2015-09-02T09:41:04Z" user="aarthy" uid="2985232" lat="12.9670732" lon="77.6412239"/>
 <node id="3725848454" visible="true" version="1" changeset="33747120" timestamp="2015-09-02T09:41:04Z" user="aarthy" uid="2985232" lat="12.9672293" lon="77.6411774"/>
 <node id="3725848455" visible="true" version="1" changeset="33747120" timestamp="2015-09-02T09:41:04Z" user="aarthy" uid="2985232" lat="12.9672297" lon="77.6411925"/>
 <node id="3725848456" visible="true" version="1" changeset="33747120" timestamp="2015-09-02T09:41:04Z" user="aarthy" uid="2985232" lat="12.9672316" lon="77.6411986"/>
 <node id="3725848457" visible="true" version="1" changeset="33747120" timestamp="2015-09-02T09:41:04Z" user="aarthy" uid="2985232" lat="12.9672319" lon="77.6412105"/>
 <node id="3725848458" visible="true" version="1" changeset="33747120" timestamp="2015-09-02T09:41:04Z" user="aarthy" uid="2985232" lat="12.9672383" lon="77.6411772"/>
 <node id="3725848459" visible="true" version="1" changeset="33747120" timestamp="2015-09-02T09:41:04Z" user="aarthy" uid="2985232" lat="12.9672387" lon="77.6411922"/>
 <node id="3725848460" visible="true" version="1" changeset="33747120" timestamp="2015-09-02T09:41:04Z" user="aarthy" uid="2985232" lat="12.9672389" lon="77.6411984"/>
 <node id="3725848461" visible="true" version="1" changeset="33747120" timestamp="2015-09-02T09:41:04Z" user="aarthy" uid="2985232" lat="12.9672392" lon="77.6412103"/>
 <node id="3725848462" visible="true" version="1" changeset="33747120" timestamp="2015-09-02T09:41:04Z" user="aarthy" uid="2985232" lat="12.9673788" lon="77.6411518"/>
 <node id="3725848463" visible="true" version="1" changeset="33747120" timestamp="2015-09-02T09:41:04Z" user="aarthy" uid="2985232" lat="12.9673790" lon="77.6411234"/>
 <node id="3725848464" visible="true" version="1" changeset="33747120" timestamp="2015-09-02T09:41:04Z" user="aarthy" uid="2985232" lat="12.9673897" lon="77.6412354"/>
 <node id="3725848465" visible="true" version="1" changeset="33747120" timestamp="2015-09-02T09:41:04Z" user="aarthy" uid="2985232" lat="12.9673904" lon="77.6411519"/>
 <node id="3725848466" visible="true" version="1" changeset="33747120" timestamp="2015-09-02T09:41:04Z" user="aarthy" uid="2985232" lat="12.9673987" lon="77.6411235"/>
 <node id="3725848467" visible="true" version="1" changeset="33747120" timestamp="2015-09-02T09:41:04Z" user="aarthy" uid="2985232" lat="12.9673989" lon="77.6410941"/>
 <node id="3725848468" visible="true" version="1" changeset="33747120" timestamp="2015-09-02T09:41:04Z" user="aarthy" uid="2985232" lat="12.9674294" lon="77.6411238"/>
 <node id="3725848469" visible="true" version="1" changeset="33747120" timestamp="2015-09-02T09:41:04Z" user="aarthy" uid="2985232" lat="12.9674297" lon="77.6410944"/>
 <node id="3725848470" visible="true" version="1" changeset="33747120" timestamp="2015-09-02T09:41:04Z" user="aarthy" uid="2985232" lat="12.9674717" lon="77.6411242"/>
 <node id="3725848471" visible="true" version="1" changeset="33747120" timestamp="2015-09-02T09:41:04Z" user="aarthy" uid="2985232" lat="12.9674718" lon="77.6411178"/>
 <node id="3725848472" visible="true" version="1" changeset="33747120" timestamp="2015-09-02T09:41:04Z" user="aarthy" uid="2985232" lat="12.9674995" lon="77.6411180"/>
 <node id="3725848473" visible="true" version="1" changeset="33747120" timestamp="2015-09-02T09:41:04Z" user="aarthy" uid="2985232" lat="12.9674995" lon="77.6411244"/>
 <node id="3725848474" visible="true" version="1" changeset="33747120" timestamp="2015-09-02T09:41:04Z" user="aarthy" uid="2985232" lat="12.9675084" lon="77.6412364"/>
 <node id="3725848475" visible="true" version="1" changeset="33747120" timestamp="2015-09-02T09:41:04Z" user="aarthy" uid="2985232" lat="12.9675085" lon="77.6412253"/>
 <node id="3725848476" visible="true" version="1" changeset="33747120" timestamp="2015-09-02T09:41:04Z" user="aarthy" uid="2985232" lat="12.9675090" lon="77.6411639"/>
 <node id="3725848477" visible="true" version="1" changeset="33747120" timestamp="2015-09-02T09:41:04Z" user="aarthy" uid="2985232" lat="12.9675094" lon="77.6411245"/>
 <node id="3725848478" visible="true" version="1" changeset="33747120" timestamp="2015-09-02T09:41:04Z" user="aarthy" uid="2985232" lat="12.9675148" lon="77.6412154"/>
 <node id="3725848479" visible="true" version="1" changeset="33747120" timestamp="2015-09-02T09:41:04Z" user="aarthy" uid="2985232" lat="12.9675148" lon="77.6412254"/>
 <node id="3725848480" visible="true" version="1" changeset="33747120" timestamp="2015-09-02T09:41:04Z" user="aarthy" uid="2985232" lat="12.9675152" lon="77.6411773"/>
 <node id="3725848481" visible="true" version="1" changeset="33747120" timestamp="2015-09-02T09:41:04Z" user="aarthy" uid="2985232" lat="12.9675153" lon="77.6411640"/>
 <node id="3725848482" visible="true" version="1" changeset="33747120" timestamp="2015-09-02T09:41:04Z" user="aarthy" uid="2985232" lat="12.9675205" lon="77.6412154"/>
 <node id="3725848483" visible="true" version="1" changeset="33747120" timestamp="2015-09-02T09:41:04Z" user="aarthy" uid="2985232" lat="12.9675208" lon="77.6411774"/>
 <node id="3725848484" visible="true" version="1" changeset="33747120" timestamp="2015-09-02T09:41:04Z" user="aarthy" uid="2985232" lat="12.9675571" lon="77.6411628"/>
 <node id="3725848485" visible="true" version="1" changeset="33747120" timestamp="2015-09-02T09:41:04Z" user="aarthy" uid="2985232" lat="12.9675576" lon="77.6411777"/>
 <node id="3725848486" visible="true" version="1" changeset="33747120" timestamp="2015-09-02T09:41:04Z" user="aarthy" uid="2985232" lat="12.9675589" lon="77.6410989"/>
 <node id="3725848487" visible="true" version="1" changeset="33747120" timestamp="2015-09-02T09:41:04Z" user="aarthy" uid="2985232" lat="12.9675598" lon="77.6411253"/>
 <node id="3725848488" visible="true" version="1" changeset="33747120" timestamp="2015-09-02T09:41:04Z" user="aarthy" uid="2985232" lat="12.9675640" lon="77.6411460"/>
 <node id="3725848489" visible="true" version="1" changeset="33747120" timestamp="2015-09-02T09:41:04Z" user="aarthy" uid="2985232" lat="12.9675642" lon="77.6411538"/>
 <node id="3725848490" visible="true" version="1" changeset="33747120" timestamp="2015-09-02T09:41:04Z" user="aarthy" uid="2985232" lat="12.9675654" lon="77.6411753"/>
 <node id="3725848491" visible="true" version="1" changeset="33747120" timestamp="2015-09-02T09:41:04Z" user="aarthy" uid="2985232" lat="12.9675655" lon="77.6411774"/>
 <node id="3725848492" visible="true" version="1" changeset="33747120" timestamp="2015-09-02T09:41:04Z" user="aarthy" uid="2985232" lat="12.9675717" lon="77.6412203"/>
 <node id="3725848493" visible="true" version="1" changeset="33747120" timestamp="2015-09-02T09:41:04Z" user="aarthy" uid="2985232" lat="12.9675771" lon="77.6410982"/>
 <node id="3725848494" visible="true" version="1" changeset="33747120" timestamp="2015-09-02T09:41:04Z" user="aarthy" uid="2985232" lat="12.9675780" lon="77.6411246"/>
 <node id="3725848495" visible="true" version="1" changeset="33747120" timestamp="2015-09-02T09:41:04Z" user="aarthy" uid="2985232" lat="12.9675787" lon="77.6411455"/>
 <node id="3725848496" visible="true" version="1" changeset="33747120" timestamp="2015-09-02T09:41:04Z" user="aarthy" uid="2985232" lat="12.9675790" lon="77.6411532"/>
 <node id="3725848497" visible="true" version="1" changeset="33747120" timestamp="2015-09-02T09:41:04Z" user="aarthy" uid="2985232" lat="12.9675793" lon="77.6411620"/>
 <node id="3725848498" visible="true" version="1" changeset="33747120" timestamp="2015-09-02T09:41:04Z" user="aarthy" uid="2985232" lat="12.9675798" lon="77.6411748"/>
 <node id="3725848499" visible="true" version="1" changeset="33747120" timestamp="2015-09-02T09:41:04Z" user="aarthy" uid="2985232" lat="12.9675814" lon="77.6412199"/>
 <node id="3725848500" visible="true" version="1" changeset="33747120" timestamp="2015-09-02T09:41:04Z" user="aarthy" uid="2985232" lat="12.9675838" lon="77.6412334"/>
 <node id="3725848501" visible="true" version="1" changeset="33747120" timestamp="2015-09-02T09:41:04Z" user="aarthy" uid="2985232" lat="12.9675844" lon="77.6412481"/>
 <node id="3725848502" visible="true" version="1" changeset="33747120" timestamp="2015-09-02T09:41:04Z" user="aarthy" uid="2985232" lat="12.9675919" lon="77.6410716"/>
 <node id="3725848503" visible="true" version="1" changeset="33747120" timestamp="2015-09-02T09:41:04Z" user="aarthy" uid="2985232" lat="12.9675925" lon="77.6410876"/>
 <node id="3725848504" visible="true" version="1" changeset="33747120" timestamp="2015-09-02T09:41:04Z" user="aarthy" uid="2985232" lat="12.9676148" lon="77.6412323"/>
 <node id="3725848505" visible="true" version="1" changeset="33747120" timestamp="2015-09-02T09:41:04Z" user="aarthy" uid="2985232" lat="12.9676154" lon="77.6412469"/>
 <node id="3725848506" visible="true" version="1" changeset="33747120" timestamp="2015-09-02T09:41:04Z" user="aarthy" uid="2985232" lat="12.9676155" lon="77.6410707"/>
 <node id="3725848507" visible="true" version="1" changeset="33747120" timestamp="2015-09-02T09:41:04Z" user="aarthy" uid="2985232" lat="12.9676161" lon="77.6410867"/>
 <node id="3725848508" visible="true" version="1" changeset="33747120" timestamp="2015-09-02T09:41:04Z" user="aarthy" uid="2985232" lat="12.9676427" lon="77.6412312"/>
 <node id="3725848509" visible="true" version="1" changeset="33747120" timestamp="2015-09-02T09:41:04Z" user="aarthy" uid="2985232" lat="12.9676432" lon="77.6412461"/>
 <node id="3725848510" visible="true" version="1" changeset="33747120" timestamp="2015-09-02T09:41:04Z" user="aarthy" uid="2985232" lat="12.9676484" lon="77.6410693"/>
 <node id="3725848511" visible="true" version="1" changeset="33747120" timestamp="2015-09-02T09:41:04Z" user="aarthy" uid="2985232" lat="12.9676490" lon="77.6410855"/>
 <node id="3725848512" visible="true" version="1" changeset="33747120" timestamp="2015-09-02T09:41:04Z" user="aarthy" uid="2985232" lat="12.9676689" lon="77.6412452"/>
 <node id="3725848513" visible="true" version="1" changeset="33747120" timestamp="2015-09-02T09:41:04Z" user="aarthy" uid="2985232" lat="12.9676692" lon="77.6412547"/>
 <node id="3725848514" visible="true" version="1" changeset="33747120" timestamp="2015-09-02T09:41:05Z" user="aarthy" uid="2985232" lat="12.9676705" lon="77.6410685"/>
 <node id="3725848515" visible="true" version="1" changeset="33747120" timestamp="2015-09-02T09:41:05Z" user="aarthy" uid="2985232" lat="12.9676711" lon="77.6410847"/>
 <node id="3725848516" visible="true" version="1" changeset="33747120" timestamp="2015-09-02T09:41:05Z" user="aarthy" uid="2985232" lat="12.9676951" lon="77.6412293"/>
 <node id="3725848517" visible="true" version="1" changeset="33747120" timestamp="2015-09-02T09:41:05Z" user="aarthy" uid="2985232" lat="12.9676960" lon="77.6412537"/>
 <node id="3725848518" visible="true" version="1" changeset="33747120" timestamp="2015-09-02T09:41:05Z" user="aarthy" uid="2985232" lat="12.9677026" lon="77.6411497"/>
 <node id="3725848519" visible="true" version="1" changeset="33747120" timestamp="2015-09-02T09:41:05Z" user="aarthy" uid="2985232" lat="12.9677048" lon="77.6412122"/>
 <node id="3725848520" visible="true" version="1" changeset="33747120" timestamp="2015-09-02T09:41:05Z" user="aarthy" uid="2985232" lat="12.9677091" lon="77.6411495"/>
 <node id="3725848521" visible="true" version="1" changeset="33747120" timestamp="2015-09-02T09:41:05Z" user="aarthy" uid="2985232" lat="12.9677113" lon="77.6412120"/>
 <node id="3725848522" visible="true" version="1" changeset="33747120" timestamp="2015-09-02T09:41:05Z" user="aarthy" uid="2985232" lat="12.9677389" lon="77.6412046"/>
 <node id="3725848523" visible="true" version="1" changeset="33747120" timestamp="2015-09-02T09:41:05Z" user="aarthy" uid="2985232" lat="12.9677392" lon="77.6412656"/>
 <node id="3725848524" visible="true" version="1" changeset="33747120" timestamp="2015-09-02T09:41:05Z" user="aarthy" uid="2985232" lat="12.9677523" lon="77.6411139"/>
 <node id="3725848525" visible="true" version="1" changeset="33747120" timestamp="2015-09-02T09:41:05Z" user="aarthy" uid="2985232" lat="12.9677528" lon="77.6412045"/>
 <node id="3725848526" visible="true" version="1" changeset="33747120" timestamp="2015-09-02T09:41:05Z" user="aarthy" uid="2985232" lat="12.9677538" lon="77.6412656"/>
 <node id="3725848527" visible="true" version="1" changeset="33747120" timestamp="2015-09-02T09:41:05Z" user="aarthy" uid="2985232" lat="12.9677538" lon="77.6412776"/>
 <node id="3725848528" visible="true" version="1" changeset="33747120" timestamp="2015-09-02T09:41:05Z" user="aarthy" uid="2985232" lat="12.9678828" lon="77.6411132"/>
 <node id="3725848529" visible="true" version="1" changeset="33747120" timestamp="2015-09-02T09:41:05Z" user="aarthy" uid="2985232" lat="12.9678830" lon="77.6411547"/>
 <node id="3725848530" visible="true" version="1" changeset="33747120" timestamp="2015-09-02T09:41:05Z" user="aarthy" uid="2985232" lat="12.9678840" lon="77.6412235"/>
 <node id="3725848531" visible="true" version="1" changeset="33747120" timestamp="2015-09-02T09:41:05Z" user="aarthy" uid="2985232" lat="12.9678843" lon="77.6412770"/>
 <node id="3725848532" visible="true" version="1" changeset="33747120" timestamp="2015-09-02T09:41:05Z" user="aarthy" uid="2985232" lat="12.9678977" lon="77.6412234"/>
 <node id="3725848533" visible="true" version="1" changeset="33747120" timestamp="2015-09-02T09:41:05Z" user="aarthy" uid="2985232" lat="12.9679042" lon="77.6411492"/>
 <node id="3725848534" visible="true" version="1" changeset="33747120" timestamp="2015-09-02T09:41:05Z" user="aarthy" uid="2985232" lat="12.9679042" lon="77.6411546"/>
 <node id="3725848535" visible="true" version="1" changeset="33747120" timestamp="2015-09-02T09:41:05Z" user="aarthy" uid="2985232" lat="12.9679209" lon="77.6411492"/>
 <node id="3725848536" visible="true" version="1" changeset="33747120" timestamp="2015-09-02T09:41:05Z" user="aarthy" uid="2985232" lat="12.9679210" lon="77.6411646"/>
 <node id="3725848537" visible="true" version="1" changeset="33747120" timestamp="2015-09-02T09:41:05Z" user="aarthy" uid="2985232" lat="12.9679326" lon="77.6412198"/>
 <node id="3725848538" visible="true" version="1" changeset="33747120" timestamp="2015-09-02T09:41:05Z" user="aarthy" uid="2985232" lat="12.9679326" lon="77.6412232"/>
 <node id="3725848539" visible="true" version="1" changeset="33747120" timestamp="2015-09-02T09:41:05Z" user="aarthy" uid="2985232" lat="12.9679336" lon="77.6411645"/>
 <node id="3725848540" visible="true" version="1" changeset="33747120" timestamp="2015-09-02T09:41:05Z" user="aarthy" uid="2985232" lat="12.9679338" lon="77.6412079"/>
 <node id="3725848541" visible="true" version="1" changeset="33747120" timestamp="2015-09-02T09:41:05Z" user="aarthy" uid="2985232" lat="12.9679424" lon="77.6412197"/>
 <node id="3725848542" visible="true" version="1" changeset="33747120" timestamp="2015-09-02T09:41:05Z" user="aarthy" uid="2985232" lat="12.9679424" lon="77.6412232"/>
 <node id="3725848543" visible="true" version="1" changeset="33747120" timestamp="2015-09-02T09:41:05Z" user="aarthy" uid="2985232" lat="12.9679443" lon="77.6411644"/>
 <node id="3725848544" visible="true" version="1" changeset="33747120" timestamp="2015-09-02T09:41:05Z" user="aarthy" uid="2985232" lat="12.9679445" lon="77.6412078"/>
 <node id="3725848545" visible="true" version="1" changeset="33747120" timestamp="2015-09-02T09:41:05Z" user="aarthy" uid="2985232" lat="12.9679458" lon="77.6412232"/>
 <node id="3725848546" visible="true" version="1" changeset="33747120" timestamp="2015-09-02T09:41:05Z" user="aarthy" uid="2985232" lat="12.9679458" lon="77.6412289"/>
 <node id="3725848547" visible="true" version="1" changeset="33747120" timestamp="2015-09-02T09:41:05Z" user="aarthy" uid="2985232" lat="12.9679718" lon="77.6412230"/>
 <node id="3725848548" visible="true" version="1" changeset="33747120" timestamp="2015-09-02T09:41:05Z" user="aarthy" uid="2985232" lat="12.9679719" lon="77.6412288"/>
 <node id="3725848549" visible="true" version="1" changeset="33747120" timestamp="2015-09-02T09:41:05Z" user="aarthy" uid="2985232" lat="12.9679999" lon="77.6411642"/>
 <node id="3725848550" visible="true" version="1" changeset="33747120" timestamp="2015-09-02T09:41:05Z" user="aarthy" uid="2985232" lat="12.9680001" lon="77.6412229"/>
 <node id="3727147618" visible="true" version="1" changeset="33765888" timestamp="2015-09-03T05:59:41Z" user="aarthy" uid="2985232" lat="12.9670338" lon="77.6411346">
  <tag k="name" v="LaBOF"/>
  <tag k="shop" v="clothes"/>
 </node>
 <node id="3727147619" visible="true" version="2" changeset="48246899" timestamp="2017-04-29T06:31:43Z" user="Chetan_Gowda" uid="2644101" lat="12.9676315" lon="77.6411313">
  <tag k="name" v="Lee"/>
  <tag k="name:kn" v="ಲೀ"/>
  <tag k="shop" v="clothes"/>
 </node>
 <node id="3727147621" visible="true" version="4" changeset="122322707" timestamp="2022-06-13T12:02:27Z" user="user_14062769" uid="14062769" lat="12.9674604" lon="77.6411657">
  <tag k="brand" v="Levi's"/>
  <tag k="brand:wikidata" v="Q127962"/>
  <tag k="clothes" v="denim;men;women"/>
  <tag k="name" v="Levi's"/>
  <tag k="name:kn" v="ಲೆವಿಸ್"/>
  <tag k="shop" v="clothes"/>
  <tag k="wheelchair" v="limited"/>
 </node>
 <node id="3727148127" visible="true" version="5" changeset="142298011" timestamp="2023-10-08T10:17:59Z" user="sagarawrz07" uid="4831756" lat="12.9673327" lon="77.6411618">
  <tag k="amenity" v="pub"/>
  <tag k="name" v="Watson's"/>
  <tag k="payment:credit_cards" v="yes"/>
  <tag k="payment:debit_cards" v="yes"/>
  <tag k="smoking" v="separated"/>
 </node>
 <node id="3727148128" visible="true" version="6" changeset="139197435" timestamp="2023-07-30T07:08:28Z" user="user_14062769" uid="14062769" lat="12.9673045" lon="77.6411621">
  <tag k="addr:city" v="Bangalore"/>
  <tag k="addr:postcode" v="560038"/>
  <tag k="addr:street" v="100 Feet Road"/>
  <tag k="addr:suburb" v="Indira Nagar"/>
  <tag k="brand" v="Puma"/>
  <tag k="brand:wikidata" v="Q157064"/>
  <tag k="name" v="Puma"/>
  <tag k="name:kn" v="ಪೂಮ ಸ್ಟೋರ್"/>
  <tag k="phone" v="080 4210 0812"/>
  <tag k="shop" v="clothes"/>
  <tag k="website" v="https://puma.com"/>
 </node>
 <node id="3727148134" visible="true" version="3" changeset="122323584" timestamp="2022-06-13T12:22:12Z" user="user_14062769" uid="14062769" lat="12.9676481" lon="77.6411313">
  <tag k="brand" v="Vans"/>
  <tag k="brand:wikidata" v="Q1135366"/>
  <tag k="name" v="Vans"/>
  <tag k="name:kn" v="ವ್ಯಾನ್ಸ್"/>
  <tag k="shop" v="shoes"/>
 </node>
 <node id="3727148136" visible="true" version="2" changeset="142298019" timestamp="2023-10-08T10:18:02Z" user="sagarawrz07" uid="4831756" lat="12.9678065" lon="77.6411860">
  <tag k="check_date" v="2023-10-08"/>
  <tag k="name" v="World of Titan"/>
  <tag k="shop" v="watches"/>
 </node>
 <node id="3727148137" visible="true" version="3" changeset="142298019" timestamp="2023-10-08T10:18:02Z" user="sagarawrz07" uid="4831756" lat="12.9676641" lon="77.6411310">
  <tag k="check_date" v="2023-10-08"/>
  <tag k="name" v="Wrangler"/>
  <tag k="name:kn" v="ವ್ರಾಂಗ್ಲ್ರ್"/>
  <tag k="shop" v="clothes"/>
 </node>
 <node id="3825987957" visible="true" version="2" changeset="158956663" timestamp="2024-11-10T06:45:28Z" user="Vonter" uid="3926189" lat="12.9687361" lon="77.6377134"/>
 <node id="3998740074" visible="true" version="2" changeset="39197893" timestamp="2016-05-09T18:29:47Z" user="PlaneMad" uid="1306" lat="12.9674543" lon="77.6378528"/>
 <node id="3998740077" visible="true" version="2" changeset="39197893" timestamp="2016-05-09T18:29:47Z" user="PlaneMad" uid="1306" lat="12.9673445" lon="77.6384255"/>
 <node id="4027252039" visible="true" version="1" changeset="37452894" timestamp="2016-02-26T06:05:40Z" user="PlaneMad" uid="1306" lat="12.9653007" lon="77.6386553"/>
 <node id="4173957658" visible="true" version="2" changeset="39196947" timestamp="2016-05-09T17:45:27Z" user="PlaneMad" uid="1306" lat="12.9687030" lon="77.6393676">
  <tag k="name" v="Fig"/>
  <tag k="name:botanical" v="Ficus"/>
  <tag k="natural" v="tree"/>
 </node>
 <node id="4173957659" visible="true" version="1" changeset="39194656" timestamp="2016-05-09T06:31:17Z" user="PlaneMad" uid="1306" lat="12.9683175" lon="77.6395541"/>
 <node id="4173957660" visible="true" version="1" changeset="39194656" timestamp="2016-05-09T06:31:18Z" user="PlaneMad" uid="1306" lat="12.9683626" lon="77.6393978"/>
 <node id="4173957661" visible="true" version="1" changeset="39194656" timestamp="2016-05-09T06:31:18Z" user="PlaneMad" uid="1306" lat="12.9683835" lon="77.6393945"/>
 <node id="4173957662" visible="true" version="1" changeset="39194656" timestamp="2016-05-09T06:31:18Z" user="PlaneMad" uid="1306" lat="12.9683965" lon="77.6394025"/>
 <node id="4173957663" visible="true" version="1" changeset="39194656" timestamp="2016-05-09T06:31:18Z" user="PlaneMad" uid="1306" lat="12.9684142" lon="77.6395789"/>
 <node id="4174200842" visible="true" version="1" changeset="39196947" timestamp="2016-05-09T17:45:22Z" user="PlaneMad" uid="1306" lat="12.9684758" lon="77.6389450"/>
 <node id="4174200843" visible="true" version="1" changeset="39196947" timestamp="2016-05-09T17:45:22Z" user="PlaneMad" uid="1306" lat="12.9684834" lon="77.6390847"/>
 <node id="4174200844" visible="true" version="1" changeset="39196947" timestamp="2016-05-09T17:45:22Z" user="PlaneMad" uid="1306" lat="12.9685645" lon="77.6389398"/>
 <node id="4174200845" visible="true" version="1" changeset="39196947" timestamp="2016-05-09T17:45:22Z" user="PlaneMad" uid="1306" lat="12.9685721" lon="77.6390796"/>
 <node id="4174200846" visible="true" version="1" changeset="39196947" timestamp="2016-05-09T17:45:22Z" user="PlaneMad" uid="1306" lat="12.9686011" lon="77.6389398"/>
 <node id="4174200847" visible="true" version="1" changeset="39196947" timestamp="2016-05-09T17:45:22Z" user="PlaneMad" uid="1306" lat="12.9686084" lon="77.6390735"/>
 <node id="4174200848" visible="true" version="1" changeset="39196947" timestamp="2016-05-09T17:45:22Z" user="PlaneMad" uid="1306" lat="12.9686865" lon="77.6389349"/>
 <node id="4174200849" visible="true" version="1" changeset="39196947" timestamp="2016-05-09T17:45:22Z" user="PlaneMad" uid="1306" lat="12.9686938" lon="77.6390686"/>
 <node id="4174200850" visible="true" version="1" changeset="39196947" timestamp="2016-05-09T17:45:23Z" user="PlaneMad" uid="1306" lat="12.9687186" lon="77.6389405"/>
 <node id="4174200851" visible="true" version="1" changeset="39196947" timestamp="2016-05-09T17:45:23Z" user="PlaneMad" uid="1306" lat="12.9687252" lon="77.6390605"/>
 <node id="4174200852" visible="true" version="1" changeset="39196947" timestamp="2016-05-09T17:45:23Z" user="PlaneMad" uid="1306" lat="12.9687997" lon="77.6389358"/>
 <node id="4174200853" visible="true" version="1" changeset="39196947" timestamp="2016-05-09T17:45:23Z" user="PlaneMad" uid="1306" lat="12.9688063" lon="77.6390559"/>
 <node id="4174200854" visible="true" version="1" changeset="39196947" timestamp="2016-05-09T17:45:23Z" user="PlaneMad" uid="1306" lat="12.9688193" lon="77.6389345"/>
 <node id="4174200855" visible="true" version="1" changeset="39196947" timestamp="2016-05-09T17:45:23Z" user="PlaneMad" uid="1306" lat="12.9688254" lon="77.6390462"/>
 <node id="4174200856" visible="true" version="1" changeset="39196947" timestamp="2016-05-09T17:45:23Z" user="PlaneMad" uid="1306" lat="12.9688968" lon="77.6389300"/>
 <node id="4174200857" visible="true" version="1" changeset="39196947" timestamp="2016-05-09T17:45:23Z" user="PlaneMad" uid="1306" lat="12.9689030" lon="77.6390418"/>
 <node id="4174200858" visible="true" version="1" changeset="39196947" timestamp="2016-05-09T17:45:23Z" user="PlaneMad" uid="1306" lat="12.9689268" lon="77.6389285"/>
 <node id="4174200859" visible="true" version="1" changeset="39196947" timestamp="2016-05-09T17:45:23Z" user="PlaneMad" uid="1306" lat="12.9689330" lon="77.6390418"/>
 <node id="4174200860" visible="true" version="1" changeset="39196947" timestamp="2016-05-09T17:45:24Z" user="PlaneMad" uid="1306" lat="12.9690101" lon="77.6389237"/>
 <node id="4174200861" visible="true" version="1" changeset="39196947" timestamp="2016-05-09T17:45:24Z" user="PlaneMad" uid="1306" lat="12.9690163" lon="77.6390370"/>
 <node id="4174200862" visible="true" version="1" changeset="39196947" timestamp="2016-05-09T17:45:24Z" user="PlaneMad" uid="1306" lat="12.9690454" lon="77.6389050"/>
 <node id="4174200863" visible="true" version="1" changeset="39196947" timestamp="2016-05-09T17:45:24Z" user="PlaneMad" uid="1306" lat="12.9690506" lon="77.6390002"/>
 <node id="4174200864" visible="true" version="1" changeset="39196947" timestamp="2016-05-09T17:45:24Z" user="PlaneMad" uid="1306" lat="12.9691160" lon="77.6389010"/>
 <node id="4174200865" visible="true" version="1" changeset="39196947" timestamp="2016-05-09T17:45:24Z" user="PlaneMad" uid="1306" lat="12.9691212" lon="77.6389961"/>
 <node id="4174200866" visible="true" version="1" changeset="39196947" timestamp="2016-05-09T17:45:24Z" user="PlaneMad" uid="1306" lat="12.9691526" lon="77.6389224"/>
 <node id="4174200867" visible="true" version="1" changeset="39196947" timestamp="2016-05-09T17:45:24Z" user="PlaneMad" uid="1306" lat="12.9691599" lon="77.6390566"/>
 <node id="4174200868" visible="true" version="1" changeset="39196947" timestamp="2016-05-09T17:45:24Z" user="PlaneMad" uid="1306" lat="12.9692472" lon="77.6389170"/>
 <node id="4174200869" visible="true" version="1" changeset="39196947" timestamp="2016-05-09T17:45:24Z" user="PlaneMad" uid="1306" lat="12.9692545" lon="77.6390512"/>
 <node id="4174231436" visible="true" version="3" changeset="158956663" timestamp="2024-11-10T06:45:28Z" user="Vonter" uid="3926189" lat="12.9683936" lon="77.6377342"/>
 <node id="4174231437" visible="true" version="3" changeset="158956663" timestamp="2024-11-10T06:45:28Z" user="Vonter" uid="3926189" lat="12.9683982" lon="77.6378784"/>
 <node id="4174231438" visible="true" version="2" changeset="158956663" timestamp="2024-11-10T06:45:28Z" user="Vonter" uid="3926189" lat="12.9684015" lon="77.6378960"/>
 <node id="4174231439" visible="true" version="2" changeset="158956663" timestamp="2024-11-10T06:45:28Z" user="Vonter" uid="3926189" lat="12.9684061" lon="77.6380425"/>
 <node id="4174231442" visible="true" version="3" changeset="158956663" timestamp="2024-11-10T06:45:28Z" user="Vonter" uid="3926189" lat="12.9684831" lon="77.6377312"/>
 <node id="4174231443" visible="true" version="3" changeset="158956663" timestamp="2024-11-10T06:45:28Z" user="Vonter" uid="3926189" lat="12.9684877" lon="77.6378754"/>
 <node id="4174231446" visible="true" version="2" changeset="158956663" timestamp="2024-11-10T06:45:28Z" user="Vonter" uid="3926189" lat="12.9685024" lon="77.6378926"/>
 <node id="4174231448" visible="true" version="2" changeset="158956663" timestamp="2024-11-10T06:45:28Z" user="Vonter" uid="3926189" lat="12.9685070" lon="77.6380391"/>
 <node id="4174231450" visible="true" version="2" changeset="158956663" timestamp="2024-11-10T06:45:28Z" user="Vonter" uid="3926189" lat="12.9685081" lon="77.6377259"/>
 <node id="4174231451" visible="true" version="2" changeset="158956663" timestamp="2024-11-10T06:45:28Z" user="Vonter" uid="3926189" lat="12.9685129" lon="77.6378760"/>
 <node id="4174231452" visible="true" version="2" changeset="158956663" timestamp="2024-11-10T06:45:28Z" user="Vonter" uid="3926189" lat="12.9685162" lon="77.6379001"/>
 <node id="4174231453" visible="true" version="2" changeset="158956663" timestamp="2024-11-10T06:45:28Z" user="Vonter" uid="3926189" lat="12.9685190" lon="77.6380280"/>
 <node id="4174231454" visible="true" version="2" changeset="158956663" timestamp="2024-11-10T06:45:28Z" user="Vonter" uid="3926189" lat="12.9686200" lon="77.6377221"/>
 <node id="4174231457" visible="true" version="2" changeset="158956663" timestamp="2024-11-10T06:45:28Z" user="Vonter" uid="3926189" lat="12.9686248" lon="77.6378723"/>
 <node id="4174231458" visible="true" version="2" changeset="158956663" timestamp="2024-11-10T06:45:28Z" user="Vonter" uid="3926189" lat="12.9686217" lon="77.6378977"/>
 <node id="4174231459" visible="true" version="2" changeset="158956663" timestamp="2024-11-10T06:45:28Z" user="Vonter" uid="3926189" lat="12.9686245" lon="77.6380256"/>
 <node id="4174231465" visible="true" version="2" changeset="158956663" timestamp="2024-11-10T06:45:28Z" user="Vonter" uid="3926189" lat="12.9686298" lon="77.6377181"/>
 <node id="4174231466" visible="true" version="2" changeset="158956663" timestamp="2024-11-10T06:45:28Z" user="Vonter" uid="3926189" lat="12.9686330" lon="77.6378836"/>
 <node id="4174231469" visible="true" version="2" changeset="158956663" timestamp="2024-11-10T06:45:28Z" user="Vonter" uid="3926189" lat="12.9686386" lon="77.6380319"/>
 <node id="4174231470" visible="true" version="2" changeset="158956663" timestamp="2024-11-10T06:45:28Z" user="Vonter" uid="3926189" lat="12.9686347" lon="77.6378720"/>
 <node id="4174231483" visible="true" version="2" changeset="158956663" timestamp="2024-11-10T06:45:28Z" user="Vonter" uid="3926189" lat="12.9687301" lon="77.6377147"/>
 <node id="4174231484" visible="true" version="2" changeset="158956663" timestamp="2024-11-10T06:45:28Z" user="Vonter" uid="3926189" lat="12.9687350" lon="77.6378686"/>
 <node id="4174231485" visible="true" version="2" changeset="158956663" timestamp="2024-11-10T06:45:28Z" user="Vonter" uid="3926189" lat="12.9687396" lon="77.6378794"/>
 <node id="4174231487" visible="true" version="2" changeset="158956663" timestamp="2024-11-10T06:45:28Z" user="Vonter" uid="3926189" lat="12.9687453" lon="77.6380276"/>
 <node id="4174231488" visible="true" version="2" changeset="158956663" timestamp="2024-11-10T06:45:28Z" user="Vonter" uid="3926189" lat="12.9687409" lon="77.6378663"/>
 <node id="4174232747" visible="true" version="2" changeset="154065223" timestamp="2024-07-17T16:05:44Z" user="Vonter" uid="3926189" lat="12.9696631" lon="77.6377794"/>
 <node id="4174232749" visible="true" version="2" changeset="154065223" timestamp="2024-07-17T16:05:44Z" user="Vonter" uid="3926189" lat="12.9696673" lon="77.6378682"/>
 <node id="4174232752" visible="true" version="2" changeset="154065223" timestamp="2024-07-17T16:05:44Z" user="Vonter" uid="3926189" lat="12.9696653" lon="77.6380024"/>
 <node id="4174232755" visible="true" version="2" changeset="154065223" timestamp="2024-07-17T16:05:44Z" user="Vonter" uid="3926189" lat="12.9696682" lon="77.6381135"/>
 <node id="4174232756" visible="true" version="2" changeset="154065223" timestamp="2024-07-17T16:05:44Z" user="Vonter" uid="3926189" lat="12.9696640" lon="77.6379027"/>
 <node id="4174232758" visible="true" version="2" changeset="154065223" timestamp="2024-07-17T16:05:44Z" user="Vonter" uid="3926189" lat="12.9696812" lon="77.6381332"/>
 <node id="4174232759" visible="true" version="2" changeset="154065223" timestamp="2024-07-17T16:05:44Z" user="Vonter" uid="3926189" lat="12.9696667" lon="77.6379874"/>
 <node id="4174232761" visible="true" version="2" changeset="154065223" timestamp="2024-07-17T16:05:44Z" user="Vonter" uid="3926189" lat="12.9697018" lon="77.6382431"/>
 <node id="4174235228" visible="true" version="2" changeset="158956663" timestamp="2024-11-10T06:45:28Z" user="Vonter" uid="3926189" lat="12.9691647" lon="77.6377070"/>
 <node id="4174235230" visible="true" version="2" changeset="158956663" timestamp="2024-11-10T06:45:28Z" user="Vonter" uid="3926189" lat="12.9691688" lon="77.6378381"/>
 <node id="4174235231" visible="true" version="2" changeset="158956663" timestamp="2024-11-10T06:45:28Z" user="Vonter" uid="3926189" lat="12.9691785" lon="77.6378520"/>
 <node id="4174235235" visible="true" version="2" changeset="158956663" timestamp="2024-11-10T06:45:28Z" user="Vonter" uid="3926189" lat="12.9691840" lon="77.6379943"/>
 <node id="4174235237" visible="true" version="2" changeset="158956663" timestamp="2024-11-10T06:45:28Z" user="Vonter" uid="3926189" lat="12.9691759" lon="77.6377078"/>
 <node id="4174235239" visible="true" version="2" changeset="158956663" timestamp="2024-11-10T06:45:28Z" user="Vonter" uid="3926189" lat="12.9691800" lon="77.6378368"/>
 <node id="4174235241" visible="true" version="2" changeset="158956663" timestamp="2024-11-10T06:45:28Z" user="Vonter" uid="3926189" lat="12.9691878" lon="77.6378525"/>
 <node id="4174235243" visible="true" version="2" changeset="158956663" timestamp="2024-11-10T06:45:28Z" user="Vonter" uid="3926189" lat="12.9691931" lon="77.6379926"/>
 <node id="4174235251" visible="true" version="2" changeset="158956663" timestamp="2024-11-10T06:45:28Z" user="Vonter" uid="3926189" lat="12.9692900" lon="77.6378484"/>
 <node id="4174235252" visible="true" version="2" changeset="158956663" timestamp="2024-11-10T06:45:28Z" user="Vonter" uid="3926189" lat="12.9692908" lon="77.6377040"/>
 <node id="4174235253" visible="true" version="2" changeset="158956663" timestamp="2024-11-10T06:45:28Z" user="Vonter" uid="3926189" lat="12.9692954" lon="77.6379885"/>
 <node id="4174235255" visible="true" version="2" changeset="158956663" timestamp="2024-11-10T06:45:28Z" user="Vonter" uid="3926189" lat="12.9692949" lon="77.6378330"/>
 <node id="4174235259" visible="true" version="3" changeset="158956663" timestamp="2024-11-10T06:45:28Z" user="Vonter" uid="3926189" lat="12.9693129" lon="77.6378740"/>
 <node id="4174235261" visible="true" version="3" changeset="158956663" timestamp="2024-11-10T06:45:28Z" user="Vonter" uid="3926189" lat="12.9693162" lon="77.6379796"/>
 <node id="4174235265" visible="true" version="3" changeset="158956663" timestamp="2024-11-10T06:45:28Z" user="Vonter" uid="3926189" lat="12.9693941" lon="77.6378711"/>
 <node id="4174235266" visible="true" version="3" changeset="158956663" timestamp="2024-11-10T06:45:28Z" user="Vonter" uid="3926189" lat="12.9693974" lon="77.6379768"/>
 <node id="4174235285" visible="true" version="2" changeset="154065223" timestamp="2024-07-17T16:05:44Z" user="Vonter" uid="3926189" lat="12.9695292" lon="77.6377860"/>
 <node id="4174235287" visible="true" version="2" changeset="154065223" timestamp="2024-07-17T16:05:44Z" user="Vonter" uid="3926189" lat="12.9695334" lon="77.6378748"/>
 <node id="4174236493" visible="true" version="2" changeset="158956663" timestamp="2024-11-10T06:45:28Z" user="Vonter" uid="3926189" lat="12.9688373" lon="77.6377100"/>
 <node id="4174236495" visible="true" version="2" changeset="158956663" timestamp="2024-11-10T06:45:28Z" user="Vonter" uid="3926189" lat="12.9688421" lon="77.6378629"/>
 <node id="4174236496" visible="true" version="2" changeset="158956663" timestamp="2024-11-10T06:45:28Z" user="Vonter" uid="3926189" lat="12.9688573" lon="77.6378647"/>
 <node id="4174236497" visible="true" version="2" changeset="158956663" timestamp="2024-11-10T06:45:28Z" user="Vonter" uid="3926189" lat="12.9688628" lon="77.6380081"/>
 <node id="4174236498" visible="true" version="2" changeset="158956663" timestamp="2024-11-10T06:45:28Z" user="Vonter" uid="3926189" lat="12.9688436" lon="77.6377164"/>
 <node id="4174236501" visible="true" version="2" changeset="158956663" timestamp="2024-11-10T06:45:28Z" user="Vonter" uid="3926189" lat="12.9688481" lon="77.6378569"/>
 <node id="4174236506" visible="true" version="2" changeset="158956663" timestamp="2024-11-10T06:45:28Z" user="Vonter" uid="3926189" lat="12.9689530" lon="77.6377127"/>
 <node id="4174236507" visible="true" version="2" changeset="158956663" timestamp="2024-11-10T06:45:28Z" user="Vonter" uid="3926189" lat="12.9689574" lon="77.6378533"/>
 <node id="4174236508" visible="true" version="2" changeset="158956663" timestamp="2024-11-10T06:45:28Z" user="Vonter" uid="3926189" lat="12.9689503" lon="77.6378609"/>
 <node id="4174236510" visible="true" version="2" changeset="158956663" timestamp="2024-11-10T06:45:28Z" user="Vonter" uid="3926189" lat="12.9689558" lon="77.6380044"/>
 <node id="4174236513" visible="true" version="2" changeset="158956663" timestamp="2024-11-10T06:45:28Z" user="Vonter" uid="3926189" lat="12.9689593" lon="77.6377157"/>
 <node id="4174236514" visible="true" version="2" changeset="158956663" timestamp="2024-11-10T06:45:28Z" user="Vonter" uid="3926189" lat="12.9689593" lon="77.6378565"/>
 <node id="4174236515" visible="true" version="2" changeset="158956663" timestamp="2024-11-10T06:45:28Z" user="Vonter" uid="3926189" lat="12.9689634" lon="77.6378462"/>
 <node id="4174236517" visible="true" version="2" changeset="158956663" timestamp="2024-11-10T06:45:28Z" user="Vonter" uid="3926189" lat="12.9689650" lon="77.6380078"/>
 <node id="4174236525" visible="true" version="2" changeset="158956663" timestamp="2024-11-10T06:45:28Z" user="Vonter" uid="3926189" lat="12.9690568" lon="77.6377124"/>
 <node id="4174236526" visible="true" version="2" changeset="158956663" timestamp="2024-11-10T06:45:28Z" user="Vonter" uid="3926189" lat="12.9690657" lon="77.6378522"/>
 <node id="4174236527" visible="true" version="2" changeset="158956663" timestamp="2024-11-10T06:45:28Z" user="Vonter" uid="3926189" lat="12.9690610" lon="77.6378429"/>
 <node id="4174236529" visible="true" version="2" changeset="158956663" timestamp="2024-11-10T06:45:28Z" user="Vonter" uid="3926189" lat="12.9690714" lon="77.6380035"/>
 <node id="4174236530" visible="true" version="2" changeset="158956663" timestamp="2024-11-10T06:45:28Z" user="Vonter" uid="3926189" lat="12.9690638" lon="77.6377104"/>
 <node id="4174236531" visible="true" version="2" changeset="158956663" timestamp="2024-11-10T06:45:28Z" user="Vonter" uid="3926189" lat="12.9690680" lon="77.6378415"/>
 <node id="4174236532" visible="true" version="2" changeset="158956663" timestamp="2024-11-10T06:45:28Z" user="Vonter" uid="3926189" lat="12.9690806" lon="77.6378559"/>
 <node id="4174236533" visible="true" version="2" changeset="158956663" timestamp="2024-11-10T06:45:28Z" user="Vonter" uid="3926189" lat="12.9690860" lon="77.6379983"/>
 <node id="4174237190" visible="true" version="2" changeset="154065223" timestamp="2024-07-17T16:05:44Z" user="Vonter" uid="3926189" lat="12.9695512" lon="77.6380054"/>
 <node id="4174237191" visible="true" version="2" changeset="154065223" timestamp="2024-07-17T16:05:44Z" user="Vonter" uid="3926189" lat="12.9695527" lon="77.6379065"/>
 <node id="4174237193" visible="true" version="2" changeset="154065223" timestamp="2024-07-17T16:05:44Z" user="Vonter" uid="3926189" lat="12.9695554" lon="77.6379912"/>
 <node id="4174237194" visible="true" version="2" changeset="154065223" timestamp="2024-07-17T16:05:44Z" user="Vonter" uid="3926189" lat="12.9695540" lon="77.6381165"/>
 <node id="4174237195" visible="true" version="2" changeset="154065223" timestamp="2024-07-17T16:05:44Z" user="Vonter" uid="3926189" lat="12.9695630" lon="77.6381377"/>
 <node id="4174237197" visible="true" version="2" changeset="154065223" timestamp="2024-07-17T16:05:44Z" user="Vonter" uid="3926189" lat="12.9695670" lon="77.6382482"/>
 <node id="4174250974" visible="true" version="3" changeset="158956663" timestamp="2024-11-10T06:45:28Z" user="Vonter" uid="3926189" lat="12.9692113" lon="77.6382722"/>
 <node id="4174250975" visible="true" version="3" changeset="158956663" timestamp="2024-11-10T06:45:28Z" user="Vonter" uid="3926189" lat="12.9692391" lon="77.6387853"/>
 <node id="4174250976" visible="true" version="3" changeset="158956663" timestamp="2024-11-10T06:45:28Z" user="Vonter" uid="3926189" lat="12.9692196" lon="77.6384275"/>
 <node id="4174250977" visible="true" version="3" changeset="158956663" timestamp="2024-11-10T06:45:28Z" user="Vonter" uid="3926189" lat="12.9692365" lon="77.6385258"/>
 <node id="4174250978" visible="true" version="3" changeset="158956663" timestamp="2024-11-10T06:45:28Z" user="Vonter" uid="3926189" lat="12.9692434" lon="77.6386555"/>
 <node id="4174250979" visible="true" version="2" changeset="158956663" timestamp="2024-11-10T06:45:28Z" user="Vonter" uid="3926189" lat="12.9692571" lon="77.6386613"/>
 <node id="4174250980" visible="true" version="2" changeset="158956663" timestamp="2024-11-10T06:45:28Z" user="Vonter" uid="3926189" lat="12.9692627" lon="77.6387652"/>
 <node id="4174250981" visible="true" version="2" changeset="158956663" timestamp="2024-11-10T06:45:28Z" user="Vonter" uid="3926189" lat="12.9693019" lon="77.6381131"/>
 <node id="4174250982" visible="true" version="2" changeset="158956663" timestamp="2024-11-10T06:45:28Z" user="Vonter" uid="3926189" lat="12.9693064" lon="77.6382541"/>
 <node id="4174250983" visible="true" version="3" changeset="158956663" timestamp="2024-11-10T06:45:28Z" user="Vonter" uid="3926189" lat="12.9693163" lon="77.6382663"/>
 <node id="4174250984" visible="true" version="3" changeset="158956663" timestamp="2024-11-10T06:45:28Z" user="Vonter" uid="3926189" lat="12.9693246" lon="77.6384216"/>
 <node id="4174250985" visible="true" version="3" changeset="158956663" timestamp="2024-11-10T06:45:28Z" user="Vonter" uid="3926189" lat="12.9693378" lon="77.6385201"/>
 <node id="4174250986" visible="true" version="3" changeset="158956663" timestamp="2024-11-10T06:45:28Z" user="Vonter" uid="3926189" lat="12.9693448" lon="77.6386498"/>
 <node id="4174250987" visible="true" version="2" changeset="158956663" timestamp="2024-11-10T06:45:28Z" user="Vonter" uid="3926189" lat="12.9693476" lon="77.6386562"/>
 <node id="4174250988" visible="true" version="2" changeset="158956663" timestamp="2024-11-10T06:45:28Z" user="Vonter" uid="3926189" lat="12.9693532" lon="77.6387601"/>
 <node id="4174255860" visible="true" version="2" changeset="158956663" timestamp="2024-11-10T06:45:28Z" user="Vonter" uid="3926189" lat="12.9685515" lon="77.6381650"/>
 <node id="4174255861" visible="true" version="2" changeset="158956663" timestamp="2024-11-10T06:45:28Z" user="Vonter" uid="3926189" lat="12.9685595" lon="77.6385808"/>
 <node id="4174255862" visible="true" version="2" changeset="158956663" timestamp="2024-11-10T06:45:28Z" user="Vonter" uid="3926189" lat="12.9685560" lon="77.6383035"/>
 <node id="4174255863" visible="true" version="2" changeset="158956663" timestamp="2024-11-10T06:45:28Z" user="Vonter" uid="3926189" lat="12.9685658" lon="77.6386978"/>
 <node id="4174255864" visible="true" version="2" changeset="158956663" timestamp="2024-11-10T06:45:28Z" user="Vonter" uid="3926189" lat="12.9685596" lon="77.6383241"/>
 <node id="4174255865" visible="true" version="2" changeset="158956663" timestamp="2024-11-10T06:45:28Z" user="Vonter" uid="3926189" lat="12.9685671" lon="77.6384634"/>
 <node id="4174255866" visible="true" version="2" changeset="158956663" timestamp="2024-11-10T06:45:28Z" user="Vonter" uid="3926189" lat="12.9685742" lon="77.6387054"/>
 <node id="4174255867" visible="true" version="2" changeset="158956663" timestamp="2024-11-10T06:45:28Z" user="Vonter" uid="3926189" lat="12.9685805" lon="77.6388235"/>
 <node id="4174255869" visible="true" version="2" changeset="158956663" timestamp="2024-11-10T06:45:28Z" user="Vonter" uid="3926189" lat="12.9686498" lon="77.6381617"/>
 <node id="4174255870" visible="true" version="2" changeset="158956663" timestamp="2024-11-10T06:45:28Z" user="Vonter" uid="3926189" lat="12.9686542" lon="77.6383002"/>
 <node id="4174255871" visible="true" version="2" changeset="158956663" timestamp="2024-11-10T06:45:28Z" user="Vonter" uid="3926189" lat="12.9686680" lon="77.6385747"/>
 <node id="4174255873" visible="true" version="2" changeset="158956663" timestamp="2024-11-10T06:45:28Z" user="Vonter" uid="3926189" lat="12.9686743" lon="77.6386917"/>
 <node id="4174255874" visible="true" version="2" changeset="158956663" timestamp="2024-11-10T06:45:28Z" user="Vonter" uid="3926189" lat="12.9686677" lon="77.6387001"/>
 <node id="4174255875" visible="true" version="2" changeset="158956663" timestamp="2024-11-10T06:45:28Z" user="Vonter" uid="3926189" lat="12.9686740" lon="77.6388182"/>
 <node id="4174255876" visible="true" version="2" changeset="158956663" timestamp="2024-11-10T06:45:28Z" user="Vonter" uid="3926189" lat="12.9686587" lon="77.6384583"/>
 <node id="4174255877" visible="true" version="2" changeset="158956663" timestamp="2024-11-10T06:45:28Z" user="Vonter" uid="3926189" lat="12.9686571" lon="77.6381604"/>
 <node id="4174255878" visible="true" version="2" changeset="158956663" timestamp="2024-11-10T06:45:28Z" user="Vonter" uid="3926189" lat="12.9686612" lon="77.6382881"/>
 <node id="4174255879" visible="true" version="2" changeset="158956663" timestamp="2024-11-10T06:45:28Z" user="Vonter" uid="3926189" lat="12.9686777" lon="77.6385730"/>
 <node id="4174255880" visible="true" version="2" changeset="158956663" timestamp="2024-11-10T06:45:28Z" user="Vonter" uid="3926189" lat="12.9686629" lon="77.6383148"/>
 <node id="4174255881" visible="true" version="2" changeset="153153237" timestamp="2024-06-25T11:43:24Z" user="Vonter" uid="3926189" lat="12.9686830" lon="77.6386989"/>
 <node id="4174255882" visible="true" version="2" changeset="158956663" timestamp="2024-11-10T06:45:28Z" user="Vonter" uid="3926189" lat="12.9686837" lon="77.6386854"/>
 <node id="4174255883" visible="true" version="2" changeset="153153237" timestamp="2024-06-25T11:43:24Z" user="Vonter" uid="3926189" lat="12.9686917" lon="77.6388326"/>
 <node id="4174255884" visible="true" version="2" changeset="158956663" timestamp="2024-11-10T06:45:28Z" user="Vonter" uid="3926189" lat="12.9686700" lon="77.6384483"/>
 <node id="4174255885" visible="true" version="2" changeset="158956663" timestamp="2024-11-10T06:45:28Z" user="Vonter" uid="3926189" lat="12.9687582" lon="77.6381570"/>
 <node id="4174255886" visible="true" version="2" changeset="158956663" timestamp="2024-11-10T06:45:28Z" user="Vonter" uid="3926189" lat="12.9687837" lon="77.6385670"/>
 <node id="4174255887" visible="true" version="2" changeset="158956663" timestamp="2024-11-10T06:45:28Z" user="Vonter" uid="3926189" lat="12.9687625" lon="77.6383092"/>
 <node id="4174255888" visible="true" version="2" changeset="158956663" timestamp="2024-11-10T06:45:28Z" user="Vonter" uid="3926189" lat="12.9687897" lon="77.6386794"/>
 <node id="4174258789" visible="true" version="2" changeset="158956663" timestamp="2024-11-10T06:45:28Z" user="Vonter" uid="3926189" lat="12.9687623" lon="77.6382846"/>
 <node id="4174258790" visible="true" version="2" changeset="158956663" timestamp="2024-11-10T06:45:28Z" user="Vonter" uid="3926189" lat="12.9687696" lon="77.6384427"/>
 <node id="4174258791" visible="true" version="2" changeset="153153237" timestamp="2024-06-25T11:43:24Z" user="Vonter" uid="3926189" lat="12.9687831" lon="77.6386920"/>
 <node id="4174258792" visible="true" version="2" changeset="153153237" timestamp="2024-06-25T11:43:24Z" user="Vonter" uid="3926189" lat="12.9687918" lon="77.6388257"/>
 <node id="4174258793" visible="true" version="2" changeset="158956663" timestamp="2024-11-10T06:45:28Z" user="Vonter" uid="3926189" lat="12.9687701" lon="77.6381672"/>
 <node id="4174258794" visible="true" version="2" changeset="158956663" timestamp="2024-11-10T06:45:28Z" user="Vonter" uid="3926189" lat="12.9687739" lon="77.6382847"/>
 <node id="4174258795" visible="true" version="2" changeset="158956663" timestamp="2024-11-10T06:45:28Z" user="Vonter" uid="3926189" lat="12.9687887" lon="77.6385655"/>
 <node id="4174258796" visible="true" version="2" changeset="158956663" timestamp="2024-11-10T06:45:28Z" user="Vonter" uid="3926189" lat="12.9687948" lon="77.6386800"/>
 <node id="4174258797" visible="true" version="2" changeset="158956663" timestamp="2024-11-10T06:45:28Z" user="Vonter" uid="3926189" lat="12.9687792" lon="77.6383136"/>
 <node id="4174258798" visible="true" version="2" changeset="158956663" timestamp="2024-11-10T06:45:28Z" user="Vonter" uid="3926189" lat="12.9687853" lon="77.6384275"/>
 <node id="4174258799" visible="true" version="3" changeset="158956663" timestamp="2024-11-10T06:45:28Z" user="Vonter" uid="3926189" lat="12.9687923" lon="77.6386942"/>
 <node id="4174258800" visible="true" version="3" changeset="158956663" timestamp="2024-11-10T06:45:28Z" user="Vonter" uid="3926189" lat="12.9687991" lon="77.6388215"/>
 <node id="4174258801" visible="true" version="2" changeset="158956663" timestamp="2024-11-10T06:45:28Z" user="Vonter" uid="3926189" lat="12.9688736" lon="77.6381637"/>
 <node id="4174258802" visible="true" version="2" changeset="158956663" timestamp="2024-11-10T06:45:28Z" user="Vonter" uid="3926189" lat="12.9688693" lon="77.6383085"/>
 <node id="4174258803" visible="true" version="2" changeset="158956663" timestamp="2024-11-10T06:45:28Z" user="Vonter" uid="3926189" lat="12.9688773" lon="77.6382812"/>
 <node id="4174258804" visible="true" version="2" changeset="158956663" timestamp="2024-11-10T06:45:28Z" user="Vonter" uid="3926189" lat="12.9688754" lon="77.6384225"/>
 <node id="4174258806" visible="true" version="2" changeset="158956663" timestamp="2024-11-10T06:45:28Z" user="Vonter" uid="3926189" lat="12.9688833" lon="77.6386750"/>
 <node id="4174258807" visible="true" version="2" changeset="158956663" timestamp="2024-11-10T06:45:28Z" user="Vonter" uid="3926189" lat="12.9688810" lon="77.6381331"/>
 <node id="4174258808" visible="true" version="3" changeset="158956663" timestamp="2024-11-10T06:45:28Z" user="Vonter" uid="3926189" lat="12.9688961" lon="77.6386884"/>
 <node id="4174258809" visible="true" version="2" changeset="158956663" timestamp="2024-11-10T06:45:28Z" user="Vonter" uid="3926189" lat="12.9688860" lon="77.6382863"/>
 <node id="4174258810" visible="true" version="3" changeset="158956663" timestamp="2024-11-10T06:45:28Z" user="Vonter" uid="3926189" lat="12.9689029" lon="77.6388156"/>
 <node id="4174258811" visible="true" version="2" changeset="158956663" timestamp="2024-11-10T06:45:28Z" user="Vonter" uid="3926189" lat="12.9688853" lon="77.6382683"/>
 <node id="4174258812" visible="true" version="2" changeset="158956663" timestamp="2024-11-10T06:45:28Z" user="Vonter" uid="3926189" lat="12.9688938" lon="77.6384326"/>
 <node id="4174258814" visible="true" version="2" changeset="153153237" timestamp="2024-06-25T11:43:24Z" user="Vonter" uid="3926189" lat="12.9689240" lon="77.6386906"/>
 <node id="4174258815" visible="true" version="2" changeset="158956663" timestamp="2024-11-10T06:45:28Z" user="Vonter" uid="3926189" lat="12.9689204" lon="77.6385432"/>
 <node id="4174258816" visible="true" version="2" changeset="153153237" timestamp="2024-06-25T11:43:24Z" user="Vonter" uid="3926189" lat="12.9689298" lon="77.6387972"/>
 <node id="4174258817" visible="true" version="2" changeset="158956663" timestamp="2024-11-10T06:45:28Z" user="Vonter" uid="3926189" lat="12.9689268" lon="77.6386636"/>
 <node id="4174258818" visible="true" version="2" changeset="158956663" timestamp="2024-11-10T06:45:28Z" user="Vonter" uid="3926189" lat="12.9689784" lon="77.6381298"/>
 <node id="4174258819" visible="true" version="2" changeset="158956663" timestamp="2024-11-10T06:45:28Z" user="Vonter" uid="3926189" lat="12.9689828" lon="77.6382650"/>
 <node id="4174258820" visible="true" version="2" changeset="158956663" timestamp="2024-11-10T06:45:28Z" user="Vonter" uid="3926189" lat="12.9689797" lon="77.6382810"/>
 <node id="4174258821" visible="true" version="2" changeset="158956663" timestamp="2024-11-10T06:45:28Z" user="Vonter" uid="3926189" lat="12.9689876" lon="77.6384273"/>
 <node id="4174258822" visible="true" version="2" changeset="158956663" timestamp="2024-11-10T06:45:28Z" user="Vonter" uid="3926189" lat="12.9689853" lon="77.6381191"/>
 <node id="4174258823" visible="true" version="2" changeset="158956663" timestamp="2024-11-10T06:45:28Z" user="Vonter" uid="3926189" lat="12.9690098" lon="77.6385382"/>
 <node id="4174258824" visible="true" version="2" changeset="158956663" timestamp="2024-11-10T06:45:28Z" user="Vonter" uid="3926189" lat="12.9689918" lon="77.6382832"/>
 <node id="4174258825" visible="true" version="2" changeset="158956663" timestamp="2024-11-10T06:45:28Z" user="Vonter" uid="3926189" lat="12.9689899" lon="77.6382602"/>
 <node id="4174258826" visible="true" version="2" changeset="153153237" timestamp="2024-06-25T11:43:24Z" user="Vonter" uid="3926189" lat="12.9690108" lon="77.6386856"/>
 <node id="4174258827" visible="true" version="2" changeset="158956663" timestamp="2024-11-10T06:45:28Z" user="Vonter" uid="3926189" lat="12.9690162" lon="77.6386585"/>
 <node id="4174258828" visible="true" version="2" changeset="153153237" timestamp="2024-06-25T11:43:24Z" user="Vonter" uid="3926189" lat="12.9690165" lon="77.6387923"/>
 <node id="4174258829" visible="true" version="2" changeset="158956663" timestamp="2024-11-10T06:45:28Z" user="Vonter" uid="3926189" lat="12.9689993" lon="77.6384252"/>
 <node id="4174258830" visible="true" version="2" changeset="158956663" timestamp="2024-11-10T06:45:28Z" user="Vonter" uid="3926189" lat="12.9690174" lon="77.6385391"/>
 <node id="4174258831" visible="true" version="2" changeset="158956663" timestamp="2024-11-10T06:45:28Z" user="Vonter" uid="3926189" lat="12.9690239" lon="77.6386592"/>
 <node id="4174258832" visible="true" version="2" changeset="158956663" timestamp="2024-11-10T06:45:28Z" user="Vonter" uid="3926189" lat="12.9690214" lon="77.6386742"/>
 <node id="4174258833" visible="true" version="2" changeset="158956663" timestamp="2024-11-10T06:45:28Z" user="Vonter" uid="3926189" lat="12.9690278" lon="77.6387933"/>
 <node id="4174258835" visible="true" version="2" changeset="158956663" timestamp="2024-11-10T06:45:28Z" user="Vonter" uid="3926189" lat="12.9690898" lon="77.6382777"/>
 <node id="4174258836" visible="true" version="2" changeset="158956663" timestamp="2024-11-10T06:45:28Z" user="Vonter" uid="3926189" lat="12.9690846" lon="77.6382570"/>
 <node id="4174258837" visible="true" version="2" changeset="158956663" timestamp="2024-11-10T06:45:28Z" user="Vonter" uid="3926189" lat="12.9691170" lon="77.6385335"/>
 <node id="4174258838" visible="true" version="2" changeset="158956663" timestamp="2024-11-10T06:45:28Z" user="Vonter" uid="3926189" lat="12.9690974" lon="77.6384197"/>
 <node id="4174258839" visible="true" version="2" changeset="158956663" timestamp="2024-11-10T06:45:28Z" user="Vonter" uid="3926189" lat="12.9691234" lon="77.6386536"/>
 <node id="4174258840" visible="true" version="2" changeset="158956663" timestamp="2024-11-10T06:45:28Z" user="Vonter" uid="3926189" lat="12.9690959" lon="77.6381149"/>
 <node id="4174258841" visible="true" version="2" changeset="158956663" timestamp="2024-11-10T06:45:28Z" user="Vonter" uid="3926189" lat="12.9691202" lon="77.6386686"/>
 <node id="4174258842" visible="true" version="2" changeset="158956663" timestamp="2024-11-10T06:45:28Z" user="Vonter" uid="3926189" lat="12.9691006" lon="77.6382622"/>
 <node id="4174258843" visible="true" version="2" changeset="158956663" timestamp="2024-11-10T06:45:28Z" user="Vonter" uid="3926189" lat="12.9691266" lon="77.6387878"/>
 <node id="4174258844" visible="true" version="3" changeset="158956663" timestamp="2024-11-10T06:45:28Z" user="Vonter" uid="3926189" lat="12.9691026" lon="77.6382837"/>
 <node id="4174258845" visible="true" version="2" changeset="158956663" timestamp="2024-11-10T06:45:28Z" user="Vonter" uid="3926189" lat="12.9691254" lon="77.6385274"/>
 <node id="4174258846" visible="true" version="3" changeset="158956663" timestamp="2024-11-10T06:45:28Z" user="Vonter" uid="3926189" lat="12.9691104" lon="77.6384296"/>
 <node id="4174258847" visible="true" version="2" changeset="158956663" timestamp="2024-11-10T06:45:28Z" user="Vonter" uid="3926189" lat="12.9691323" lon="77.6386569"/>
 <node id="4174258848" visible="true" version="3" changeset="158956663" timestamp="2024-11-10T06:45:28Z" user="Vonter" uid="3926189" lat="12.9691262" lon="77.6386645"/>
 <node id="4174258849" visible="true" version="3" changeset="158956663" timestamp="2024-11-10T06:45:28Z" user="Vonter" uid="3926189" lat="12.9691330" lon="77.6387913"/>
 <node id="4174258850" visible="true" version="2" changeset="158956663" timestamp="2024-11-10T06:45:28Z" user="Vonter" uid="3926189" lat="12.9692013" lon="77.6381114"/>
 <node id="4174258851" visible="true" version="2" changeset="158956663" timestamp="2024-11-10T06:45:28Z" user="Vonter" uid="3926189" lat="12.9692060" lon="77.6382587"/>
 <node id="4174258852" visible="true" version="3" changeset="158956663" timestamp="2024-11-10T06:45:28Z" user="Vonter" uid="3926189" lat="12.9692035" lon="77.6382780"/>
 <node id="4174258853" visible="true" version="2" changeset="158956663" timestamp="2024-11-10T06:45:28Z" user="Vonter" uid="3926189" lat="12.9692085" lon="77.6381162"/>
 <node id="4174258854" visible="true" version="3" changeset="158956663" timestamp="2024-11-10T06:45:28Z" user="Vonter" uid="3926189" lat="12.9692113" lon="77.6384239"/>
 <node id="4174258855" visible="true" version="2" changeset="158956663" timestamp="2024-11-10T06:45:28Z" user="Vonter" uid="3926189" lat="12.9692130" lon="77.6385224"/>
 <node id="4174258856" visible="true" version="2" changeset="158956663" timestamp="2024-11-10T06:45:28Z" user="Vonter" uid="3926189" lat="12.9692199" lon="77.6386519"/>
 <node id="4174258857" visible="true" version="2" changeset="158956663" timestamp="2024-11-10T06:45:28Z" user="Vonter" uid="3926189" lat="12.9692131" lon="77.6382573"/>
 <node id="4174258858" visible="true" version="3" changeset="158956663" timestamp="2024-11-10T06:45:28Z" user="Vonter" uid="3926189" lat="12.9692323" lon="77.6386585"/>
 <node id="4174305290" visible="true" version="2" changeset="162015801" timestamp="2025-02-01T15:42:12Z" user="Vonter" uid="3926189" lat="12.9687662" lon="77.6407981"/>
 <node id="4174305291" visible="true" version="2" changeset="162015801" timestamp="2025-02-01T15:42:12Z" user="Vonter" uid="3926189" lat="12.9687778" lon="77.6409458"/>
 <node id="4174305292" visible="true" version="2" changeset="162015801" timestamp="2025-02-01T15:42:12Z" user="Vonter" uid="3926189" lat="12.9688497" lon="77.6407912"/>
 <node id="4174305293" visible="true" version="2" changeset="162015801" timestamp="2025-02-01T15:42:12Z" user="Vonter" uid="3926189" lat="12.9688613" lon="77.6409389"/>
 <node id="4174305294" visible="true" version="2" changeset="162015801" timestamp="2025-02-01T15:42:12Z" user="Vonter" uid="3926189" lat="12.9688715" lon="77.6407908"/>
 <node id="4174305295" visible="true" version="2" changeset="162015801" timestamp="2025-02-01T15:42:12Z" user="Vonter" uid="3926189" lat="12.9688834" lon="77.6409411"/>
 <node id="4174305296" visible="true" version="2" changeset="162015801" timestamp="2025-02-01T15:42:12Z" user="Vonter" uid="3926189" lat="12.9689882" lon="77.6407812"/>
 <node id="4174305297" visible="true" version="2" changeset="162015801" timestamp="2025-02-01T15:42:12Z" user="Vonter" uid="3926189" lat="12.9690001" lon="77.6409314"/>
 <node id="4174305298" visible="true" version="2" changeset="162015801" timestamp="2025-02-01T15:42:12Z" user="Vonter" uid="3926189" lat="12.9690096" lon="77.6407599"/>
 <node id="4174305299" visible="true" version="2" changeset="162015801" timestamp="2025-02-01T15:42:12Z" user="Vonter" uid="3926189" lat="12.9690232" lon="77.6409331"/>
 <node id="4174305300" visible="true" version="2" changeset="162015801" timestamp="2025-02-01T15:42:12Z" user="Vonter" uid="3926189" lat="12.9691333" lon="77.6407497"/>
 <node id="4174305301" visible="true" version="2" changeset="162015801" timestamp="2025-02-01T15:42:12Z" user="Vonter" uid="3926189" lat="12.9691469" lon="77.6409228"/>
 <node id="4174305302" visible="true" version="2" changeset="162015801" timestamp="2025-02-01T15:42:12Z" user="Vonter" uid="3926189" lat="12.9691534" lon="77.6407725"/>
 <node id="4174305303" visible="true" version="2" changeset="162015801" timestamp="2025-02-01T15:42:12Z" user="Vonter" uid="3926189" lat="12.9691627" lon="77.6408908"/>
 <node id="4174305304" visible="true" version="2" changeset="162015801" timestamp="2025-02-01T15:42:12Z" user="Vonter" uid="3926189" lat="12.9692509" lon="77.6407644"/>
 <node id="4174305305" visible="true" version="2" changeset="162015801" timestamp="2025-02-01T15:42:12Z" user="Vonter" uid="3926189" lat="12.9692602" lon="77.6408827"/>
 <node id="4174305306" visible="true" version="2" changeset="162015801" timestamp="2025-02-01T15:42:12Z" user="Vonter" uid="3926189" lat="12.9692874" lon="77.6407607"/>
 <node id="4174305307" visible="true" version="2" changeset="162015801" timestamp="2025-02-01T15:42:12Z" user="Vonter" uid="3926189" lat="12.9692996" lon="77.6409163"/>
 <node id="4174305309" visible="true" version="2" changeset="162015801" timestamp="2025-02-01T15:42:12Z" user="Vonter" uid="3926189" lat="12.9694082" lon="77.6409073"/>
 <node id="4174306959" visible="true" version="1" changeset="39197763" timestamp="2016-05-09T18:23:00Z" user="PlaneMad" uid="1306" lat="12.9715084" lon="77.6386790"/>
 <node id="4174331806" visible="true" version="1" changeset="39197893" timestamp="2016-05-09T18:29:09Z" user="PlaneMad" uid="1306" lat="12.9675277" lon="77.6383548">
  <tag k="natural" v="tree"/>
 </node>
 <node id="4174331807" visible="true" version="1" changeset="39197893" timestamp="2016-05-09T18:29:09Z" user="PlaneMad" uid="1306" lat="12.9675643" lon="77.6388241"/>
 <node id="4174331808" visible="true" version="1" changeset="39197893" timestamp="2016-05-09T18:29:09Z" user="PlaneMad" uid="1306" lat="12.9675782" lon="77.6387365"/>
 <node id="4174331809" visible="true" version="1" changeset="39197893" timestamp="2016-05-09T18:29:09Z" user="PlaneMad" uid="1306" lat="12.9675935" lon="77.6387069"/>
 <node id="4174331810" visible="true" version="1" changeset="39197893" timestamp="2016-05-09T18:29:09Z" user="PlaneMad" uid="1306" lat="12.9675996" lon="77.6386686"/>
 <node id="4174331811" visible="true" version="1" changeset="39197893" timestamp="2016-05-09T18:29:09Z" user="PlaneMad" uid="1306" lat="12.9676088" lon="77.6386534"/>
 <node id="4174331812" visible="true" version="1" changeset="39197893" timestamp="2016-05-09T18:29:10Z" user="PlaneMad" uid="1306" lat="12.9676192" lon="77.6385881"/>
 <node id="4174331813" visible="true" version="1" changeset="39197893" timestamp="2016-05-09T18:29:10Z" user="PlaneMad" uid="1306" lat="12.9676393" lon="77.6388366"/>
 <node id="4174331814" visible="true" version="1" changeset="39197893" timestamp="2016-05-09T18:29:10Z" user="PlaneMad" uid="1306" lat="12.9676532" lon="77.6387490"/>
 <node id="4174331815" visible="true" version="1" changeset="39197893" timestamp="2016-05-09T18:29:10Z" user="PlaneMad" uid="1306" lat="12.9676597" lon="77.6386619"/>
 <node id="4174331816" visible="true" version="1" changeset="39197893" timestamp="2016-05-09T18:29:10Z" user="PlaneMad" uid="1306" lat="12.9676610" lon="77.6387182"/>
 <node id="4174331817" visible="true" version="1" changeset="39197893" timestamp="2016-05-09T18:29:10Z" user="PlaneMad" uid="1306" lat="12.9676671" lon="77.6386798"/>
 <node id="4174331818" visible="true" version="1" changeset="39197893" timestamp="2016-05-09T18:29:10Z" user="PlaneMad" uid="1306" lat="12.9676700" lon="77.6385966"/>
 <node id="4174331819" visible="true" version="1" changeset="39197893" timestamp="2016-05-09T18:29:10Z" user="PlaneMad" uid="1306" lat="12.9676897" lon="77.6389898"/>
 <node id="4174331820" visible="true" version="1" changeset="39197893" timestamp="2016-05-09T18:29:10Z" user="PlaneMad" uid="1306" lat="12.9676992" lon="77.6389299"/>
 <node id="4174331821" visible="true" version="1" changeset="39197893" timestamp="2016-05-09T18:29:10Z" user="PlaneMad" uid="1306" lat="12.9677113" lon="77.6389046"/>
 <node id="4174331822" visible="true" version="1" changeset="39197893" timestamp="2016-05-09T18:29:11Z" user="PlaneMad" uid="1306" lat="12.9677175" lon="77.6388657"/>
 <node id="4174331823" visible="true" version="1" changeset="39197893" timestamp="2016-05-09T18:29:11Z" user="PlaneMad" uid="1306" lat="12.9677258" lon="77.6387948"/>
 <node id="4174331824" visible="true" version="1" changeset="39197893" timestamp="2016-05-09T18:29:11Z" user="PlaneMad" uid="1306" lat="12.9677287" lon="77.6388503"/>
 <node id="4174331825" visible="true" version="1" changeset="39197893" timestamp="2016-05-09T18:29:11Z" user="PlaneMad" uid="1306" lat="12.9677322" lon="77.6387544"/>
 <node id="4174331826" visible="true" version="1" changeset="39197893" timestamp="2016-05-09T18:29:11Z" user="PlaneMad" uid="1306" lat="12.9677348" lon="77.6388114"/>
 <node id="4174331827" visible="true" version="1" changeset="39197893" timestamp="2016-05-09T18:29:11Z" user="PlaneMad" uid="1306" lat="12.9677466" lon="77.6390769"/>
 <node id="4174331828" visible="true" version="1" changeset="39197893" timestamp="2016-05-09T18:29:11Z" user="PlaneMad" uid="1306" lat="12.9677469" lon="77.6387311"/>
 <node id="4174331829" visible="true" version="1" changeset="39197893" timestamp="2016-05-09T18:29:11Z" user="PlaneMad" uid="1306" lat="12.9677541" lon="77.6390319"/>
 <node id="4174331830" visible="true" version="1" changeset="39197893" timestamp="2016-05-09T18:29:11Z" user="PlaneMad" uid="1306" lat="12.9677551" lon="77.6386793"/>
 <node id="4174331831" visible="true" version="1" changeset="39197893" timestamp="2016-05-09T18:29:11Z" user="PlaneMad" uid="1306" lat="12.9677874" lon="77.6390061"/>
 <node id="4174331832" visible="true" version="1" changeset="39197893" timestamp="2016-05-09T18:29:11Z" user="PlaneMad" uid="1306" lat="12.9677969" lon="77.6389462"/>
 <node id="4174331833" visible="true" version="1" changeset="39197893" timestamp="2016-05-09T18:29:12Z" user="PlaneMad" uid="1306" lat="12.9677999" lon="77.6389194"/>
 <node id="4174331834" visible="true" version="1" changeset="39197893" timestamp="2016-05-09T18:29:12Z" user="PlaneMad" uid="1306" lat="12.9678015" lon="77.6390199"/>
 <node id="4174331835" visible="true" version="1" changeset="39197893" timestamp="2016-05-09T18:29:12Z" user="PlaneMad" uid="1306" lat="12.9678061" lon="77.6388805"/>
 <node id="4174331836" visible="true" version="1" changeset="39197893" timestamp="2016-05-09T18:29:12Z" user="PlaneMad" uid="1306" lat="12.9678093" lon="77.6388637"/>
 <node id="4174331837" visible="true" version="1" changeset="39197893" timestamp="2016-05-09T18:29:12Z" user="PlaneMad" uid="1306" lat="12.9678095" lon="77.6389691"/>
 <node id="4174331838" visible="true" version="1" changeset="39197893" timestamp="2016-05-09T18:29:12Z" user="PlaneMad" uid="1306" lat="12.9678133" lon="77.6389576"/>
 <node id="4174331839" visible="true" version="1" changeset="39197893" timestamp="2016-05-09T18:29:12Z" user="PlaneMad" uid="1306" lat="12.9678155" lon="77.6388248"/>
 <node id="4174331840" visible="true" version="1" changeset="39197893" timestamp="2016-05-09T18:29:12Z" user="PlaneMad" uid="1306" lat="12.9678172" lon="77.6388101"/>
 <node id="4174331841" visible="true" version="1" changeset="39197893" timestamp="2016-05-09T18:29:12Z" user="PlaneMad" uid="1306" lat="12.9678199" lon="77.6389159"/>
 <node id="4174331842" visible="true" version="1" changeset="39197893" timestamp="2016-05-09T18:29:12Z" user="PlaneMad" uid="1306" lat="12.9678236" lon="77.6387696"/>
 <node id="4174331843" visible="true" version="1" changeset="39197893" timestamp="2016-05-09T18:29:12Z" user="PlaneMad" uid="1306" lat="12.9678250" lon="77.6389013"/>
 <node id="4174331844" visible="true" version="1" changeset="39197893" timestamp="2016-05-09T18:29:13Z" user="PlaneMad" uid="1306" lat="12.9678263" lon="77.6387443"/>
 <node id="4174331845" visible="true" version="1" changeset="39197893" timestamp="2016-05-09T18:29:13Z" user="PlaneMad" uid="1306" lat="12.9678296" lon="77.6388443"/>
 <node id="4174331846" visible="true" version="1" changeset="39197893" timestamp="2016-05-09T18:29:13Z" user="PlaneMad" uid="1306" lat="12.9678323" lon="77.6388552"/>
 <node id="4174331847" visible="true" version="1" changeset="39197893" timestamp="2016-05-09T18:29:13Z" user="PlaneMad" uid="1306" lat="12.9678345" lon="77.6386925"/>
 <node id="4174331848" visible="true" version="1" changeset="39197893" timestamp="2016-05-09T18:29:13Z" user="PlaneMad" uid="1306" lat="12.9678355" lon="77.6388069"/>
 <node id="4174331849" visible="true" version="1" changeset="39197893" timestamp="2016-05-09T18:29:13Z" user="PlaneMad" uid="1306" lat="12.9678400" lon="77.6387966"/>
 <node id="4174331850" visible="true" version="1" changeset="39197893" timestamp="2016-05-09T18:29:13Z" user="PlaneMad" uid="1306" lat="12.9678446" lon="77.6387363"/>
 <node id="4174331851" visible="true" version="1" changeset="39197893" timestamp="2016-05-09T18:29:13Z" user="PlaneMad" uid="1306" lat="12.9678471" lon="77.6387520"/>
 <node id="4174331852" visible="true" version="1" changeset="39197893" timestamp="2016-05-09T18:29:13Z" user="PlaneMad" uid="1306" lat="12.9678540" lon="77.6386772"/>
 <node id="4174331853" visible="true" version="1" changeset="39197893" timestamp="2016-05-09T18:29:13Z" user="PlaneMad" uid="1306" lat="12.9678557" lon="77.6386599"/>
 <node id="4174331854" visible="true" version="1" changeset="39197893" timestamp="2016-05-09T18:29:14Z" user="PlaneMad" uid="1306" lat="12.9678594" lon="77.6391354"/>
 <node id="4174331855" visible="true" version="1" changeset="39197893" timestamp="2016-05-09T18:29:14Z" user="PlaneMad" uid="1306" lat="12.9678648" lon="77.6386027"/>
 <node id="4174331856" visible="true" version="1" changeset="39197893" timestamp="2016-05-09T18:29:14Z" user="PlaneMad" uid="1306" lat="12.9678675" lon="77.6390508"/>
 <node id="4174331857" visible="true" version="1" changeset="39197893" timestamp="2016-05-09T18:29:14Z" user="PlaneMad" uid="1306" lat="12.9678732" lon="77.6390319"/>
 <node id="4174331858" visible="true" version="1" changeset="39197893" timestamp="2016-05-09T18:29:14Z" user="PlaneMad" uid="1306" lat="12.9678812" lon="77.6389810"/>
 <node id="4174331859" visible="true" version="1" changeset="39197893" timestamp="2016-05-09T18:29:14Z" user="PlaneMad" uid="1306" lat="12.9678824" lon="77.6389691"/>
 <node id="4174331860" visible="true" version="1" changeset="39197893" timestamp="2016-05-09T18:29:14Z" user="PlaneMad" uid="1306" lat="12.9678890" lon="77.6379609"/>
 <node id="4174331861" visible="true" version="1" changeset="39197893" timestamp="2016-05-09T18:29:14Z" user="PlaneMad" uid="1306" lat="12.9678891" lon="77.6389274"/>
 <node id="4174331862" visible="true" version="1" changeset="39197893" timestamp="2016-05-09T18:29:14Z" user="PlaneMad" uid="1306" lat="12.9678922" lon="77.6389125"/>
 <node id="4174331863" visible="true" version="1" changeset="39197893" timestamp="2016-05-09T18:29:14Z" user="PlaneMad" uid="1306" lat="12.9678995" lon="77.6388664"/>
 <node id="4174331864" visible="true" version="1" changeset="39197893" timestamp="2016-05-09T18:29:14Z" user="PlaneMad" uid="1306" lat="12.9679008" lon="77.6388561"/>
 <node id="4174331865" visible="true" version="1" changeset="39197893" timestamp="2016-05-09T18:29:15Z" user="PlaneMad" uid="1306" lat="12.9679067" lon="77.6388188"/>
 <node id="4174331866" visible="true" version="1" changeset="39197893" timestamp="2016-05-09T18:29:15Z" user="PlaneMad" uid="1306" lat="12.9679147" lon="77.6388091"/>
 <node id="4174331867" visible="true" version="1" changeset="39197893" timestamp="2016-05-09T18:29:15Z" user="PlaneMad" uid="1306" lat="12.9679176" lon="77.6387485"/>
 <node id="4174331868" visible="true" version="1" changeset="39197893" timestamp="2016-05-09T18:29:15Z" user="PlaneMad" uid="1306" lat="12.9679217" lon="77.6387645"/>
 <node id="4174331870" visible="true" version="1" changeset="39197893" timestamp="2016-05-09T18:29:15Z" user="PlaneMad" uid="1306" lat="12.9679270" lon="77.6386894"/>
 <node id="4174331871" visible="true" version="1" changeset="39197893" timestamp="2016-05-09T18:29:15Z" user="PlaneMad" uid="1306" lat="12.9679282" lon="77.6385147"/>
 <node id="4174331872" visible="true" version="1" changeset="39197893" timestamp="2016-05-09T18:29:15Z" user="PlaneMad" uid="1306" lat="12.9679329" lon="77.6386727"/>
 <node id="4174331876" visible="true" version="1" changeset="39197893" timestamp="2016-05-09T18:29:16Z" user="PlaneMad" uid="1306" lat="12.9679420" lon="77.6386156"/>
 <node id="4174331877" visible="true" version="2" changeset="162015801" timestamp="2025-02-01T15:42:12Z" user="Vonter" uid="3926189" lat="12.9679452" lon="77.6376187"/>
 <node id="4174331878" visible="true" version="2" changeset="162015801" timestamp="2025-02-01T15:42:12Z" user="Vonter" uid="3926189" lat="12.9679535" lon="77.6377231"/>
 <node id="4174331879" visible="true" version="2" changeset="162015801" timestamp="2025-02-01T15:42:12Z" user="Vonter" uid="3926189" lat="12.9679550" lon="77.6377371"/>
 <node id="4174331880" visible="true" version="2" changeset="168914156" timestamp="2025-07-14T12:10:25Z" user="Vonter" uid="3926189" lat="12.9679741" lon="77.6390062"/>
 <node id="4174331881" visible="true" version="2" changeset="162015801" timestamp="2025-02-01T15:42:12Z" user="Vonter" uid="3926189" lat="12.9679623" lon="77.6378294"/>
 <node id="4174331883" visible="true" version="2" changeset="168914156" timestamp="2025-07-14T12:10:25Z" user="Vonter" uid="3926189" lat="12.9679847" lon="77.6389320"/>
 <node id="4174331884" visible="true" version="2" changeset="162015801" timestamp="2025-02-01T15:42:12Z" user="Vonter" uid="3926189" lat="12.9679815" lon="77.6380668"/>
 <node id="4174331885" visible="true" version="2" changeset="168914156" timestamp="2025-07-14T12:10:25Z" user="Vonter" uid="3926189" lat="12.9679937" lon="77.6388551"/>
 <node id="4174331886" visible="true" version="2" changeset="162015801" timestamp="2025-02-01T15:42:12Z" user="Vonter" uid="3926189" lat="12.9679706" lon="77.6379544"/>
 <node id="4174331887" visible="true" version="2" changeset="162015801" timestamp="2025-02-01T15:42:12Z" user="Vonter" uid="3926189" lat="12.9679898" lon="77.6381711"/>
 <node id="4174331888" visible="true" version="1" changeset="39197893" timestamp="2016-05-09T18:29:17Z" user="PlaneMad" uid="1306" lat="12.9679856" lon="77.6381928"/>
 <node id="4174333736" visible="true" version="1" changeset="39197893" timestamp="2016-05-09T18:29:20Z" user="PlaneMad" uid="1306" lat="12.9680812" lon="77.6389981"/>
 <node id="4174333737" visible="true" version="2" changeset="162015801" timestamp="2025-02-01T15:42:12Z" user="Vonter" uid="3926189" lat="12.9680868" lon="77.6377261"/>
 <node id="4174333738" visible="true" version="2" changeset="162015801" timestamp="2025-02-01T15:42:12Z" user="Vonter" uid="3926189" lat="12.9680799" lon="77.6376075"/>
 <node id="4174333740" visible="true" version="2" changeset="168914156" timestamp="2025-07-14T12:10:25Z" user="Vonter" uid="3926189" lat="12.9680960" lon="77.6388704"/>
 <node id="4174333741" visible="true" version="2" changeset="168914156" timestamp="2025-07-14T12:10:25Z" user="Vonter" uid="3926189" lat="12.9680975" lon="77.6388558"/>
 <node id="4174333742" visible="true" version="2" changeset="162015801" timestamp="2025-02-01T15:42:12Z" user="Vonter" uid="3926189" lat="12.9680941" lon="77.6378184"/>
 <node id="4174333743" visible="true" version="2" changeset="162015801" timestamp="2025-02-01T15:42:12Z" user="Vonter" uid="3926189" lat="12.9680882" lon="77.6377119"/>
 <node id="4174333744" visible="true" version="2" changeset="168914156" timestamp="2025-07-14T12:10:25Z" user="Vonter" uid="3926189" lat="12.9680839" lon="77.6389905"/>
 <node id="4174333746" visible="true" version="2" changeset="162015801" timestamp="2025-02-01T15:42:12Z" user="Vonter" uid="3926189" lat="12.9681064" lon="77.6379431"/>
 <node id="4174333747" visible="true" version="2" changeset="168914156" timestamp="2025-07-14T12:10:25Z" user="Vonter" uid="3926189" lat="12.9681087" lon="77.6387772"/>
 <node id="4174333749" visible="true" version="2" changeset="162015801" timestamp="2025-02-01T15:42:12Z" user="Vonter" uid="3926189" lat="12.9681103" lon="77.6378304"/>
 <node id="4174333750" visible="true" version="2" changeset="168914156" timestamp="2025-07-14T12:10:25Z" user="Vonter" uid="3926189" lat="12.9681081" lon="77.6387659"/>
 <node id="4174333751" visible="true" version="2" changeset="162015801" timestamp="2025-02-01T15:42:12Z" user="Vonter" uid="3926189" lat="12.9681145" lon="77.6380447"/>
 <node id="4174333754" visible="true" version="2" changeset="162015801" timestamp="2025-02-01T15:42:12Z" user="Vonter" uid="3926189" lat="12.9681185" lon="77.6379339"/>
 <node id="4174333755" visible="true" version="2" changeset="168914156" timestamp="2025-07-14T12:10:25Z" user="Vonter" uid="3926189" lat="12.9681158" lon="77.6386861"/>
 <node id="4174333757" visible="true" version="2" changeset="168914156" timestamp="2025-07-14T12:10:25Z" user="Vonter" uid="3926189" lat="12.9681077" lon="77.6388299"/>
 <node id="4174333758" visible="true" version="2" changeset="168914156" timestamp="2025-07-14T12:10:25Z" user="Vonter" uid="3926189" lat="12.9681061" lon="77.6388343"/>
 <node id="4174333759" visible="true" version="2" changeset="168914156" timestamp="2025-07-14T12:10:25Z" user="Vonter" uid="3926189" lat="12.9681185" lon="77.6386931"/>
 <node id="4174333760" visible="true" version="2" changeset="162015801" timestamp="2025-02-01T15:42:12Z" user="Vonter" uid="3926189" lat="12.9681182" lon="77.6380554"/>
 <node id="4174333761" visible="true" version="1" changeset="39197893" timestamp="2016-05-09T18:29:22Z" user="PlaneMad" uid="1306" lat="12.9681184" lon="77.6381831"/>
 <node id="4174333762" visible="true" version="2" changeset="168914156" timestamp="2025-07-14T12:10:25Z" user="Vonter" uid="3926189" lat="12.9681175" lon="77.6387444"/>
 <node id="4174333763" visible="true" version="2" changeset="162015801" timestamp="2025-02-01T15:42:12Z" user="Vonter" uid="3926189" lat="12.9681264" lon="77.6381597"/>
 <node id="4174333764" visible="true" version="2" changeset="168914156" timestamp="2025-07-14T12:10:25Z" user="Vonter" uid="3926189" lat="12.9681280" lon="77.6386005"/>
 <node id="4174333765" visible="true" version="2" changeset="168914156" timestamp="2025-07-14T12:10:25Z" user="Vonter" uid="3926189" lat="12.9681191" lon="77.6387502"/>
 <node id="4174333766" visible="true" version="1" changeset="39197893" timestamp="2016-05-09T18:29:22Z" user="PlaneMad" uid="1306" lat="12.9681244" lon="77.6382700"/>
 <node id="4174333767" visible="true" version="1" changeset="39197893" timestamp="2016-05-09T18:29:23Z" user="PlaneMad" uid="1306" lat="12.9681276" lon="77.6377244"/>
 <node id="4174333768" visible="true" version="2" changeset="168914156" timestamp="2025-07-14T12:10:25Z" user="Vonter" uid="3926189" lat="12.9681267" lon="77.6386796"/>
 <node id="4174333769" visible="true" version="2" changeset="168914156" timestamp="2025-07-14T12:10:25Z" user="Vonter" uid="3926189" lat="12.9681211" lon="77.6378351"/>
 <node id="4174333770" visible="true" version="2" changeset="168914156" timestamp="2025-07-14T12:10:25Z" user="Vonter" uid="3926189" lat="12.9681385" lon="77.6379492"/>
 <node id="4174333771" visible="true" version="2" changeset="168914156" timestamp="2025-07-14T12:10:25Z" user="Vonter" uid="3926189" lat="12.9681289" lon="77.6386725"/>
 <node id="4174333772" visible="true" version="1" changeset="39197893" timestamp="2016-05-09T18:29:23Z" user="PlaneMad" uid="1306" lat="12.9681336" lon="77.6378123"/>
 <node id="4174333773" visible="true" version="2" changeset="168914156" timestamp="2025-07-14T12:10:25Z" user="Vonter" uid="3926189" lat="12.9681271" lon="77.6379436"/>
 <node id="4174333774" visible="true" version="2" changeset="168914156" timestamp="2025-07-14T12:10:25Z" user="Vonter" uid="3926189" lat="12.9681437" lon="77.6380416"/>
 <node id="4174333776" visible="true" version="1" changeset="39197893" timestamp="2016-05-09T18:29:23Z" user="PlaneMad" uid="1306" lat="12.9681485" lon="77.6381602"/>
 <node id="4174333777" visible="true" version="2" changeset="168914156" timestamp="2025-07-14T12:10:25Z" user="Vonter" uid="3926189" lat="12.9681368" lon="77.6380523"/>
 <node id="4174333778" visible="true" version="2" changeset="168914156" timestamp="2025-07-14T12:10:25Z" user="Vonter" uid="3926189" lat="12.9681423" lon="77.6381529"/>
 <node id="4174333779" visible="true" version="1" changeset="39197893" timestamp="2016-05-09T18:29:24Z" user="PlaneMad" uid="1306" lat="12.9681548" lon="77.6382522"/>
 <node id="4174333780" visible="true" version="1" changeset="39197893" timestamp="2016-05-09T18:29:24Z" user="PlaneMad" uid="1306" lat="12.9681694" lon="77.6390806"/>
 <node id="4174333781" visible="true" version="2" changeset="168914156" timestamp="2025-07-14T12:10:25Z" user="Vonter" uid="3926189" lat="12.9681796" lon="77.6390048"/>
 <node id="4174333783" visible="true" version="1" changeset="39197893" timestamp="2016-05-09T18:29:24Z" user="PlaneMad" uid="1306" lat="12.9681798" lon="77.6390146"/>
 <node id="4174333785" visible="true" version="2" changeset="168914156" timestamp="2025-07-14T12:10:25Z" user="Vonter" uid="3926189" lat="12.9682006" lon="77.6388438"/>
 <node id="4174333786" visible="true" version="2" changeset="168914156" timestamp="2025-07-14T12:10:25Z" user="Vonter" uid="3926189" lat="12.9682018" lon="77.6388486"/>
 <node id="4174333788" visible="true" version="2" changeset="168914156" timestamp="2025-07-14T12:10:25Z" user="Vonter" uid="3926189" lat="12.9682119" lon="77.6387642"/>
 <node id="4174335189" visible="true" version="2" changeset="162015801" timestamp="2025-02-01T15:42:12Z" user="Vonter" uid="3926189" lat="12.9679787" lon="77.6380561"/>
 <node id="4174335190" visible="true" version="2" changeset="162015801" timestamp="2025-02-01T15:42:12Z" user="Vonter" uid="3926189" lat="12.9679636" lon="77.6378426"/>
 <node id="4174335191" visible="true" version="1" changeset="39197893" timestamp="2016-05-09T18:29:17Z" user="PlaneMad" uid="1306" lat="12.9679916" lon="77.6382797"/>
 <node id="4174335192" visible="true" version="2" changeset="162015801" timestamp="2025-02-01T15:42:12Z" user="Vonter" uid="3926189" lat="12.9679718" lon="77.6379461"/>
 <node id="4174335193" visible="true" version="2" changeset="168914156" timestamp="2025-07-14T12:10:25Z" user="Vonter" uid="3926189" lat="12.9679963" lon="77.6388406"/>
 <node id="4174335194" visible="true" version="2" changeset="168914156" timestamp="2025-07-14T12:10:25Z" user="Vonter" uid="3926189" lat="12.9680075" lon="77.6387621"/>
 <node id="4174335195" visible="true" version="2" changeset="168914156" timestamp="2025-07-14T12:10:25Z" user="Vonter" uid="3926189" lat="12.9680071" lon="77.6387507"/>
 <node id="4174335196" visible="true" version="2" changeset="168914156" timestamp="2025-07-14T12:10:25Z" user="Vonter" uid="3926189" lat="12.9680175" lon="77.6386779"/>
 <node id="4174335198" visible="true" version="2" changeset="168914156" timestamp="2025-07-14T12:10:25Z" user="Vonter" uid="3926189" lat="12.9680300" lon="77.6385858"/>
 <node id="4174335199" visible="true" version="2" changeset="168914156" timestamp="2025-07-14T12:10:25Z" user="Vonter" uid="3926189" lat="12.9680690" lon="77.6390205"/>
 <node id="4174335202" visible="true" version="1" changeset="39197893" timestamp="2016-05-09T18:29:18Z" user="PlaneMad" uid="1306" lat="12.9680707" lon="77.6390642"/>
 <node id="4174335204" visible="true" version="2" changeset="168914156" timestamp="2025-07-14T12:10:25Z" user="Vonter" uid="3926189" lat="12.9680796" lon="77.6389462"/>
 <node id="4174335205" visible="true" version="2" changeset="168914156" timestamp="2025-07-14T12:10:25Z" user="Vonter" uid="3926189" lat="12.9680857" lon="77.6389421"/>
 <node id="4174335490" visible="true" version="2" changeset="168914156" timestamp="2025-07-14T12:10:25Z" user="Vonter" uid="3926189" lat="12.9682034" lon="77.6387573"/>
 <node id="4174335492" visible="true" version="2" changeset="168914156" timestamp="2025-07-14T12:10:25Z" user="Vonter" uid="3926189" lat="12.9682264" lon="77.6386871"/>
 <node id="4174335494" visible="true" version="2" changeset="168914156" timestamp="2025-07-14T12:10:25Z" user="Vonter" uid="3926189" lat="12.9682374" lon="77.6386096"/>
 <node id="4174335498" visible="true" version="1" changeset="39197893" timestamp="2016-05-09T18:29:25Z" user="PlaneMad" uid="1306" lat="12.9682469" lon="77.6377157"/>
 <node id="4174335499" visible="true" version="1" changeset="39197893" timestamp="2016-05-09T18:29:26Z" user="PlaneMad" uid="1306" lat="12.9682530" lon="77.6378036"/>
 <node id="4174335502" visible="true" version="2" changeset="168914156" timestamp="2025-07-14T12:10:25Z" user="Vonter" uid="3926189" lat="12.9682649" lon="77.6378267"/>
 <node id="4174335503" visible="true" version="2" changeset="168914156" timestamp="2025-07-14T12:10:25Z" user="Vonter" uid="3926189" lat="12.9682590" lon="77.6380349"/>
 <node id="4174335505" visible="true" version="2" changeset="168914156" timestamp="2025-07-14T12:10:25Z" user="Vonter" uid="3926189" lat="12.9682709" lon="77.6379352"/>
 <node id="4174335506" visible="true" version="2" changeset="168914156" timestamp="2025-07-14T12:10:25Z" user="Vonter" uid="3926189" lat="12.9682737" lon="77.6380443"/>
 <node id="4174335507" visible="true" version="2" changeset="168914156" timestamp="2025-07-14T12:10:25Z" user="Vonter" uid="3926189" lat="12.9682793" lon="77.6381450"/>
 <node id="4174335508" visible="true" version="1" changeset="39197893" timestamp="2016-05-09T18:29:26Z" user="PlaneMad" uid="1306" lat="12.9682752" lon="77.6381509"/>
 <node id="4174335509" visible="true" version="1" changeset="39197893" timestamp="2016-05-09T18:29:27Z" user="PlaneMad" uid="1306" lat="12.9682816" lon="77.6382429"/>
 <node id="4174335510" visible="true" version="2" changeset="158956663" timestamp="2024-11-10T06:45:28Z" user="Vonter" uid="3926189" lat="12.9684529" lon="77.6383224"/>
 <node id="4174335511" visible="true" version="2" changeset="158956663" timestamp="2024-11-10T06:45:28Z" user="Vonter" uid="3926189" lat="12.9684609" lon="77.6384721"/>
 <node id="4174335512" visible="true" version="2" changeset="158956663" timestamp="2024-11-10T06:45:28Z" user="Vonter" uid="3926189" lat="12.9685442" lon="77.6383173"/>
 <node id="4174335513" visible="true" version="2" changeset="158956663" timestamp="2024-11-10T06:45:28Z" user="Vonter" uid="3926189" lat="12.9685522" lon="77.6384669"/>
 <node id="4174514241" visible="true" version="1" changeset="39199457" timestamp="2016-05-09T19:35:28Z" user="PlaneMad" uid="1306" lat="12.9664430" lon="77.6410849"/>
 <node id="4174514242" visible="true" version="1" changeset="39199457" timestamp="2016-05-09T19:35:28Z" user="PlaneMad" uid="1306" lat="12.9665505" lon="77.6389304"/>
 <node id="4174514243" visible="true" version="1" changeset="39199457" timestamp="2016-05-09T19:35:28Z" user="PlaneMad" uid="1306" lat="12.9666250" lon="77.6389586"/>
 <node id="4174514244" visible="true" version="1" changeset="39199457" timestamp="2016-05-09T19:35:28Z" user="PlaneMad" uid="1306" lat="12.9666773" lon="77.6383256"/>
 <node id="4174514245" visible="true" version="1" changeset="39199457" timestamp="2016-05-09T19:35:29Z" user="PlaneMad" uid="1306" lat="12.9668324" lon="77.6413518"/>
 <node id="4174514246" visible="true" version="1" changeset="39199457" timestamp="2016-05-09T19:35:29Z" user="PlaneMad" uid="1306" lat="12.9669144" lon="77.6410507"/>
 <node id="4174514247" visible="true" version="1" changeset="39199457" timestamp="2016-05-09T19:35:29Z" user="PlaneMad" uid="1306" lat="12.9669174" lon="77.6413276"/>
 <node id="4174514248" visible="true" version="1" changeset="39199457" timestamp="2016-05-09T19:35:29Z" user="PlaneMad" uid="1306" lat="12.9669801" lon="77.6410747"/>
 <node id="4174514249" visible="true" version="1" changeset="39199457" timestamp="2016-05-09T19:35:29Z" user="PlaneMad" uid="1306" lat="12.9672693" lon="77.6384516"/>
 <node id="4174514250" visible="true" version="1" changeset="39199457" timestamp="2016-05-09T19:35:29Z" user="PlaneMad" uid="1306" lat="12.9673778" lon="77.6377556"/>
 <node id="4174514251" visible="true" version="2" changeset="152493622" timestamp="2024-06-10T11:45:37Z" user="Vonter" uid="3926189" lat="12.9675960" lon="77.6390745"/>
 <node id="4174514253" visible="true" version="1" changeset="39199457" timestamp="2016-05-09T19:35:29Z" user="PlaneMad" uid="1306" lat="12.9677151" lon="77.6402673"/>
 <node id="4174514254" visible="true" version="1" changeset="39199457" timestamp="2016-05-09T19:35:29Z" user="PlaneMad" uid="1306" lat="12.9678446" lon="77.6372596"/>
 <node id="4174514255" visible="true" version="1" changeset="39199457" timestamp="2016-05-09T19:35:29Z" user="PlaneMad" uid="1306" lat="12.9678809" lon="77.6378750"/>
 <node id="4174514256" visible="true" version="2" changeset="120122192" timestamp="2022-04-24T12:25:00Z" user="Vonter" uid="3926189" lat="12.9679171" lon="77.6407952"/>
 <node id="4174514257" visible="true" version="1" changeset="39199457" timestamp="2016-05-09T19:35:30Z" user="PlaneMad" uid="1306" lat="12.9679198" lon="77.6391537"/>
 <node id="4174514258" visible="true" version="1" changeset="39199457" timestamp="2016-05-09T19:35:30Z" user="PlaneMad" uid="1306" lat="12.9679288" lon="77.6407406"/>
 <node id="4174514259" visible="true" version="1" changeset="39199457" timestamp="2016-05-09T19:35:30Z" user="PlaneMad" uid="1306" lat="12.9679567" lon="77.6405894"/>
 <node id="4174514260" visible="true" version="1" changeset="39199457" timestamp="2016-05-09T19:35:30Z" user="PlaneMad" uid="1306" lat="12.9679920" lon="77.6385039"/>
 <node id="4174514261" visible="true" version="1" changeset="39199457" timestamp="2016-05-09T19:35:30Z" user="PlaneMad" uid="1306" lat="12.9680299" lon="77.6403171"/>
 <node id="4174514262" visible="true" version="1" changeset="39199457" timestamp="2016-05-09T19:35:30Z" user="PlaneMad" uid="1306" lat="12.9680979" lon="77.6403198"/>
 <node id="4174514263" visible="true" version="1" changeset="39199457" timestamp="2016-05-09T19:35:30Z" user="PlaneMad" uid="1306" lat="12.9681511" lon="77.6392181"/>
 <node id="4174514264" visible="true" version="1" changeset="39199457" timestamp="2016-05-09T19:35:30Z" user="PlaneMad" uid="1306" lat="12.9682517" lon="77.6385703"/>
 <node id="4174514265" visible="true" version="1" changeset="39199457" timestamp="2016-05-09T19:35:30Z" user="PlaneMad" uid="1306" lat="12.9683449" lon="77.6384758"/>
 <node id="4174514266" visible="true" version="1" changeset="39199457" timestamp="2016-05-09T19:35:31Z" user="PlaneMad" uid="1306" lat="12.9683618" lon="77.6393569"/>
 <node id="4174514267" visible="true" version="1" changeset="39199457" timestamp="2016-05-09T19:35:31Z" user="PlaneMad" uid="1306" lat="12.9684128" lon="77.6393582"/>
 <node id="4174514268" visible="true" version="3" changeset="120122271" timestamp="2022-04-24T12:27:11Z" user="Vonter" uid="3926189" lat="12.9683974" lon="77.6407738"/>
 <node id="4174514269" visible="true" version="1" changeset="39199457" timestamp="2016-05-09T19:35:31Z" user="PlaneMad" uid="1306" lat="12.9685176" lon="77.6406972"/>
 <node id="4174514271" visible="true" version="1" changeset="39199457" timestamp="2016-05-09T19:35:31Z" user="PlaneMad" uid="1306" lat="12.9685523" lon="77.6412324"/>
 <node id="4174514272" visible="true" version="2" changeset="158956663" timestamp="2024-11-10T06:45:28Z" user="Vonter" uid="3926189" lat="12.9685634" lon="77.6406806"/>
 <node id="4174514273" visible="true" version="1" changeset="39199457" timestamp="2016-05-09T19:35:31Z" user="PlaneMad" uid="1306" lat="12.9685954" lon="77.6407563"/>
 <node id="4174514274" visible="true" version="2" changeset="130238449" timestamp="2022-12-19T08:47:43Z" user="Vonter" uid="3926189" lat="12.9686114" lon="77.6409893"/>
 <node id="4174514275" visible="true" version="2" changeset="130238449" timestamp="2022-12-19T08:47:43Z" user="Vonter" uid="3926189" lat="12.9686258" lon="77.6412382"/>
 <node id="4174514277" visible="true" version="4" changeset="162015801" timestamp="2025-02-01T15:42:12Z" user="Vonter" uid="3926189" lat="12.9698105" lon="77.6406798"/>
 <node id="4174514279" visible="true" version="4" changeset="154797557" timestamp="2024-08-04T06:34:39Z" user="uknown-gryphus" uid="2425805" lat="12.9701412" lon="77.6411448"/>
 <node id="4211849502" visible="true" version="3" changeset="78853366" timestamp="2019-12-25T18:12:12Z" user="indigomc" uid="136860" lat="12.9685548" lon="77.6377082">
  <tag k="name" v="Teak"/>
  <tag k="name:kn" v="ತೇಗದ ಮರ"/>
  <tag k="natural" v="tree"/>
 </node>
 <node id="4211870697" visible="true" version="2" changeset="39626972" timestamp="2016-05-28T16:06:37Z" user="PlaneMad" uid="1306" lat="12.9694070" lon="77.6377426">
  <tag k="name" v="Calatropis Gigantean"/>
  <tag k="natural" v="tree"/>
 </node>
 <node id="4211870698" visible="true" version="2" changeset="39626972" timestamp="2016-05-28T16:06:38Z" user="PlaneMad" uid="1306" lat="12.9685844" lon="77.6377092">
  <tag k="natural" v="tree"/>
 </node>
 <node id="4211875407" visible="true" version="3" changeset="78853366" timestamp="2019-12-25T18:12:12Z" user="indigomc" uid="136860" lat="12.9685621" lon="77.6376959">
  <tag k="name" v="Teak"/>
  <tag k="name:kn" v="ತೇಗದ ಮರ"/>
  <tag k="natural" v="tree"/>
 </node>
 <node id="4211877702" visible="true" version="3" changeset="48056460" timestamp="2017-04-23T10:53:24Z" user="indigomc" uid="136860" lat="12.9692595" lon="77.6376972">
  <tag k="name" v="Jackfruit"/>
  <tag k="name:kn" v="ಹಲಸಿನ ಮರ"/>
  <tag k="natural" v="tree"/>
 </node>
 <node id="4211878794" visible="true" version="3" changeset="78853366" timestamp="2019-12-25T18:12:12Z" user="indigomc" uid="136860" lat="12.9685386" lon="77.6377133">
  <tag k="name" v="Teak"/>
  <tag k="name:kn" v="ತೇಗದ ಮರ"/>
  <tag k="natural" v="tree"/>
 </node>
 <node id="4211894789" visible="true" version="3" changeset="48056460" timestamp="2017-04-23T10:53:24Z" user="indigomc" uid="136860" lat="12.9681270" lon="77.6390739">
  <tag k="name" v="Bamboo"/>
  <tag k="name:kn" v="ಬಿದಿರು"/>
  <tag k="natural" v="tree"/>
 </node>
 <node id="4382238221" visible="true" version="1" changeset="41889435" timestamp="2016-09-03T13:55:27Z" user="manings" uid="3272286" lat="12.9684698" lon="77.6404858">
  <tag k="amenity" v="restaurant"/>
  <tag k="name" v="Pot-O-Noodles"/>
 </node>
 <node id="4382238224" visible="true" version="2" changeset="158956663" timestamp="2024-11-10T06:45:28Z" user="Vonter" uid="3926189" lat="12.9684012" lon="77.6403793"/>
 <node id="4382238225" visible="true" version="2" changeset="158956663" timestamp="2024-11-10T06:45:28Z" user="Vonter" uid="3926189" lat="12.9684034" lon="77.6405223"/>
 <node id="4382238226" visible="true" version="2" changeset="158956663" timestamp="2024-11-10T06:45:28Z" user="Vonter" uid="3926189" lat="12.9684720" lon="77.6403782"/>
 <node id="4382238227" visible="true" version="2" changeset="158956663" timestamp="2024-11-10T06:45:28Z" user="Vonter" uid="3926189" lat="12.9684742" lon="77.6405212"/>
 <node id="4405318689" visible="true" version="2" changeset="43826944" timestamp="2016-11-20T17:12:38Z" user="PlaneMad" uid="1306" lat="12.9672394" lon="77.6376731">
  <tag k="amenity" v="place_of_worship"/>
  <tag k="name" v="Temple"/>
  <tag k="name:en" v="Temple"/>
  <tag k="religion" v="hindu"/>
 </node>
 <node id="4489771042" visible="true" version="1" changeset="43503700" timestamp="2016-11-09T05:11:47Z" user="g sumithra" uid="4615214" lat="12.9670276" lon="77.6406924">
  <tag k="addr:city" v="Bangalore"/>
  <tag k="addr:housenumber" v="No 14/2"/>
  <tag k="addr:postcode" v="560038"/>
  <tag k="addr:street" v="3rd Cross, Doopanahalli main road, HAL 2nd Stage Indiranagar"/>
  <tag k="name" v="Way2Save"/>
 </node>
 <node id="4489836984" visible="true" version="3" changeset="142298019" timestamp="2023-10-08T10:18:05Z" user="sagarawrz07" uid="4831756" lat="12.9684155" lon="77.6411519">
  <tag k="addr:city" v="Indira Nagar, Bangalore"/>
  <tag k="addr:housenumber" v="no.777"/>
  <tag k="addr:postcode" v="560038"/>
  <tag k="addr:street" v="100 Feet Road( S K Karim Khan Road)"/>
  <tag k="disused:shop" v="yes"/>
 </node>
 <node id="5251975967" visible="true" version="1" changeset="54147645" timestamp="2017-11-28T12:29:00Z" user="Chetan_Gowda" uid="2644101" lat="12.9683737" lon="77.6394501">
  <tag k="name" v="Shreya Hearing Clinic"/>
  <tag k="shop" v="hearing_aids"/>
 </node>
 <node id="5324352406" visible="true" version="1" changeset="55219686" timestamp="2018-01-06T19:25:29Z" user="KSQR" uid="7435824" lat="12.9693600" lon="77.6364590"/>
 <node id="5489173021" visible="true" version="2" changeset="120674258" timestamp="2022-05-07T16:13:57Z" user="Vonter" uid="3926189" lat="12.9724532" lon="77.6386420"/>
 <node id="5714936481" visible="true" version="2" changeset="120674258" timestamp="2022-05-07T16:13:57Z" user="Vonter" uid="3926189" lat="12.9714330" lon="77.6386827"/>
 <node id="6348764653" visible="true" version="3" changeset="115892300" timestamp="2022-01-07T21:05:12Z" user="ivanbranco" uid="11220113" lat="12.9673592" lon="77.6392080">
  <tag k="addr:place" v="Doopanahalli"/>
  <tag k="amenity" v="school"/>
  <tag k="isced" v="2"/>
  <tag k="name" v="GHPS Doopanahalli"/>
  <tag k="name:kn" v="ಸರ್ಕಾರಿ ಹಿರಿಯ ಪ್ರಾಥಮಿಕ ಶಾಲೆ ದೂಪನಹಳ್ಳಿ"/>
  <tag k="operator" v="Department of Education"/>
  <tag k="school" v="primary"/>
 </node>
 <node id="6455510385" visible="true" version="2" changeset="130727331" timestamp="2022-12-31T16:19:52Z" user="Vonter" uid="3926189" lat="12.9688722" lon="77.6410682">
  <tag k="disused:amenity" v="restaurant"/>
  <tag k="name" v="Been There Done That"/>
 </node>
 <node id="7572526702" visible="true" version="2" changeset="134137922" timestamp="2023-03-26T14:02:20Z" user="user_14062769" uid="14062769" lat="12.9695354" lon="77.6404876">
  <tag k="addr:district" v="Bengaluru Urban"/>
  <tag k="addr:full" v="Indiranagar, Bengaluru"/>
  <tag k="addr:postcode" v="560008"/>
  <tag k="addr:state" v="Karnataka"/>
  <tag k="amenity" v="dentist"/>
  <tag k="healthcare" v="dentist"/>
  <tag k="name" v="Sai Ganesh Dental Clinic"/>
  <tag k="source" v="Local Knowledge"/>
 </node>
 <node id="9189514623" visible="true" version="2" changeset="137870216" timestamp="2023-06-28T09:33:46Z" user="jdananda" uid="19368656" lat="12.9676429" lon="77.6406961"/>
 <node id="9189514624" visible="true" version="3" changeset="163475120" timestamp="2025-03-11T09:07:20Z" user="François Bronchart" uid="8642829" lat="12.9668038" lon="77.6397695"/>
 <node id="9288431551" visible="true" version="2" changeset="154065223" timestamp="2024-07-17T16:05:44Z" user="Vonter" uid="3926189" lat="12.9697465" lon="77.6386108"/>
 <node id="9288431552" visible="true" version="2" changeset="154065223" timestamp="2024-07-17T16:05:44Z" user="Vonter" uid="3926189" lat="12.9695687" lon="77.6386238"/>
 <node id="9689539836" visible="true" version="1" changeset="120122192" timestamp="2022-04-24T12:25:00Z" user="Vonter" uid="3926189" lat="12.9684609" lon="77.6409190">
  <tag k="name" v="APTSYS Consultancy Services"/>
  <tag k="office" v="company"/>
 </node>
 <node id="9689539837" visible="true" version="2" changeset="156226965" timestamp="2024-09-05T11:42:25Z" user="Vonter" uid="3926189" lat="12.9684828" lon="77.6409515">
  <tag k="alt_name" v="Umesh Dosa Point"/>
  <tag k="amenity" v="fast_food"/>
  <tag k="cuisine" v="regional"/>
  <tag k="name" v="Umesh Refreshments"/>
  <tag k="takeaway" v="yes"/>
 </node>
 <node id="9689539838" visible="true" version="2" changeset="134137922" timestamp="2023-03-26T14:02:20Z" user="user_14062769" uid="14062769" lat="12.9684795" lon="77.6408797">
  <tag k="amenity" v="dentist"/>
  <tag k="healthcare" v="dentist"/>
  <tag k="name" v="Oral D"/>
 </node>
 <node id="9689613630" visible="true" version="1" changeset="120122271" timestamp="2022-04-24T12:27:11Z" user="Vonter" uid="3926189" lat="12.9685266" lon="77.6407671"/>
 <node id="9689613631" visible="true" version="1" changeset="120122271" timestamp="2022-04-24T12:27:11Z" user="Vonter" uid="3926189" lat="12.9684109" lon="77.6409949"/>
 <node id="9723056438" visible="true" version="1" changeset="120674258" timestamp="2022-05-07T16:13:57Z" user="Vonter" uid="3926189" lat="12.9693630" lon="77.6379186">
  <tag k="name" v="Kaapi Machines"/>
  <tag k="shop" v="coffee"/>
 </node>
 <node id="9852207765" visible="true" version="1" changeset="122935125" timestamp="2022-06-28T04:20:02Z" user="Vonter" uid="3926189" lat="12.9689096" lon="77.6364570"/>
 <node id="9852207766" visible="true" version="1" changeset="122935125" timestamp="2022-06-28T04:20:02Z" user="Vonter" uid="3926189" lat="12.9691271" lon="77.6364427"/>
 <node id="9852207767" visible="true" version="1" changeset="122935125" timestamp="2022-06-28T04:20:02Z" user="Vonter" uid="3926189" lat="12.9692862" lon="77.6360480"/>
 <node id="9852207768" visible="true" version="1" changeset="122935125" timestamp="2022-06-28T04:20:02Z" user="Vonter" uid="3926189" lat="12.9693231" lon="77.6365647"/>
 <node id="9852207769" visible="true" version="1" changeset="122935125" timestamp="2022-06-28T04:20:02Z" user="Vonter" uid="3926189" lat="12.9691382" lon="77.6365802"/>
 <node id="9890195723" visible="true" version="1" changeset="123661829" timestamp="2022-07-15T16:54:14Z" user="Vonter" uid="3926189" lat="12.9667947" lon="77.6372697"/>
 <node id="9890195724" visible="true" version="1" changeset="123661829" timestamp="2022-07-15T16:54:14Z" user="Vonter" uid="3926189" lat="12.9669857" lon="77.6372896"/>
 <node id="9890195725" visible="true" version="1" changeset="123661829" timestamp="2022-07-15T16:54:14Z" user="Vonter" uid="3926189" lat="12.9670010" lon="77.6371517"/>
 <node id="9981919773" visible="true" version="1" changeset="125450950" timestamp="2022-08-27T17:25:13Z" user="Vonter" uid="3926189" lat="12.9689958" lon="77.6405713">
  <tag k="amenity" v="spa"/>
  <tag k="name" v="Spa Nation"/>
  <tag k="shop" v="beauty"/>
 </node>
 <node id="9981919774" visible="true" version="1" changeset="125450950" timestamp="2022-08-27T17:25:13Z" user="Vonter" uid="3926189" lat="12.9691264" lon="77.6405793">
  <tag k="amenity" v="clinic"/>
  <tag k="healthcare" v="alternative"/>
  <tag k="name" v="Hurbz"/>
 </node>
 <node id="9981919775" visible="true" version="1" changeset="125450950" timestamp="2022-08-27T17:25:13Z" user="Vonter" uid="3926189" lat="12.9693695" lon="77.6408167">
  <tag k="addr:city" v="Bengaluru"/>
  <tag k="addr:country" v="IN"/>
  <tag k="addr:street" v="1st Cross Road"/>
  <tag k="addr:suburb" v="Indiranagar"/>
  <tag k="amenity" v="coworking_space"/>
  <tag k="fee" v="yes"/>
  <tag k="name" v="Beginest Harbor 1"/>
  <tag k="office" v="coworking"/>
  <tag k="operator" v="Beginest"/>
  <tag k="website" v="https://www.beginest.com/"/>
 </node>
 <node id="10181921356" visible="true" version="2" changeset="130726460" timestamp="2022-12-31T15:55:17Z" user="Vonter" uid="3926189" lat="12.9669607" lon="77.6409964"/>
 <node id="10181921357" visible="true" version="2" changeset="130726460" timestamp="2022-12-31T15:55:17Z" user="Vonter" uid="3926189" lat="12.9667300" lon="77.6409205"/>
 <node id="10181921358" visible="true" version="2" changeset="130726460" timestamp="2022-12-31T15:55:17Z" user="Vonter" uid="3926189" lat="12.9667385" lon="77.6408933"/>
 <node id="10181937726" visible="true" version="1" changeset="128872896" timestamp="2022-11-14T05:46:30Z" user="Pooja Koul" uid="16283053" lat="12.9671177" lon="77.6398364"/>
 <node id="10181937727" visible="true" version="1" changeset="128872896" timestamp="2022-11-14T05:46:30Z" user="Pooja Koul" uid="16283053" lat="12.9670135" lon="77.6401454"/>
 <node id="10181939131" visible="true" version="1" changeset="128873001" timestamp="2022-11-14T05:50:52Z" user="Pooja Koul" uid="16283053" lat="12.9676743" lon="77.6402133"/>
 <node id="10181939132" visible="true" version="2" changeset="144681342" timestamp="2023-12-02T05:10:39Z" user="manojnobi" uid="19376976" lat="12.9677248" lon="77.6398720"/>
 <node id="10296978066" visible="true" version="1" changeset="130726460" timestamp="2022-12-31T15:55:17Z" user="Vonter" uid="3926189" lat="12.9653789" lon="77.6411598"/>
 <node id="10296978068" visible="true" version="1" changeset="130726460" timestamp="2022-12-31T15:55:17Z" user="Vonter" uid="3926189" lat="12.9655595" lon="77.6411533"/>
 <node id="10296978071" visible="true" version="1" changeset="130726460" timestamp="2022-12-31T15:55:17Z" user="Vonter" uid="3926189" lat="12.9663439" lon="77.6411038"/>
 <node id="10296978074" visible="true" version="1" changeset="130726460" timestamp="2022-12-31T15:55:17Z" user="Vonter" uid="3926189" lat="12.9667107" lon="77.6409763"/>
 <node id="10296978075" visible="true" version="1" changeset="130726460" timestamp="2022-12-31T15:55:17Z" user="Vonter" uid="3926189" lat="12.9667041" lon="77.6413570"/>
 <node id="10296978077" visible="true" version="1" changeset="130726460" timestamp="2022-12-31T15:55:17Z" user="Vonter" uid="3926189" lat="12.9670878" lon="77.6411134"/>
 <node id="10296978078" visible="true" version="1" changeset="130726460" timestamp="2022-12-31T15:55:17Z" user="Vonter" uid="3926189" lat="12.9670944" lon="77.6412904"/>
 <node id="10296978079" visible="true" version="1" changeset="130726460" timestamp="2022-12-31T15:55:17Z" user="Vonter" uid="3926189" lat="12.9672053" lon="77.6412861"/>
 <node id="10296978080" visible="true" version="1" changeset="130726460" timestamp="2022-12-31T15:55:17Z" user="Vonter" uid="3926189" lat="12.9671988" lon="77.6411091"/>
 <node id="10296978083" visible="true" version="2" changeset="162015801" timestamp="2025-02-01T15:42:12Z" user="Vonter" uid="3926189" lat="12.9698268" lon="77.6409150"/>
 <node id="10296987065" visible="true" version="1" changeset="130727331" timestamp="2022-12-31T16:19:52Z" user="Vonter" uid="3926189" lat="12.9684521" lon="77.6408831">
  <tag k="addr:city" v="Indiranagar"/>
  <tag k="addr:housenumber" v="778"/>
  <tag k="addr:street" v="13th Main Road"/>
  <tag k="description" v="Cafe in Indiranagar 13th main"/>
  <tag k="disused:amenity" v="cafe"/>
  <tag k="name" v="Lot like crepes"/>
 </node>
 <node id="10978138360" visible="true" version="1" changeset="137352369" timestamp="2023-06-15T04:35:11Z" user="uknown-gryphus" uid="2425805" lat="12.9669121" lon="77.6407227"/>
 <node id="10978138361" visible="true" version="1" changeset="137352369" timestamp="2023-06-15T04:35:11Z" user="uknown-gryphus" uid="2425805" lat="12.9668048" lon="77.6406912"/>
 <node id="10978138362" visible="true" version="1" changeset="137352369" timestamp="2023-06-15T04:35:11Z" user="uknown-gryphus" uid="2425805" lat="12.9667426" lon="77.6409146"/>
 <node id="10978138363" visible="true" version="1" changeset="137352369" timestamp="2023-06-15T04:35:11Z" user="uknown-gryphus" uid="2425805" lat="12.9668499" lon="77.6409461"/>
 <node id="10978138364" visible="true" version="1" changeset="137352369" timestamp="2023-06-15T04:35:11Z" user="uknown-gryphus" uid="2425805" lat="12.9670513" lon="77.6406602"/>
 <node id="10978138365" visible="true" version="1" changeset="137352369" timestamp="2023-06-15T04:35:11Z" user="uknown-gryphus" uid="2425805" lat="12.9669608" lon="77.6406306"/>
 <node id="10978138366" visible="true" version="1" changeset="137352369" timestamp="2023-06-15T04:35:11Z" user="uknown-gryphus" uid="2425805" lat="12.9668613" lon="77.6409511"/>
 <node id="10978138367" visible="true" version="1" changeset="137352369" timestamp="2023-06-15T04:35:11Z" user="uknown-gryphus" uid="2425805" lat="12.9669517" lon="77.6409807"/>
 <node id="10978138368" visible="true" version="1" changeset="137352369" timestamp="2023-06-15T04:35:11Z" user="uknown-gryphus" uid="2425805" lat="12.9672686" lon="77.6403968"/>
 <node id="10978138369" visible="true" version="1" changeset="137352369" timestamp="2023-06-15T04:35:11Z" user="uknown-gryphus" uid="2425805" lat="12.9672058" lon="77.6403853"/>
 <node id="10978138370" visible="true" version="1" changeset="137352369" timestamp="2023-06-15T04:35:11Z" user="uknown-gryphus" uid="2425805" lat="12.9671902" lon="77.6404750"/>
 <node id="10978138371" visible="true" version="1" changeset="137352369" timestamp="2023-06-15T04:35:11Z" user="uknown-gryphus" uid="2425805" lat="12.9672530" lon="77.6404865"/>
 <node id="10978138372" visible="true" version="1" changeset="137352369" timestamp="2023-06-15T04:35:11Z" user="uknown-gryphus" uid="2425805" lat="12.9673447" lon="77.6404168"/>
 <node id="10978138373" visible="true" version="1" changeset="137352369" timestamp="2023-06-15T04:35:11Z" user="uknown-gryphus" uid="2425805" lat="12.9672819" lon="77.6404053"/>
 <node id="10978138374" visible="true" version="1" changeset="137352369" timestamp="2023-06-15T04:35:11Z" user="uknown-gryphus" uid="2425805" lat="12.9672663" lon="77.6404950"/>
 <node id="10978138375" visible="true" version="1" changeset="137352369" timestamp="2023-06-15T04:35:11Z" user="uknown-gryphus" uid="2425805" lat="12.9673290" lon="77.6405065"/>
 <node id="10978138376" visible="true" version="1" changeset="137352369" timestamp="2023-06-15T04:35:11Z" user="uknown-gryphus" uid="2425805" lat="12.9679644" lon="77.6400776"/>
 <node id="10978138377" visible="true" version="1" changeset="137352369" timestamp="2023-06-15T04:35:11Z" user="uknown-gryphus" uid="2425805" lat="12.9678874" lon="77.6400597"/>
 <node id="10978138378" visible="true" version="1" changeset="137352369" timestamp="2023-06-15T04:35:11Z" user="uknown-gryphus" uid="2425805" lat="12.9678657" lon="77.6400746"/>
 <node id="10978138379" visible="true" version="1" changeset="137352369" timestamp="2023-06-15T04:35:11Z" user="uknown-gryphus" uid="2425805" lat="12.9678410" lon="77.6400985"/>
 <node id="10978138380" visible="true" version="1" changeset="137352369" timestamp="2023-06-15T04:35:11Z" user="uknown-gryphus" uid="2425805" lat="12.9678178" lon="77.6402206"/>
 <node id="10978138381" visible="true" version="1" changeset="137352369" timestamp="2023-06-15T04:35:11Z" user="uknown-gryphus" uid="2425805" lat="12.9679513" lon="77.6402399"/>
 <node id="10978138382" visible="true" version="1" changeset="137352369" timestamp="2023-06-15T04:35:11Z" user="uknown-gryphus" uid="2425805" lat="12.9668056" lon="77.6392689"/>
 <node id="10978138383" visible="true" version="1" changeset="137352369" timestamp="2023-06-15T04:35:11Z" user="uknown-gryphus" uid="2425805" lat="12.9667512" lon="77.6393530"/>
 <node id="10978138384" visible="true" version="1" changeset="137352369" timestamp="2023-06-15T04:35:11Z" user="uknown-gryphus" uid="2425805" lat="12.9665798" lon="77.6392362"/>
 <node id="10978138385" visible="true" version="1" changeset="137352369" timestamp="2023-06-15T04:35:11Z" user="uknown-gryphus" uid="2425805" lat="12.9665871" lon="77.6392198"/>
 <node id="10978138386" visible="true" version="1" changeset="137352369" timestamp="2023-06-15T04:35:11Z" user="uknown-gryphus" uid="2425805" lat="12.9664477" lon="77.6391274"/>
 <node id="10978138387" visible="true" version="1" changeset="137352369" timestamp="2023-06-15T04:35:11Z" user="uknown-gryphus" uid="2425805" lat="12.9664419" lon="77.6391438"/>
 <node id="10978138388" visible="true" version="1" changeset="137352369" timestamp="2023-06-15T04:35:11Z" user="uknown-gryphus" uid="2425805" lat="12.9663360" lon="77.6390842"/>
 <node id="10978138389" visible="true" version="1" changeset="137352369" timestamp="2023-06-15T04:35:11Z" user="uknown-gryphus" uid="2425805" lat="12.9663752" lon="77.6390157"/>
 <node id="10978138390" visible="true" version="1" changeset="137352369" timestamp="2023-06-15T04:35:11Z" user="uknown-gryphus" uid="2425805" lat="12.9665740" lon="77.6391364"/>
 <node id="10978138391" visible="true" version="1" changeset="137352369" timestamp="2023-06-15T04:35:11Z" user="uknown-gryphus" uid="2425805" lat="12.9665812" lon="77.6391259"/>
 <node id="10978138392" visible="true" version="1" changeset="137352369" timestamp="2023-06-15T04:35:11Z" user="uknown-gryphus" uid="2425805" lat="12.9667750" lon="77.6392215"/>
 <node id="10978138393" visible="true" version="1" changeset="137352369" timestamp="2023-06-15T04:35:11Z" user="uknown-gryphus" uid="2425805" lat="12.9665767" lon="77.6390954"/>
 <node id="10978138394" visible="true" version="1" changeset="137352369" timestamp="2023-06-15T04:35:11Z" user="uknown-gryphus" uid="2425805" lat="12.9666312" lon="77.6390052"/>
 <node id="10978138395" visible="true" version="1" changeset="137352369" timestamp="2023-06-15T04:35:11Z" user="uknown-gryphus" uid="2425805" lat="12.9668295" lon="77.6391314"/>
 <node id="11011919990" visible="true" version="1" changeset="137870216" timestamp="2023-06-28T09:33:46Z" user="jdananda" uid="19368656" lat="12.9676945" lon="77.6404977"/>
 <node id="11011919991" visible="true" version="1" changeset="137870216" timestamp="2023-06-28T09:33:46Z" user="jdananda" uid="19368656" lat="12.9675735" lon="77.6409624"/>
 <node id="11101583852" visible="true" version="1" changeset="139656768" timestamp="2023-08-09T12:05:48Z" user="qwertz143" uid="20030820" lat="12.9668206" lon="77.6412282">
  <tag k="name" v="Bloom Hotel"/>
  <tag k="tourism" v="hotel"/>
 </node>
 <node id="11124951965" visible="true" version="1" changeset="140052947" timestamp="2023-08-18T11:17:25Z" user="sakeebhussain" uid="19368709" lat="12.9724627" lon="77.6386416"/>
 <node id="11131430544" visible="true" version="2" changeset="160574114" timestamp="2024-12-24T12:36:03Z" user="uknown-gryphus" uid="2425805" lat="12.9668632" lon="77.6413309">
  <tag k="man_made" v="arch"/>
 </node>
 <node id="11225261157" visible="true" version="2" changeset="154797557" timestamp="2024-08-04T06:34:39Z" user="uknown-gryphus" uid="2425805" lat="12.9699890" lon="77.6406671"/>
 <node id="11225261158" visible="true" version="2" changeset="154797557" timestamp="2024-08-04T06:34:39Z" user="uknown-gryphus" uid="2425805" lat="12.9700057" lon="77.6409270"/>
 <node id="11225261159" visible="true" version="2" changeset="154797557" timestamp="2024-08-04T06:34:39Z" user="uknown-gryphus" uid="2425805" lat="12.9701278" lon="77.6409187"/>
 <node id="11225261160" visible="true" version="1" changeset="141871774" timestamp="2023-09-28T16:17:39Z" user="Vonter" uid="3926189" lat="12.9689637" lon="77.6364534"/>
 <node id="11225261165" visible="true" version="1" changeset="141871774" timestamp="2023-09-28T16:17:39Z" user="Vonter" uid="3926189" lat="12.9692956" lon="77.6361800"/>
 <node id="11234273094" visible="true" version="2" changeset="154065223" timestamp="2024-07-17T16:05:44Z" user="Vonter" uid="3926189" lat="12.9693256" lon="77.6381581"/>
 <node id="11234273095" visible="true" version="2" changeset="158956663" timestamp="2024-11-10T06:45:28Z" user="Vonter" uid="3926189" lat="12.9685508" lon="77.6385958"/>
 <node id="11234273096" visible="true" version="2" changeset="158956663" timestamp="2024-11-10T06:45:28Z" user="Vonter" uid="3926189" lat="12.9685636" lon="77.6388355"/>
 <node id="11234273097" visible="true" version="2" changeset="158956663" timestamp="2024-11-10T06:45:28Z" user="Vonter" uid="3926189" lat="12.9684557" lon="77.6388416"/>
 <node id="11234273098" visible="true" version="2" changeset="158956663" timestamp="2024-11-10T06:45:28Z" user="Vonter" uid="3926189" lat="12.9684429" lon="77.6386019"/>
 <node id="11268357659" visible="true" version="1" changeset="142690066" timestamp="2023-10-17T02:21:40Z" user="mvineetmenon" uid="11353264" lat="12.9673234" lon="77.6400936">
  <tag k="amenity" v="pharmacy"/>
  <tag k="healthcare" v="pharmacy"/>
 </node>
 <node id="11268362649" visible="true" version="1" changeset="142690066" timestamp="2023-10-17T02:22:07Z" user="mvineetmenon" uid="11353264" lat="12.9671096" lon="77.6403708">
  <tag k="amenity" v="pharmacy"/>
  <tag k="healthcare" v="pharmacy"/>
 </node>
 <node id="11268368110" visible="true" version="1" changeset="142690066" timestamp="2023-10-17T02:22:30Z" user="mvineetmenon" uid="11353264" lat="12.9670134" lon="77.6412940">
  <tag k="amenity" v="restaurant"/>
  <tag k="name" v="Paakshala"/>
 </node>
 <node id="11337793567" visible="true" version="1" changeset="143853743" timestamp="2023-11-10T09:04:30Z" user="uknown-gryphus" uid="2425805" lat="12.9662797" lon="77.6400034"/>
 <node id="11359610030" visible="true" version="1" changeset="144163237" timestamp="2023-11-18T06:40:42Z" user="seadeep42" uid="4615657" lat="12.9684759" lon="77.6411761">
  <tag k="clothes" v="women"/>
  <tag k="name" v="W for Women"/>
  <tag k="shop" v="clothes"/>
 </node>
 <node id="11359610031" visible="true" version="1" changeset="144163237" timestamp="2023-11-18T06:40:42Z" user="seadeep42" uid="4615657" lat="12.9684691" lon="77.6406128">
  <tag k="amenity" v="post_office"/>
  <tag k="brand" v="Desk to Desk Courier &amp; Cargo"/>
  <tag k="brand:short" v="DTDC"/>
  <tag k="brand:wikidata" v="Q55608802"/>
  <tag k="name" v="DTDC"/>
  <tag k="operator" v="Desk to Desk Courier &amp; Cargo"/>
  <tag k="operator:short" v="DTDC"/>
  <tag k="operator:wikidata" v="Q55608802"/>
 </node>
 <node id="11388874105" visible="true" version="1" changeset="144681342" timestamp="2023-12-02T05:10:39Z" user="manojnobi" uid="19376976" lat="12.9676895" lon="77.6401070"/>
 <node id="11545499487" visible="true" version="2" changeset="174361446" timestamp="2025-11-08T06:57:15Z" user="Vonter" uid="3926189" lat="12.9675108" lon="77.6378109"/>
 <node id="11545499488" visible="true" version="2" changeset="174361446" timestamp="2025-11-08T06:57:15Z" user="Vonter" uid="3926189" lat="12.9674301" lon="77.6377935"/>
 <node id="11545499489" visible="true" version="2" changeset="174361446" timestamp="2025-11-08T06:57:15Z" user="Vonter" uid="3926189" lat="12.9674537" lon="77.6376780"/>
 <node id="11545499490" visible="true" version="2" changeset="174361446" timestamp="2025-11-08T06:57:15Z" user="Vonter" uid="3926189" lat="12.9675344" lon="77.6376954"/>
 <node id="11545499491" visible="true" version="2" changeset="174361446" timestamp="2025-11-08T06:57:15Z" user="Vonter" uid="3926189" lat="12.9675888" lon="77.6378255"/>
 <node id="11545499492" visible="true" version="2" changeset="174361446" timestamp="2025-11-08T06:57:15Z" user="Vonter" uid="3926189" lat="12.9675147" lon="77.6378095"/>
 <node id="11545499493" visible="true" version="2" changeset="174361446" timestamp="2025-11-08T06:57:15Z" user="Vonter" uid="3926189" lat="12.9675379" lon="77.6376961"/>
 <node id="11545499494" visible="true" version="2" changeset="174361446" timestamp="2025-11-08T06:57:15Z" user="Vonter" uid="3926189" lat="12.9676120" lon="77.6377120"/>
 <node id="11545499495" visible="true" version="2" changeset="174361446" timestamp="2025-11-08T06:57:15Z" user="Vonter" uid="3926189" lat="12.9676698" lon="77.6378401"/>
 <node id="11545499496" visible="true" version="2" changeset="174361446" timestamp="2025-11-08T06:57:15Z" user="Vonter" uid="3926189" lat="12.9675940" lon="77.6378238"/>
 <node id="11545499497" visible="true" version="2" changeset="174361446" timestamp="2025-11-08T06:57:15Z" user="Vonter" uid="3926189" lat="12.9676168" lon="77.6377124"/>
 <node id="11545499498" visible="true" version="2" changeset="174361446" timestamp="2025-11-08T06:57:15Z" user="Vonter" uid="3926189" lat="12.9676925" lon="77.6377287"/>
 <node id="11545499499" visible="true" version="1" changeset="146618362" timestamp="2024-01-24T08:19:46Z" user="Vonter" uid="3926189" lat="12.9677537" lon="77.6378645"/>
 <node id="11545499500" visible="true" version="1" changeset="146618362" timestamp="2024-01-24T08:19:46Z" user="Vonter" uid="3926189" lat="12.9676895" lon="77.6378495"/>
 <node id="11545499501" visible="true" version="1" changeset="146618362" timestamp="2024-01-24T08:19:46Z" user="Vonter" uid="3926189" lat="12.9677116" lon="77.6377500"/>
 <node id="11545499502" visible="true" version="1" changeset="146618362" timestamp="2024-01-24T08:19:46Z" user="Vonter" uid="3926189" lat="12.9677758" lon="77.6377650"/>
 <node id="11545499503" visible="true" version="1" changeset="146618362" timestamp="2024-01-24T08:19:46Z" user="Vonter" uid="3926189" lat="12.9678255" lon="77.6378793"/>
 <node id="11545499504" visible="true" version="1" changeset="146618362" timestamp="2024-01-24T08:19:46Z" user="Vonter" uid="3926189" lat="12.9677725" lon="77.6378670"/>
 <node id="11545499505" visible="true" version="1" changeset="146618362" timestamp="2024-01-24T08:19:46Z" user="Vonter" uid="3926189" lat="12.9677940" lon="77.6377701"/>
 <node id="11545499506" visible="true" version="1" changeset="146618362" timestamp="2024-01-24T08:19:46Z" user="Vonter" uid="3926189" lat="12.9678470" lon="77.6377825"/>
 <node id="11545499507" visible="true" version="1" changeset="146618362" timestamp="2024-01-24T08:19:46Z" user="Vonter" uid="3926189" lat="12.9678112" lon="77.6377596"/>
 <node id="11545499508" visible="true" version="1" changeset="146618362" timestamp="2024-01-24T08:19:46Z" user="Vonter" uid="3926189" lat="12.9677196" lon="77.6377382"/>
 <node id="11545499509" visible="true" version="1" changeset="146618362" timestamp="2024-01-24T08:19:46Z" user="Vonter" uid="3926189" lat="12.9677423" lon="77.6376357"/>
 <node id="11545499510" visible="true" version="1" changeset="146618362" timestamp="2024-01-24T08:19:46Z" user="Vonter" uid="3926189" lat="12.9678339" lon="77.6376571"/>
 <node id="11545499511" visible="true" version="2" changeset="174361446" timestamp="2025-11-08T06:57:15Z" user="Vonter" uid="3926189" lat="12.9676885" lon="77.6377218"/>
 <node id="11545499512" visible="true" version="2" changeset="174361446" timestamp="2025-11-08T06:57:15Z" user="Vonter" uid="3926189" lat="12.9676184" lon="77.6377067"/>
 <node id="11545499513" visible="true" version="2" changeset="174361446" timestamp="2025-11-08T06:57:15Z" user="Vonter" uid="3926189" lat="12.9676392" lon="77.6376048"/>
 <node id="11545499514" visible="true" version="2" changeset="174361446" timestamp="2025-11-08T06:57:15Z" user="Vonter" uid="3926189" lat="12.9677093" lon="77.6376199"/>
 <node id="11545499515" visible="true" version="2" changeset="174361446" timestamp="2025-11-08T06:57:15Z" user="Vonter" uid="3926189" lat="12.9675306" lon="77.6376849"/>
 <node id="11545499516" visible="true" version="2" changeset="174361446" timestamp="2025-11-08T06:57:15Z" user="Vonter" uid="3926189" lat="12.9674579" lon="77.6376692"/>
 <node id="11545499517" visible="true" version="2" changeset="174361446" timestamp="2025-11-08T06:57:15Z" user="Vonter" uid="3926189" lat="12.9674756" lon="77.6375828"/>
 <node id="11545499518" visible="true" version="2" changeset="174361446" timestamp="2025-11-08T06:57:15Z" user="Vonter" uid="3926189" lat="12.9675483" lon="77.6375985"/>
 <node id="11545499519" visible="true" version="2" changeset="174361446" timestamp="2025-11-08T06:57:15Z" user="Vonter" uid="3926189" lat="12.9674475" lon="77.6376740"/>
 <node id="11545499520" visible="true" version="2" changeset="174361446" timestamp="2025-11-08T06:57:15Z" user="Vonter" uid="3926189" lat="12.9673725" lon="77.6376579"/>
 <node id="11545499521" visible="true" version="2" changeset="174361446" timestamp="2025-11-08T06:57:15Z" user="Vonter" uid="3926189" lat="12.9673953" lon="77.6375462"/>
 <node id="11545499522" visible="true" version="2" changeset="174361446" timestamp="2025-11-08T06:57:15Z" user="Vonter" uid="3926189" lat="12.9674703" lon="77.6375623"/>
 <node id="11545499539" visible="true" version="2" changeset="174361446" timestamp="2025-11-08T06:57:15Z" user="Vonter" uid="3926189" lat="12.9668558" lon="77.6376685"/>
 <node id="11545499540" visible="true" version="2" changeset="174361446" timestamp="2025-11-08T06:57:15Z" user="Vonter" uid="3926189" lat="12.9667766" lon="77.6376514"/>
 <node id="11545499541" visible="true" version="2" changeset="174361446" timestamp="2025-11-08T06:57:15Z" user="Vonter" uid="3926189" lat="12.9667965" lon="77.6375541"/>
 <node id="11545499542" visible="true" version="2" changeset="174361446" timestamp="2025-11-08T06:57:15Z" user="Vonter" uid="3926189" lat="12.9668757" lon="77.6375712"/>
 <node id="11768591829" visible="true" version="1" changeset="149260386" timestamp="2024-03-28T10:07:29Z" user="Vonter" uid="3926189" lat="12.9691163" lon="77.6412873"/>
 <node id="11768591830" visible="true" version="1" changeset="149260386" timestamp="2024-03-28T10:07:29Z" user="Vonter" uid="3926189" lat="12.9685682" lon="77.6413270"/>
 <node id="11768591831" visible="true" version="1" changeset="149260386" timestamp="2024-03-28T10:07:29Z" user="Vonter" uid="3926189" lat="12.9680879" lon="77.6413611"/>
 <node id="11768591832" visible="true" version="1" changeset="149260386" timestamp="2024-03-28T10:07:29Z" user="Vonter" uid="3926189" lat="12.9674394" lon="77.6413934"/>
 <node id="11768591833" visible="true" version="1" changeset="149260386" timestamp="2024-03-28T10:07:29Z" user="Vonter" uid="3926189" lat="12.9669943" lon="77.6414157"/>
 <node id="11768591834" visible="true" version="1" changeset="149260386" timestamp="2024-03-28T10:07:29Z" user="Vonter" uid="3926189" lat="12.9668033" lon="77.6414281"/>
 <node id="11768591835" visible="true" version="1" changeset="149260386" timestamp="2024-03-28T10:07:29Z" user="Vonter" uid="3926189" lat="12.9660801" lon="77.6414752"/>
 <node id="11768591836" visible="true" version="1" changeset="149260386" timestamp="2024-03-28T10:07:29Z" user="Vonter" uid="3926189" lat="12.9657874" lon="77.6414939"/>
 <node id="11768591837" visible="true" version="1" changeset="149260386" timestamp="2024-03-28T10:07:29Z" user="Vonter" uid="3926189" lat="12.9642905" lon="77.6415570"/>
 <node id="11768591838" visible="true" version="1" changeset="149260386" timestamp="2024-03-28T10:07:29Z" user="Vonter" uid="3926189" lat="12.9633740" lon="77.6416262"/>
 <node id="11768591839" visible="true" version="1" changeset="149260386" timestamp="2024-03-28T10:07:29Z" user="Vonter" uid="3926189" lat="12.9632327" lon="77.6416368"/>
 <node id="11768591840" visible="true" version="1" changeset="149260386" timestamp="2024-03-28T10:07:29Z" user="Vonter" uid="3926189" lat="12.9626531" lon="77.6416664"/>
 <node id="11768591841" visible="true" version="1" changeset="149260386" timestamp="2024-03-28T10:07:29Z" user="Vonter" uid="3926189" lat="12.9625096" lon="77.6416735"/>
 <node id="11768591842" visible="true" version="1" changeset="149260386" timestamp="2024-03-28T10:07:29Z" user="Vonter" uid="3926189" lat="12.9619007" lon="77.6417045"/>
 <node id="11768591843" visible="true" version="1" changeset="149260386" timestamp="2024-03-28T10:07:29Z" user="Vonter" uid="3926189" lat="12.9616444" lon="77.6417041"/>
 <node id="11768591844" visible="true" version="1" changeset="149260386" timestamp="2024-03-28T10:07:29Z" user="Vonter" uid="3926189" lat="12.9608008" lon="77.6417027"/>
 <node id="11768591845" visible="true" version="1" changeset="149260386" timestamp="2024-03-28T10:07:29Z" user="Vonter" uid="3926189" lat="12.9605673" lon="77.6416709"/>
 <node id="11768591846" visible="true" version="1" changeset="149260386" timestamp="2024-03-28T10:07:29Z" user="Vonter" uid="3926189" lat="12.9605534" lon="77.6418927"/>
 <node id="11768591847" visible="true" version="1" changeset="149260386" timestamp="2024-03-28T10:07:29Z" user="Vonter" uid="3926189" lat="12.9605203" lon="77.6424113"/>
 <node id="11768591905" visible="true" version="1" changeset="149260386" timestamp="2024-03-28T10:07:29Z" user="Vonter" uid="3926189" lat="12.9702236" lon="77.6412253"/>
 <node id="11968846176" visible="true" version="1" changeset="152493622" timestamp="2024-06-10T11:45:37Z" user="Vonter" uid="3926189" lat="12.9678267" lon="77.6408439"/>
 <node id="11968846177" visible="true" version="1" changeset="152493622" timestamp="2024-06-10T11:45:37Z" user="Vonter" uid="3926189" lat="12.9678293" lon="77.6409984"/>
 <node id="11968846178" visible="true" version="1" changeset="152493622" timestamp="2024-06-10T11:45:37Z" user="Vonter" uid="3926189" lat="12.9679274" lon="77.6409967"/>
 <node id="11968846179" visible="true" version="1" changeset="152493622" timestamp="2024-06-10T11:45:37Z" user="Vonter" uid="3926189" lat="12.9679247" lon="77.6408422"/>
 <node id="11968846180" visible="true" version="1" changeset="152493622" timestamp="2024-06-10T11:45:37Z" user="Vonter" uid="3926189" lat="12.9677747" lon="77.6410099"/>
 <node id="11968846181" visible="true" version="1" changeset="152493622" timestamp="2024-06-10T11:45:37Z" user="Vonter" uid="3926189" lat="12.9676346" lon="77.6409823"/>
 <node id="11968846182" visible="true" version="1" changeset="152493622" timestamp="2024-06-10T11:45:37Z" user="Vonter" uid="3926189" lat="12.9676501" lon="77.6408998"/>
 <node id="11968846183" visible="true" version="1" changeset="152493622" timestamp="2024-06-10T11:45:37Z" user="Vonter" uid="3926189" lat="12.9677901" lon="77.6409274"/>
 <node id="11968846184" visible="true" version="1" changeset="152493622" timestamp="2024-06-10T11:45:37Z" user="Vonter" uid="3926189" lat="12.9679404" lon="77.6408507"/>
 <node id="11968846185" visible="true" version="1" changeset="152493622" timestamp="2024-06-10T11:45:37Z" user="Vonter" uid="3926189" lat="12.9679430" lon="77.6410072"/>
 <node id="11968846186" visible="true" version="1" changeset="152493622" timestamp="2024-06-10T11:45:37Z" user="Vonter" uid="3926189" lat="12.9680411" lon="77.6410054"/>
 <node id="11968846187" visible="true" version="1" changeset="152493622" timestamp="2024-06-10T11:45:37Z" user="Vonter" uid="3926189" lat="12.9680385" lon="77.6408489"/>
 <node id="11968846188" visible="true" version="1" changeset="152493622" timestamp="2024-06-10T11:45:37Z" user="Vonter" uid="3926189" lat="12.9680496" lon="77.6408445"/>
 <node id="11968846189" visible="true" version="1" changeset="152493622" timestamp="2024-06-10T11:45:37Z" user="Vonter" uid="3926189" lat="12.9680522" lon="77.6409944"/>
 <node id="11968846190" visible="true" version="1" changeset="152493622" timestamp="2024-06-10T11:45:37Z" user="Vonter" uid="3926189" lat="12.9681442" lon="77.6409928"/>
 <node id="11968846191" visible="true" version="1" changeset="152493622" timestamp="2024-06-10T11:45:37Z" user="Vonter" uid="3926189" lat="12.9681417" lon="77.6408429"/>
 <node id="11968846192" visible="true" version="1" changeset="152493622" timestamp="2024-06-10T11:45:37Z" user="Vonter" uid="3926189" lat="12.9681610" lon="77.6408398"/>
 <node id="11968846193" visible="true" version="1" changeset="152493622" timestamp="2024-06-10T11:45:37Z" user="Vonter" uid="3926189" lat="12.9681633" lon="77.6409750"/>
 <node id="11968846194" visible="true" version="1" changeset="152493622" timestamp="2024-06-10T11:45:37Z" user="Vonter" uid="3926189" lat="12.9682531" lon="77.6409734"/>
 <node id="11968846195" visible="true" version="1" changeset="152493622" timestamp="2024-06-10T11:45:37Z" user="Vonter" uid="3926189" lat="12.9682508" lon="77.6408382"/>
 <node id="11968846196" visible="true" version="1" changeset="152493622" timestamp="2024-06-10T11:45:37Z" user="Vonter" uid="3926189" lat="12.9682731" lon="77.6408322"/>
 <node id="11968846197" visible="true" version="1" changeset="152493622" timestamp="2024-06-10T11:45:37Z" user="Vonter" uid="3926189" lat="12.9682755" lon="77.6409761"/>
 <node id="11968846198" visible="true" version="1" changeset="152493622" timestamp="2024-06-10T11:45:37Z" user="Vonter" uid="3926189" lat="12.9683828" lon="77.6409742"/>
 <node id="11968846199" visible="true" version="1" changeset="152493622" timestamp="2024-06-10T11:45:37Z" user="Vonter" uid="3926189" lat="12.9683803" lon="77.6408303"/>
 <node id="11968846200" visible="true" version="1" changeset="152493622" timestamp="2024-06-10T11:45:37Z" user="Vonter" uid="3926189" lat="12.9672836" lon="77.6393595"/>
 <node id="11968846201" visible="true" version="1" changeset="152493622" timestamp="2024-06-10T11:45:37Z" user="Vonter" uid="3926189" lat="12.9671634" lon="77.6393381"/>
 <node id="11968846202" visible="true" version="1" changeset="152493622" timestamp="2024-06-10T11:45:37Z" user="Vonter" uid="3926189" lat="12.9671772" lon="77.6392563"/>
 <node id="11968846203" visible="true" version="1" changeset="152493622" timestamp="2024-06-10T11:45:37Z" user="Vonter" uid="3926189" lat="12.9672974" lon="77.6392778"/>
 <node id="11968846204" visible="true" version="1" changeset="152493622" timestamp="2024-06-10T11:45:37Z" user="Vonter" uid="3926189" lat="12.9673653" lon="77.6395199"/>
 <node id="11968846205" visible="true" version="1" changeset="152493622" timestamp="2024-06-10T11:45:37Z" user="Vonter" uid="3926189" lat="12.9671320" lon="77.6394676"/>
 <node id="11968846206" visible="true" version="1" changeset="152493622" timestamp="2024-06-10T11:45:37Z" user="Vonter" uid="3926189" lat="12.9671537" lon="77.6393656"/>
 <node id="11968846207" visible="true" version="1" changeset="152493622" timestamp="2024-06-10T11:45:37Z" user="Vonter" uid="3926189" lat="12.9673870" lon="77.6394179"/>
 <node id="11968846208" visible="true" version="1" changeset="152493622" timestamp="2024-06-10T11:45:37Z" user="Vonter" uid="3926189" lat="12.9672722" lon="77.6397140"/>
 <node id="11968846209" visible="true" version="1" changeset="152493622" timestamp="2024-06-10T11:45:37Z" user="Vonter" uid="3926189" lat="12.9671010" lon="77.6396865"/>
 <node id="11968846210" visible="true" version="1" changeset="152493622" timestamp="2024-06-10T11:45:37Z" user="Vonter" uid="3926189" lat="12.9671119" lon="77.6396151"/>
 <node id="11968846211" visible="true" version="1" changeset="152493622" timestamp="2024-06-10T11:45:37Z" user="Vonter" uid="3926189" lat="12.9672831" lon="77.6396426"/>
 <node id="11968846212" visible="true" version="1" changeset="152493622" timestamp="2024-06-10T11:45:37Z" user="Vonter" uid="3926189" lat="12.9673004" lon="77.6396290"/>
 <node id="11968846213" visible="true" version="1" changeset="152493622" timestamp="2024-06-10T11:45:37Z" user="Vonter" uid="3926189" lat="12.9671004" lon="77.6395841"/>
 <node id="11968846214" visible="true" version="1" changeset="152493622" timestamp="2024-06-10T11:45:37Z" user="Vonter" uid="3926189" lat="12.9671230" lon="77.6394783"/>
 <node id="11968846215" visible="true" version="1" changeset="152493622" timestamp="2024-06-10T11:45:37Z" user="Vonter" uid="3926189" lat="12.9673229" lon="77.6395232"/>
 <node id="11968846487" visible="true" version="1" changeset="152493622" timestamp="2024-06-10T11:45:37Z" user="Vonter" uid="3926189" lat="12.9667515" lon="77.6383318"/>
 <node id="11968846488" visible="true" version="1" changeset="152493622" timestamp="2024-06-10T11:45:37Z" user="Vonter" uid="3926189" lat="12.9666803" lon="77.6383189"/>
 <node id="11968846489" visible="true" version="1" changeset="152493622" timestamp="2024-06-10T11:45:37Z" user="Vonter" uid="3926189" lat="12.9666972" lon="77.6382199"/>
 <node id="11968846490" visible="true" version="1" changeset="152493622" timestamp="2024-06-10T11:45:37Z" user="Vonter" uid="3926189" lat="12.9667685" lon="77.6382327"/>
 <node id="11968846491" visible="true" version="1" changeset="152493622" timestamp="2024-06-10T11:45:37Z" user="Vonter" uid="3926189" lat="12.9668386" lon="77.6383496"/>
 <node id="11968846492" visible="true" version="1" changeset="152493622" timestamp="2024-06-10T11:45:37Z" user="Vonter" uid="3926189" lat="12.9667652" lon="77.6383363"/>
 <node id="11968846493" visible="true" version="1" changeset="152493622" timestamp="2024-06-10T11:45:37Z" user="Vonter" uid="3926189" lat="12.9667823" lon="77.6382363"/>
 <node id="11968846494" visible="true" version="1" changeset="152493622" timestamp="2024-06-10T11:45:37Z" user="Vonter" uid="3926189" lat="12.9668557" lon="77.6382495"/>
 <node id="11968846495" visible="true" version="1" changeset="152493622" timestamp="2024-06-10T11:45:37Z" user="Vonter" uid="3926189" lat="12.9669141" lon="77.6383659"/>
 <node id="11968846496" visible="true" version="1" changeset="152493622" timestamp="2024-06-10T11:45:37Z" user="Vonter" uid="3926189" lat="12.9668433" lon="77.6383531"/>
 <node id="11968846497" visible="true" version="1" changeset="152493622" timestamp="2024-06-10T11:45:37Z" user="Vonter" uid="3926189" lat="12.9668600" lon="77.6382555"/>
 <node id="11968846498" visible="true" version="1" changeset="152493622" timestamp="2024-06-10T11:45:37Z" user="Vonter" uid="3926189" lat="12.9669308" lon="77.6382683"/>
 <node id="11968846499" visible="true" version="1" changeset="152493622" timestamp="2024-06-10T11:45:37Z" user="Vonter" uid="3926189" lat="12.9669969" lon="77.6383864"/>
 <node id="11968846500" visible="true" version="1" changeset="152493622" timestamp="2024-06-10T11:45:37Z" user="Vonter" uid="3926189" lat="12.9669220" lon="77.6383729"/>
 <node id="11968846501" visible="true" version="1" changeset="152493622" timestamp="2024-06-10T11:45:37Z" user="Vonter" uid="3926189" lat="12.9669396" lon="77.6382702"/>
 <node id="11968846502" visible="true" version="1" changeset="152493622" timestamp="2024-06-10T11:45:37Z" user="Vonter" uid="3926189" lat="12.9670145" lon="77.6382837"/>
 <node id="11968846503" visible="true" version="1" changeset="152493622" timestamp="2024-06-10T11:45:37Z" user="Vonter" uid="3926189" lat="12.9670776" lon="77.6384152"/>
 <node id="11968846504" visible="true" version="1" changeset="152493622" timestamp="2024-06-10T11:45:37Z" user="Vonter" uid="3926189" lat="12.9670008" lon="77.6384014"/>
 <node id="11968846505" visible="true" version="1" changeset="152493622" timestamp="2024-06-10T11:45:37Z" user="Vonter" uid="3926189" lat="12.9670199" lon="77.6382893"/>
 <node id="11968846506" visible="true" version="1" changeset="152493622" timestamp="2024-06-10T11:45:37Z" user="Vonter" uid="3926189" lat="12.9670968" lon="77.6383032"/>
 <node id="11968846507" visible="true" version="1" changeset="152493622" timestamp="2024-06-10T11:45:37Z" user="Vonter" uid="3926189" lat="12.9671639" lon="77.6384336"/>
 <node id="11968846508" visible="true" version="1" changeset="152493622" timestamp="2024-06-10T11:45:37Z" user="Vonter" uid="3926189" lat="12.9670877" lon="77.6384198"/>
 <node id="11968846509" visible="true" version="1" changeset="152493622" timestamp="2024-06-10T11:45:37Z" user="Vonter" uid="3926189" lat="12.9671075" lon="77.6383038"/>
 <node id="11968846510" visible="true" version="1" changeset="152493622" timestamp="2024-06-10T11:45:37Z" user="Vonter" uid="3926189" lat="12.9671837" lon="77.6383176"/>
 <node id="11968846511" visible="true" version="1" changeset="152493622" timestamp="2024-06-10T11:45:37Z" user="Vonter" uid="3926189" lat="12.9672475" lon="77.6384473"/>
 <node id="11968846512" visible="true" version="1" changeset="152493622" timestamp="2024-06-10T11:45:37Z" user="Vonter" uid="3926189" lat="12.9671677" lon="77.6384329"/>
 <node id="11968846513" visible="true" version="1" changeset="152493622" timestamp="2024-06-10T11:45:37Z" user="Vonter" uid="3926189" lat="12.9671867" lon="77.6383223"/>
 <node id="11968846514" visible="true" version="1" changeset="152493622" timestamp="2024-06-10T11:45:37Z" user="Vonter" uid="3926189" lat="12.9672664" lon="77.6383367"/>
 <node id="11968846515" visible="true" version="1" changeset="152493622" timestamp="2024-06-10T11:45:37Z" user="Vonter" uid="3926189" lat="12.9672120" lon="77.6381948"/>
 <node id="11968846516" visible="true" version="1" changeset="152493622" timestamp="2024-06-10T11:45:37Z" user="Vonter" uid="3926189" lat="12.9672906" lon="77.6382089"/>
 <node id="11968846517" visible="true" version="1" changeset="152493622" timestamp="2024-06-10T11:45:37Z" user="Vonter" uid="3926189" lat="12.9672708" lon="77.6383244"/>
 <node id="11968846518" visible="true" version="1" changeset="152493622" timestamp="2024-06-10T11:45:37Z" user="Vonter" uid="3926189" lat="12.9671922" lon="77.6383102"/>
 <node id="11968846519" visible="true" version="1" changeset="152493622" timestamp="2024-06-10T11:45:37Z" user="Vonter" uid="3926189" lat="12.9671277" lon="77.6381864"/>
 <node id="11968846520" visible="true" version="1" changeset="152493622" timestamp="2024-06-10T11:45:37Z" user="Vonter" uid="3926189" lat="12.9672043" lon="77.6382002"/>
 <node id="11968846521" visible="true" version="1" changeset="152493622" timestamp="2024-06-10T11:45:37Z" user="Vonter" uid="3926189" lat="12.9671858" lon="77.6383082"/>
 <node id="11968846522" visible="true" version="1" changeset="152493622" timestamp="2024-06-10T11:45:37Z" user="Vonter" uid="3926189" lat="12.9671092" lon="77.6382944"/>
 <node id="11968846523" visible="true" version="1" changeset="152493622" timestamp="2024-06-10T11:45:37Z" user="Vonter" uid="3926189" lat="12.9670454" lon="77.6381743"/>
 <node id="11968846524" visible="true" version="1" changeset="152493622" timestamp="2024-06-10T11:45:37Z" user="Vonter" uid="3926189" lat="12.9671223" lon="77.6381882"/>
 <node id="11968846525" visible="true" version="1" changeset="152493622" timestamp="2024-06-10T11:45:37Z" user="Vonter" uid="3926189" lat="12.9671051" lon="77.6382885"/>
 <node id="11968846526" visible="true" version="1" changeset="152493622" timestamp="2024-06-10T11:45:37Z" user="Vonter" uid="3926189" lat="12.9670282" lon="77.6382747"/>
 <node id="11968846527" visible="true" version="1" changeset="152493622" timestamp="2024-06-10T11:45:37Z" user="Vonter" uid="3926189" lat="12.9669636" lon="77.6381511"/>
 <node id="11968846528" visible="true" version="1" changeset="152493622" timestamp="2024-06-10T11:45:37Z" user="Vonter" uid="3926189" lat="12.9670406" lon="77.6381650"/>
 <node id="11968846529" visible="true" version="1" changeset="152493622" timestamp="2024-06-10T11:45:37Z" user="Vonter" uid="3926189" lat="12.9670226" lon="77.6382704"/>
 <node id="11968846530" visible="true" version="1" changeset="152493622" timestamp="2024-06-10T11:45:37Z" user="Vonter" uid="3926189" lat="12.9669456" lon="77.6382565"/>
 <node id="11968846531" visible="true" version="1" changeset="152493622" timestamp="2024-06-10T11:45:37Z" user="Vonter" uid="3926189" lat="12.9668830" lon="77.6381381"/>
 <node id="11968846532" visible="true" version="1" changeset="152493622" timestamp="2024-06-10T11:45:37Z" user="Vonter" uid="3926189" lat="12.9669524" lon="77.6381506"/>
 <node id="11968846533" visible="true" version="1" changeset="152493622" timestamp="2024-06-10T11:45:37Z" user="Vonter" uid="3926189" lat="12.9669346" lon="77.6382546"/>
 <node id="11968846534" visible="true" version="1" changeset="152493622" timestamp="2024-06-10T11:45:37Z" user="Vonter" uid="3926189" lat="12.9668652" lon="77.6382421"/>
 <node id="11968846535" visible="true" version="1" changeset="152493622" timestamp="2024-06-10T11:45:37Z" user="Vonter" uid="3926189" lat="12.9668021" lon="77.6381196"/>
 <node id="11968846536" visible="true" version="1" changeset="152493622" timestamp="2024-06-10T11:45:37Z" user="Vonter" uid="3926189" lat="12.9668792" lon="77.6381335"/>
 <node id="11968846537" visible="true" version="1" changeset="152493622" timestamp="2024-06-10T11:45:37Z" user="Vonter" uid="3926189" lat="12.9668609" lon="77.6382406"/>
 <node id="11968846538" visible="true" version="1" changeset="152493622" timestamp="2024-06-10T11:45:37Z" user="Vonter" uid="3926189" lat="12.9667838" lon="77.6382267"/>
 <node id="11968846539" visible="true" version="1" changeset="152493622" timestamp="2024-06-10T11:45:37Z" user="Vonter" uid="3926189" lat="12.9667178" lon="77.6381042"/>
 <node id="11968846540" visible="true" version="1" changeset="152493622" timestamp="2024-06-10T11:45:37Z" user="Vonter" uid="3926189" lat="12.9667949" lon="77.6381181"/>
 <node id="11968846541" visible="true" version="1" changeset="152493622" timestamp="2024-06-10T11:45:37Z" user="Vonter" uid="3926189" lat="12.9667764" lon="77.6382265"/>
 <node id="11968846542" visible="true" version="1" changeset="152493622" timestamp="2024-06-10T11:45:37Z" user="Vonter" uid="3926189" lat="12.9666992" lon="77.6382126"/>
 <node id="11968846575" visible="true" version="2" changeset="174361446" timestamp="2025-11-08T06:57:15Z" user="Vonter" uid="3926189" lat="12.9667473" lon="77.6378616"/>
 <node id="11968846576" visible="true" version="2" changeset="174361446" timestamp="2025-11-08T06:57:15Z" user="Vonter" uid="3926189" lat="12.9666718" lon="77.6378452"/>
 <node id="11968846577" visible="true" version="2" changeset="174361446" timestamp="2025-11-08T06:57:15Z" user="Vonter" uid="3926189" lat="12.9666930" lon="77.6377420"/>
 <node id="11968846578" visible="true" version="2" changeset="174361446" timestamp="2025-11-08T06:57:15Z" user="Vonter" uid="3926189" lat="12.9667685" lon="77.6377584"/>
 <node id="11968846579" visible="true" version="2" changeset="174361446" timestamp="2025-11-08T06:57:15Z" user="Vonter" uid="3926189" lat="12.9669110" lon="77.6378754"/>
 <node id="11968846580" visible="true" version="2" changeset="174361446" timestamp="2025-11-08T06:57:15Z" user="Vonter" uid="3926189" lat="12.9668403" lon="77.6378601"/>
 <node id="11968846581" visible="true" version="2" changeset="174361446" timestamp="2025-11-08T06:57:15Z" user="Vonter" uid="3926189" lat="12.9668589" lon="77.6377699"/>
 <node id="11968846582" visible="true" version="2" changeset="174361446" timestamp="2025-11-08T06:57:15Z" user="Vonter" uid="3926189" lat="12.9669296" lon="77.6377852"/>
 <node id="11968846583" visible="true" version="2" changeset="174361446" timestamp="2025-11-08T06:57:15Z" user="Vonter" uid="3926189" lat="12.9669915" lon="77.6379176"/>
 <node id="11968846584" visible="true" version="2" changeset="174361446" timestamp="2025-11-08T06:57:15Z" user="Vonter" uid="3926189" lat="12.9669221" lon="77.6379035"/>
 <node id="11968846585" visible="true" version="2" changeset="174361446" timestamp="2025-11-08T06:57:15Z" user="Vonter" uid="3926189" lat="12.9669423" lon="77.6377978"/>
 <node id="11968846586" visible="true" version="2" changeset="174361446" timestamp="2025-11-08T06:57:15Z" user="Vonter" uid="3926189" lat="12.9670118" lon="77.6378119"/>
 <node id="11968846587" visible="true" version="2" changeset="174361446" timestamp="2025-11-08T06:57:15Z" user="Vonter" uid="3926189" lat="12.9670761" lon="77.6379344"/>
 <node id="11968846588" visible="true" version="2" changeset="174361446" timestamp="2025-11-08T06:57:15Z" user="Vonter" uid="3926189" lat="12.9670023" lon="77.6379195"/>
 <node id="11968846589" visible="true" version="2" changeset="174361446" timestamp="2025-11-08T06:57:15Z" user="Vonter" uid="3926189" lat="12.9670234" lon="77.6378095"/>
 <node id="11968846590" visible="true" version="2" changeset="174361446" timestamp="2025-11-08T06:57:15Z" user="Vonter" uid="3926189" lat="12.9670972" lon="77.6378245"/>
 <node id="11968846591" visible="true" version="2" changeset="174361446" timestamp="2025-11-08T06:57:15Z" user="Vonter" uid="3926189" lat="12.9671528" lon="77.6379424"/>
 <node id="11968846592" visible="true" version="2" changeset="174361446" timestamp="2025-11-08T06:57:15Z" user="Vonter" uid="3926189" lat="12.9670837" lon="77.6379284"/>
 <node id="11968846593" visible="true" version="2" changeset="174361446" timestamp="2025-11-08T06:57:15Z" user="Vonter" uid="3926189" lat="12.9671037" lon="77.6378241"/>
 <node id="11968846594" visible="true" version="2" changeset="174361446" timestamp="2025-11-08T06:57:15Z" user="Vonter" uid="3926189" lat="12.9671729" lon="77.6378381"/>
 <node id="11968846595" visible="true" version="2" changeset="174361446" timestamp="2025-11-08T06:57:15Z" user="Vonter" uid="3926189" lat="12.9672454" lon="77.6379628"/>
 <node id="11968846597" visible="true" version="2" changeset="174361446" timestamp="2025-11-08T06:57:15Z" user="Vonter" uid="3926189" lat="12.9671883" lon="77.6378297"/>
 <node id="11968846598" visible="true" version="2" changeset="174361446" timestamp="2025-11-08T06:57:15Z" user="Vonter" uid="3926189" lat="12.9672679" lon="77.6378458"/>
 <node id="11968846599" visible="true" version="2" changeset="174361446" timestamp="2025-11-08T06:57:15Z" user="Vonter" uid="3926189" lat="12.9673160" lon="77.6379836"/>
 <node id="11968846601" visible="true" version="2" changeset="174361446" timestamp="2025-11-08T06:57:15Z" user="Vonter" uid="3926189" lat="12.9672744" lon="77.6378469"/>
 <node id="11968846602" visible="true" version="2" changeset="174361446" timestamp="2025-11-08T06:57:15Z" user="Vonter" uid="3926189" lat="12.9673397" lon="77.6378601"/>
 <node id="11968846603" visible="true" version="2" changeset="174361446" timestamp="2025-11-08T06:57:15Z" user="Vonter" uid="3926189" lat="12.9672950" lon="77.6381066"/>
 <node id="11968846604" visible="true" version="2" changeset="174361446" timestamp="2025-11-08T06:57:15Z" user="Vonter" uid="3926189" lat="12.9672163" lon="77.6380907"/>
 <node id="11968846605" visible="true" version="2" changeset="174361446" timestamp="2025-11-08T06:57:15Z" user="Vonter" uid="3926189" lat="12.9672379" lon="77.6379785"/>
 <node id="11968846606" visible="true" version="2" changeset="174361446" timestamp="2025-11-08T06:57:15Z" user="Vonter" uid="3926189" lat="12.9673166" lon="77.6379944"/>
 <node id="11968846607" visible="true" version="2" changeset="174361446" timestamp="2025-11-08T06:57:15Z" user="Vonter" uid="3926189" lat="12.9672100" lon="77.6380950"/>
 <node id="11968846608" visible="true" version="2" changeset="174361446" timestamp="2025-11-08T06:57:15Z" user="Vonter" uid="3926189" lat="12.9671329" lon="77.6380794"/>
 <node id="11968846609" visible="true" version="2" changeset="174361446" timestamp="2025-11-08T06:57:15Z" user="Vonter" uid="3926189" lat="12.9671557" lon="77.6379606"/>
 <node id="11968846611" visible="true" version="2" changeset="174361446" timestamp="2025-11-08T06:57:15Z" user="Vonter" uid="3926189" lat="12.9671277" lon="77.6380754"/>
 <node id="11968846612" visible="true" version="2" changeset="174361446" timestamp="2025-11-08T06:57:15Z" user="Vonter" uid="3926189" lat="12.9670564" lon="77.6380610"/>
 <node id="11968846613" visible="true" version="2" changeset="174361446" timestamp="2025-11-08T06:57:15Z" user="Vonter" uid="3926189" lat="12.9670796" lon="77.6379402"/>
 <node id="11968846614" visible="true" version="2" changeset="174361446" timestamp="2025-11-08T06:57:15Z" user="Vonter" uid="3926189" lat="12.9671509" lon="77.6379546"/>
 <node id="11968846615" visible="true" version="2" changeset="174361446" timestamp="2025-11-08T06:57:15Z" user="Vonter" uid="3926189" lat="12.9670489" lon="77.6380585"/>
 <node id="11968846616" visible="true" version="2" changeset="174361446" timestamp="2025-11-08T06:57:15Z" user="Vonter" uid="3926189" lat="12.9669730" lon="77.6380432"/>
 <node id="11968846617" visible="true" version="2" changeset="174361446" timestamp="2025-11-08T06:57:15Z" user="Vonter" uid="3926189" lat="12.9669956" lon="77.6379256"/>
 <node id="11968846618" visible="true" version="2" changeset="174361446" timestamp="2025-11-08T06:57:15Z" user="Vonter" uid="3926189" lat="12.9670715" lon="77.6379409"/>
 <node id="11968846620" visible="true" version="2" changeset="174361446" timestamp="2025-11-08T06:57:15Z" user="Vonter" uid="3926189" lat="12.9668947" lon="77.6380229"/>
 <node id="11968846621" visible="true" version="2" changeset="174361446" timestamp="2025-11-08T06:57:15Z" user="Vonter" uid="3926189" lat="12.9669180" lon="77.6379100"/>
 <node id="11968846622" visible="true" version="2" changeset="174361446" timestamp="2025-11-08T06:57:15Z" user="Vonter" uid="3926189" lat="12.9669874" lon="77.6379251"/>
 <node id="11968846623" visible="true" version="2" changeset="174361446" timestamp="2025-11-08T06:57:15Z" user="Vonter" uid="3926189" lat="12.9668873" lon="77.6380242"/>
 <node id="11968846624" visible="true" version="2" changeset="174361446" timestamp="2025-11-08T06:57:15Z" user="Vonter" uid="3926189" lat="12.9668110" lon="77.6380076"/>
 <node id="11968846625" visible="true" version="2" changeset="174361446" timestamp="2025-11-08T06:57:15Z" user="Vonter" uid="3926189" lat="12.9668351" lon="77.6378904"/>
 <node id="11968846626" visible="true" version="2" changeset="174361446" timestamp="2025-11-08T06:57:15Z" user="Vonter" uid="3926189" lat="12.9669114" lon="77.6379069"/>
 <node id="11968846627" visible="true" version="2" changeset="174361446" timestamp="2025-11-08T06:57:15Z" user="Vonter" uid="3926189" lat="12.9668036" lon="77.6380028"/>
 <node id="11968846628" visible="true" version="2" changeset="174361446" timestamp="2025-11-08T06:57:15Z" user="Vonter" uid="3926189" lat="12.9667268" lon="77.6379861"/>
 <node id="11968846629" visible="true" version="2" changeset="174361446" timestamp="2025-11-08T06:57:15Z" user="Vonter" uid="3926189" lat="12.9667491" lon="77.6378779"/>
 <node id="11968846630" visible="true" version="2" changeset="174361446" timestamp="2025-11-08T06:57:15Z" user="Vonter" uid="3926189" lat="12.9668259" lon="77.6378946"/>
 <node id="12005884110" visible="true" version="1" changeset="153098787" timestamp="2024-06-24T08:08:02Z" user="Vonter" uid="3926189" lat="12.9696190" lon="77.6367502"/>
 <node id="12005884111" visible="true" version="1" changeset="153098787" timestamp="2024-06-24T08:08:02Z" user="Vonter" uid="3926189" lat="12.9696402" lon="77.6370548"/>
 <node id="12009429118" visible="true" version="1" changeset="153153237" timestamp="2024-06-25T11:43:24Z" user="Vonter" uid="3926189" lat="12.9680996" lon="77.6375826"/>
 <node id="12009429119" visible="true" version="1" changeset="153153237" timestamp="2024-06-25T11:43:24Z" user="Vonter" uid="3926189" lat="12.9681025" lon="77.6376933"/>
 <node id="12009429120" visible="true" version="1" changeset="153153237" timestamp="2024-06-25T11:43:24Z" user="Vonter" uid="3926189" lat="12.9682491" lon="77.6376893"/>
 <node id="12009429121" visible="true" version="1" changeset="153153237" timestamp="2024-06-25T11:43:24Z" user="Vonter" uid="3926189" lat="12.9682462" lon="77.6375786"/>
 <node id="12059577683" visible="true" version="2" changeset="163633501" timestamp="2025-03-15T03:19:31Z" user="Vonter" uid="3926189" lat="12.9699747" lon="77.6387481"/>
 <node id="12059577684" visible="true" version="1" changeset="154065223" timestamp="2024-07-17T16:05:44Z" user="Vonter" uid="3926189" lat="12.9695793" lon="77.6387759"/>
 <node id="12059577685" visible="true" version="2" changeset="158956663" timestamp="2024-11-10T06:45:28Z" user="Vonter" uid="3926189" lat="12.9695226" lon="77.6392422"/>
 <node id="12059577686" visible="true" version="2" changeset="158956663" timestamp="2024-11-10T06:45:28Z" user="Vonter" uid="3926189" lat="12.9694249" lon="77.6376470"/>
 <node id="12059577687" visible="true" version="2" changeset="158956663" timestamp="2024-11-10T06:45:28Z" user="Vonter" uid="3926189" lat="12.9683725" lon="77.6377053"/>
 <node id="12059577688" visible="true" version="2" changeset="163633501" timestamp="2025-03-15T03:19:31Z" user="Vonter" uid="3926189" lat="12.9698793" lon="77.6376385"/>
 <node id="12059577690" visible="true" version="2" changeset="162015801" timestamp="2025-02-01T15:42:12Z" user="Vonter" uid="3926189" lat="12.9683623" lon="77.6376649"/>
 <node id="12059577691" visible="true" version="1" changeset="154065223" timestamp="2024-07-17T16:05:44Z" user="Vonter" uid="3926189" lat="12.9696773" lon="77.6376018"/>
 <node id="12059577692" visible="true" version="1" changeset="154065223" timestamp="2024-07-17T16:05:44Z" user="Vonter" uid="3926189" lat="12.9696803" lon="77.6376539"/>
 <node id="12059577693" visible="true" version="1" changeset="154065223" timestamp="2024-07-17T16:05:44Z" user="Vonter" uid="3926189" lat="12.9695025" lon="77.6376668"/>
 <node id="12059577694" visible="true" version="1" changeset="154065223" timestamp="2024-07-17T16:05:44Z" user="Vonter" uid="3926189" lat="12.9696837" lon="77.6382045"/>
 <node id="12059577695" visible="true" version="1" changeset="154065223" timestamp="2024-07-17T16:05:44Z" user="Vonter" uid="3926189" lat="12.9697004" lon="77.6382038"/>
 <node id="12091353048" visible="true" version="1" changeset="154797557" timestamp="2024-08-04T06:34:39Z" user="uknown-gryphus" uid="2425805" lat="12.9701195" lon="77.6406309">
  <tag k="crossing" v="unmarked"/>
  <tag k="crossing:markings" v="no"/>
  <tag k="highway" v="crossing"/>
 </node>
 <node id="12091353054" visible="true" version="1" changeset="154797557" timestamp="2024-08-04T06:34:39Z" user="uknown-gryphus" uid="2425805" lat="12.9701496" lon="77.6411746"/>
 <node id="12091353059" visible="true" version="1" changeset="154797557" timestamp="2024-08-04T06:34:39Z" user="uknown-gryphus" uid="2425805" lat="12.9699848" lon="77.6387771">
  <tag k="crossing" v="unmarked"/>
  <tag k="crossing:markings" v="no"/>
  <tag k="highway" v="crossing"/>
 </node>
 <node id="12091353061" visible="true" version="1" changeset="154797557" timestamp="2024-08-04T06:34:39Z" user="uknown-gryphus" uid="2425805" lat="12.9701266" lon="77.6387670">
  <tag k="crossing" v="unmarked"/>
  <tag k="crossing:markings" v="no"/>
  <tag k="highway" v="crossing"/>
 </node>
 <node id="12127595695" visible="true" version="1" changeset="155606303" timestamp="2024-08-22T13:30:03Z" user="Vonter" uid="3926189" lat="12.9696661" lon="77.6374453"/>
 <node id="12127595696" visible="true" version="1" changeset="155606303" timestamp="2024-08-22T13:30:03Z" user="Vonter" uid="3926189" lat="12.9696582" lon="77.6373116"/>
 <node id="12127641622" visible="true" version="1" changeset="155606303" timestamp="2024-08-22T13:30:03Z" user="Vonter" uid="3926189" lat="12.9674001" lon="77.6401406"/>
 <node id="12127641623" visible="true" version="1" changeset="155606303" timestamp="2024-08-22T13:30:03Z" user="Vonter" uid="3926189" lat="12.9672955" lon="77.6401187"/>
 <node id="12127641624" visible="true" version="1" changeset="155606303" timestamp="2024-08-22T13:30:03Z" user="Vonter" uid="3926189" lat="12.9673102" lon="77.6400444"/>
 <node id="12127641625" visible="true" version="1" changeset="155606303" timestamp="2024-08-22T13:30:03Z" user="Vonter" uid="3926189" lat="12.9674149" lon="77.6400663"/>
 <node id="12127641626" visible="true" version="1" changeset="155606303" timestamp="2024-08-22T13:30:03Z" user="Vonter" uid="3926189" lat="12.9675838" lon="77.6397338"/>
 <node id="12127641627" visible="true" version="1" changeset="155606303" timestamp="2024-08-22T13:30:03Z" user="Vonter" uid="3926189" lat="12.9674956" lon="77.6396936"/>
 <node id="12127641628" visible="true" version="1" changeset="155606303" timestamp="2024-08-22T13:30:03Z" user="Vonter" uid="3926189" lat="12.9675255" lon="77.6396245"/>
 <node id="12127641629" visible="true" version="1" changeset="155606303" timestamp="2024-08-22T13:30:03Z" user="Vonter" uid="3926189" lat="12.9676137" lon="77.6396647"/>
 <node id="12127641630" visible="true" version="1" changeset="155606303" timestamp="2024-08-22T13:30:03Z" user="Vonter" uid="3926189" lat="12.9675443" lon="77.6394535"/>
 <node id="12127641631" visible="true" version="1" changeset="155606303" timestamp="2024-08-22T13:30:03Z" user="Vonter" uid="3926189" lat="12.9673948" lon="77.6394032"/>
 <node id="12127641632" visible="true" version="1" changeset="155606303" timestamp="2024-08-22T13:30:03Z" user="Vonter" uid="3926189" lat="12.9674145" lon="77.6393415"/>
 <node id="12127641633" visible="true" version="1" changeset="155606303" timestamp="2024-08-22T13:30:03Z" user="Vonter" uid="3926189" lat="12.9675640" lon="77.6393918"/>
 <node id="12127641634" visible="true" version="1" changeset="155606303" timestamp="2024-08-22T13:30:03Z" user="Vonter" uid="3926189" lat="12.9675096" lon="77.6395696"/>
 <node id="12127641635" visible="true" version="1" changeset="155606303" timestamp="2024-08-22T13:30:03Z" user="Vonter" uid="3926189" lat="12.9673857" lon="77.6395279"/>
 <node id="12127641636" visible="true" version="1" changeset="155606303" timestamp="2024-08-22T13:30:03Z" user="Vonter" uid="3926189" lat="12.9674172" lon="77.6394292"/>
 <node id="12127641637" visible="true" version="1" changeset="155606303" timestamp="2024-08-22T13:30:03Z" user="Vonter" uid="3926189" lat="12.9675412" lon="77.6394709"/>
 <node id="12127641638" visible="true" version="1" changeset="155606303" timestamp="2024-08-22T13:30:03Z" user="Vonter" uid="3926189" lat="12.9674940" lon="77.6392336"/>
 <node id="12127641639" visible="true" version="1" changeset="155606303" timestamp="2024-08-22T13:30:03Z" user="Vonter" uid="3926189" lat="12.9673566" lon="77.6391873"/>
 <node id="12127641640" visible="true" version="1" changeset="155606303" timestamp="2024-08-22T13:30:03Z" user="Vonter" uid="3926189" lat="12.9674001" lon="77.6390511"/>
 <node id="12127641641" visible="true" version="1" changeset="155606303" timestamp="2024-08-22T13:30:03Z" user="Vonter" uid="3926189" lat="12.9675376" lon="77.6390974"/>
 <node id="12127641642" visible="true" version="1" changeset="155606303" timestamp="2024-08-22T13:30:03Z" user="Vonter" uid="3926189" lat="12.9673326" lon="77.6392109"/>
 <node id="12127641643" visible="true" version="1" changeset="155606303" timestamp="2024-08-22T13:30:03Z" user="Vonter" uid="3926189" lat="12.9672844" lon="77.6391967"/>
 <node id="12127641644" visible="true" version="1" changeset="155606303" timestamp="2024-08-22T13:30:03Z" user="Vonter" uid="3926189" lat="12.9673008" lon="77.6391381"/>
 <node id="12127641645" visible="true" version="1" changeset="155606303" timestamp="2024-08-22T13:30:03Z" user="Vonter" uid="3926189" lat="12.9673491" lon="77.6391524"/>
 <node id="12127641646" visible="true" version="1" changeset="155606303" timestamp="2024-08-22T13:30:03Z" user="Vonter" uid="3926189" lat="12.9673099" lon="77.6390251"/>
 <node id="12127641647" visible="true" version="1" changeset="155606303" timestamp="2024-08-22T13:30:03Z" user="Vonter" uid="3926189" lat="12.9672835" lon="77.6391190"/>
 <node id="12127641648" visible="true" version="1" changeset="155606303" timestamp="2024-08-22T13:30:03Z" user="Vonter" uid="3926189" lat="12.9673601" lon="77.6391417"/>
 <node id="12127641649" visible="true" version="1" changeset="155606303" timestamp="2024-08-22T13:30:03Z" user="Vonter" uid="3926189" lat="12.9673865" lon="77.6390477"/>
 <node id="12127641650" visible="true" version="1" changeset="155606303" timestamp="2024-08-22T13:30:03Z" user="Vonter" uid="3926189" lat="12.9672165" lon="77.6389924"/>
 <node id="12127641651" visible="true" version="1" changeset="155606303" timestamp="2024-08-22T13:30:03Z" user="Vonter" uid="3926189" lat="12.9671878" lon="77.6391024"/>
 <node id="12127641652" visible="true" version="1" changeset="155606303" timestamp="2024-08-22T13:30:03Z" user="Vonter" uid="3926189" lat="12.9672478" lon="77.6391189"/>
 <node id="12127641653" visible="true" version="1" changeset="155606303" timestamp="2024-08-22T13:30:03Z" user="Vonter" uid="3926189" lat="12.9672765" lon="77.6390089"/>
 <node id="12127641654" visible="true" version="1" changeset="155606303" timestamp="2024-08-22T13:30:03Z" user="Vonter" uid="3926189" lat="12.9676098" lon="77.6392312"/>
 <node id="12127641655" visible="true" version="1" changeset="155606303" timestamp="2024-08-22T13:30:03Z" user="Vonter" uid="3926189" lat="12.9675536" lon="77.6392134"/>
 <node id="12127641656" visible="true" version="1" changeset="155606303" timestamp="2024-08-22T13:30:03Z" user="Vonter" uid="3926189" lat="12.9675810" lon="77.6391221"/>
 <node id="12127641657" visible="true" version="1" changeset="155606303" timestamp="2024-08-22T13:30:03Z" user="Vonter" uid="3926189" lat="12.9676373" lon="77.6392924"/>
 <node id="12127641658" visible="true" version="1" changeset="155606303" timestamp="2024-08-22T13:30:03Z" user="Vonter" uid="3926189" lat="12.9675954" lon="77.6392791"/>
 <node id="12127641659" visible="true" version="1" changeset="155606303" timestamp="2024-08-22T13:30:03Z" user="Vonter" uid="3926189" lat="12.9676372" lon="77.6391399"/>
 <node id="12127641660" visible="true" version="1" changeset="155606303" timestamp="2024-08-22T13:30:03Z" user="Vonter" uid="3926189" lat="12.9676791" lon="77.6391531"/>
 <node id="12127641661" visible="true" version="1" changeset="155606303" timestamp="2024-08-22T13:30:03Z" user="Vonter" uid="3926189" lat="12.9677042" lon="77.6393146"/>
 <node id="12127641662" visible="true" version="1" changeset="155606303" timestamp="2024-08-22T13:30:03Z" user="Vonter" uid="3926189" lat="12.9676451" lon="77.6392959"/>
 <node id="12127641663" visible="true" version="1" changeset="155606303" timestamp="2024-08-22T13:30:03Z" user="Vonter" uid="3926189" lat="12.9676846" lon="77.6391639"/>
 <node id="12127641664" visible="true" version="1" changeset="155606303" timestamp="2024-08-22T13:30:03Z" user="Vonter" uid="3926189" lat="12.9677437" lon="77.6391826"/>
 <node id="12127641665" visible="true" version="1" changeset="155606303" timestamp="2024-08-22T13:30:03Z" user="Vonter" uid="3926189" lat="12.9677513" lon="77.6391842"/>
 <node id="12127641666" visible="true" version="1" changeset="155606303" timestamp="2024-08-22T13:30:03Z" user="Vonter" uid="3926189" lat="12.9677226" lon="77.6392801"/>
 <node id="12127641667" visible="true" version="1" changeset="155606303" timestamp="2024-08-22T13:30:03Z" user="Vonter" uid="3926189" lat="12.9677960" lon="77.6393033"/>
 <node id="12127641668" visible="true" version="1" changeset="155606303" timestamp="2024-08-22T13:30:03Z" user="Vonter" uid="3926189" lat="12.9678248" lon="77.6392074"/>
 <node id="12127641669" visible="true" version="2" changeset="168914156" timestamp="2025-07-14T12:10:25Z" user="Vonter" uid="3926189" lat="12.9680555" lon="77.6391165"/>
 <node id="12127641670" visible="true" version="2" changeset="168914156" timestamp="2025-07-14T12:10:25Z" user="Vonter" uid="3926189" lat="12.9679594" lon="77.6391021"/>
 <node id="12127641671" visible="true" version="2" changeset="168914156" timestamp="2025-07-14T12:10:25Z" user="Vonter" uid="3926189" lat="12.9679717" lon="77.6390156"/>
 <node id="12127641672" visible="true" version="2" changeset="168914156" timestamp="2025-07-14T12:10:25Z" user="Vonter" uid="3926189" lat="12.9680679" lon="77.6390300"/>
 <node id="12127641673" visible="true" version="1" changeset="155606303" timestamp="2024-08-22T13:30:03Z" user="Vonter" uid="3926189" lat="12.9677532" lon="77.6404816"/>
 <node id="12127641674" visible="true" version="1" changeset="155606303" timestamp="2024-08-22T13:30:03Z" user="Vonter" uid="3926189" lat="12.9676666" lon="77.6404707"/>
 <node id="12127641675" visible="true" version="1" changeset="155606303" timestamp="2024-08-22T13:30:03Z" user="Vonter" uid="3926189" lat="12.9676872" lon="77.6402982"/>
 <node id="12127641676" visible="true" version="1" changeset="155606303" timestamp="2024-08-22T13:30:03Z" user="Vonter" uid="3926189" lat="12.9677738" lon="77.6403091"/>
 <node id="12127641677" visible="true" version="1" changeset="155606303" timestamp="2024-08-22T13:30:03Z" user="Vonter" uid="3926189" lat="12.9678845" lon="77.6405973"/>
 <node id="12127641678" visible="true" version="1" changeset="155606303" timestamp="2024-08-22T13:30:03Z" user="Vonter" uid="3926189" lat="12.9677411" lon="77.6405793"/>
 <node id="12127641679" visible="true" version="1" changeset="155606303" timestamp="2024-08-22T13:30:03Z" user="Vonter" uid="3926189" lat="12.9677500" lon="77.6405050"/>
 <node id="12127641680" visible="true" version="1" changeset="155606303" timestamp="2024-08-22T13:30:03Z" user="Vonter" uid="3926189" lat="12.9678934" lon="77.6405230"/>
 <node id="12328215016" visible="true" version="1" changeset="158956663" timestamp="2024-11-10T06:45:28Z" user="Vonter" uid="3926189" lat="12.9667039" lon="77.6386640"/>
 <node id="12328215017" visible="true" version="1" changeset="158956663" timestamp="2024-11-10T06:45:28Z" user="Vonter" uid="3926189" lat="12.9670841" lon="77.6389718"/>
 <node id="12328215018" visible="true" version="1" changeset="158956663" timestamp="2024-11-10T06:45:28Z" user="Vonter" uid="3926189" lat="12.9673491" lon="77.6385301"/>
 <node id="12328215019" visible="true" version="1" changeset="158956663" timestamp="2024-11-10T06:45:28Z" user="Vonter" uid="3926189" lat="12.9667583" lon="77.6384000"/>
 <node id="12328215020" visible="true" version="1" changeset="158956663" timestamp="2024-11-10T06:45:28Z" user="Vonter" uid="3926189" lat="12.9682433" lon="77.6405538"/>
 <node id="12328215021" visible="true" version="1" changeset="158956663" timestamp="2024-11-10T06:45:28Z" user="Vonter" uid="3926189" lat="12.9682456" lon="77.6407014"/>
 <node id="12328215022" visible="true" version="1" changeset="158956663" timestamp="2024-11-10T06:45:28Z" user="Vonter" uid="3926189" lat="12.9683449" lon="77.6406998"/>
 <node id="12328215023" visible="true" version="1" changeset="158956663" timestamp="2024-11-10T06:45:28Z" user="Vonter" uid="3926189" lat="12.9683426" lon="77.6405522"/>
 <node id="12328215024" visible="true" version="1" changeset="158956663" timestamp="2024-11-10T06:45:28Z" user="Vonter" uid="3926189" lat="12.9679154" lon="77.6405822"/>
 <node id="12328215025" visible="true" version="1" changeset="158956663" timestamp="2024-11-10T06:45:28Z" user="Vonter" uid="3926189" lat="12.9679176" lon="77.6407242"/>
 <node id="12328215026" visible="true" version="1" changeset="158956663" timestamp="2024-11-10T06:45:28Z" user="Vonter" uid="3926189" lat="12.9680132" lon="77.6407226"/>
 <node id="12328215027" visible="true" version="1" changeset="158956663" timestamp="2024-11-10T06:45:28Z" user="Vonter" uid="3926189" lat="12.9680110" lon="77.6405807"/>
 <node id="12328215028" visible="true" version="1" changeset="158956663" timestamp="2024-11-10T06:45:28Z" user="Vonter" uid="3926189" lat="12.9680273" lon="77.6405578"/>
 <node id="12328215029" visible="true" version="1" changeset="158956663" timestamp="2024-11-10T06:45:28Z" user="Vonter" uid="3926189" lat="12.9680296" lon="77.6407124"/>
 <node id="12328215030" visible="true" version="1" changeset="158956663" timestamp="2024-11-10T06:45:28Z" user="Vonter" uid="3926189" lat="12.9681287" lon="77.6407109"/>
 <node id="12328215031" visible="true" version="1" changeset="158956663" timestamp="2024-11-10T06:45:28Z" user="Vonter" uid="3926189" lat="12.9681263" lon="77.6405562"/>
 <node id="12328215032" visible="true" version="1" changeset="158956663" timestamp="2024-11-10T06:45:28Z" user="Vonter" uid="3926189" lat="12.9681341" lon="77.6405555"/>
 <node id="12328215033" visible="true" version="1" changeset="158956663" timestamp="2024-11-10T06:45:28Z" user="Vonter" uid="3926189" lat="12.9681364" lon="77.6407053"/>
 <node id="12328215034" visible="true" version="1" changeset="158956663" timestamp="2024-11-10T06:45:28Z" user="Vonter" uid="3926189" lat="12.9682358" lon="77.6407037"/>
 <node id="12328215035" visible="true" version="1" changeset="158956663" timestamp="2024-11-10T06:45:28Z" user="Vonter" uid="3926189" lat="12.9682335" lon="77.6405539"/>
 <node id="12328218512" visible="true" version="1" changeset="158956663" timestamp="2024-11-10T06:45:28Z" user="Vonter" uid="3926189" lat="12.9696263" lon="77.6406199"/>
 <node id="12328218513" visible="true" version="1" changeset="158956663" timestamp="2024-11-10T06:45:28Z" user="Vonter" uid="3926189" lat="12.9696040" lon="77.6402086"/>
 <node id="12328218514" visible="true" version="1" changeset="158956663" timestamp="2024-11-10T06:45:28Z" user="Vonter" uid="3926189" lat="12.9685411" lon="77.6402693"/>
 <node id="12328218515" visible="true" version="1" changeset="158956663" timestamp="2024-11-10T06:45:28Z" user="Vonter" uid="3926189" lat="12.9685318" lon="77.6402036"/>
 <node id="12328218516" visible="true" version="1" changeset="158956663" timestamp="2024-11-10T06:45:28Z" user="Vonter" uid="3926189" lat="12.9695843" lon="77.6401438"/>
 <node id="12328218517" visible="true" version="1" changeset="158956663" timestamp="2024-11-10T06:45:28Z" user="Vonter" uid="3926189" lat="12.9695636" lon="77.6397600"/>
 <node id="12328218518" visible="true" version="1" changeset="158956663" timestamp="2024-11-10T06:45:28Z" user="Vonter" uid="3926189" lat="12.9685111" lon="77.6398199"/>
 <node id="12328218519" visible="true" version="1" changeset="158956663" timestamp="2024-11-10T06:45:28Z" user="Vonter" uid="3926189" lat="12.9685046" lon="77.6397671"/>
 <node id="12328218520" visible="true" version="1" changeset="158956663" timestamp="2024-11-10T06:45:28Z" user="Vonter" uid="3926189" lat="12.9695541" lon="77.6396995"/>
 <node id="12328218521" visible="true" version="1" changeset="158956663" timestamp="2024-11-10T06:45:28Z" user="Vonter" uid="3926189" lat="12.9695306" lon="77.6393151"/>
 <node id="12328218522" visible="true" version="1" changeset="158956663" timestamp="2024-11-10T06:45:28Z" user="Vonter" uid="3926189" lat="12.9684811" lon="77.6393827"/>
 <node id="12328218523" visible="true" version="1" changeset="158956663" timestamp="2024-11-10T06:45:28Z" user="Vonter" uid="3926189" lat="12.9684748" lon="77.6393083"/>
 <node id="12328218525" visible="true" version="1" changeset="158956663" timestamp="2024-11-10T06:45:28Z" user="Vonter" uid="3926189" lat="12.9694991" lon="77.6388513"/>
 <node id="12328218526" visible="true" version="1" changeset="158956663" timestamp="2024-11-10T06:45:28Z" user="Vonter" uid="3926189" lat="12.9684514" lon="77.6389174"/>
 <node id="12328218527" visible="true" version="1" changeset="158956663" timestamp="2024-11-10T06:45:28Z" user="Vonter" uid="3926189" lat="12.9694898" lon="77.6387875"/>
 <node id="12328218528" visible="true" version="1" changeset="158956663" timestamp="2024-11-10T06:45:28Z" user="Vonter" uid="3926189" lat="12.9684460" lon="77.6388568"/>
 <node id="12328218529" visible="true" version="1" changeset="158956663" timestamp="2024-11-10T06:45:28Z" user="Vonter" uid="3926189" lat="12.9694704" lon="77.6384809"/>
 <node id="12328218530" visible="true" version="1" changeset="158956663" timestamp="2024-11-10T06:45:28Z" user="Vonter" uid="3926189" lat="12.9684267" lon="77.6385502"/>
 <node id="12328218531" visible="true" version="1" changeset="158956663" timestamp="2024-11-10T06:45:28Z" user="Vonter" uid="3926189" lat="12.9694680" lon="77.6384225"/>
 <node id="12328218532" visible="true" version="1" changeset="158956663" timestamp="2024-11-10T06:45:28Z" user="Vonter" uid="3926189" lat="12.9684199" lon="77.6384843"/>
 <node id="12328218533" visible="true" version="1" changeset="158956663" timestamp="2024-11-10T06:45:28Z" user="Vonter" uid="3926189" lat="12.9684000" lon="77.6381286"/>
 <node id="12328218534" visible="true" version="1" changeset="158956663" timestamp="2024-11-10T06:45:28Z" user="Vonter" uid="3926189" lat="12.9694481" lon="77.6380668"/>
 <node id="12328218535" visible="true" version="1" changeset="158956663" timestamp="2024-11-10T06:45:28Z" user="Vonter" uid="3926189" lat="12.9683915" lon="77.6380654"/>
 <node id="12328218536" visible="true" version="1" changeset="158956663" timestamp="2024-11-10T06:45:28Z" user="Vonter" uid="3926189" lat="12.9694439" lon="77.6380072"/>
 <node id="12328218537" visible="true" version="1" changeset="158956663" timestamp="2024-11-10T06:45:28Z" user="Vonter" uid="3926189" lat="12.9688772" lon="77.6385606"/>
 <node id="12328218538" visible="true" version="1" changeset="158956663" timestamp="2024-11-10T06:45:28Z" user="Vonter" uid="3926189" lat="12.9686513" lon="77.6383189"/>
 <node id="12328218539" visible="true" version="1" changeset="158956663" timestamp="2024-11-10T06:45:28Z" user="Vonter" uid="3926189" lat="12.9690800" lon="77.6381159"/>
 <node id="12328218544" visible="true" version="1" changeset="158956663" timestamp="2024-11-10T06:45:28Z" user="Vonter" uid="3926189" lat="12.9682948" lon="77.6373746"/>
 <node id="12328218549" visible="true" version="2" changeset="170777273" timestamp="2025-08-21T12:48:33Z" user="Aniket K" uid="21905113" lat="12.9693532" lon="77.6377597">
  <tag k="addr:housenumber" v="3303"/>
  <tag k="addr:street" v="12th A Main Road"/>
 </node>
 <node id="12328218550" visible="true" version="2" changeset="170777273" timestamp="2025-08-21T12:49:08Z" user="Aniket K" uid="21905113" lat="12.9688040" lon="77.6379528">
  <tag k="addr:housenumber" v="3315"/>
  <tag k="addr:street" v="7th Cross Road"/>
 </node>
 <node id="12419453832" visible="true" version="1" changeset="160239341" timestamp="2024-12-13T10:23:01Z" user="Algates Insurance" uid="22290469" lat="12.9684839" lon="77.6406361">
  <tag k="addr:city" v="Indira Nagar, Bangalore"/>
  <tag k="addr:district" v="Bengaluru Urban"/>
  <tag k="addr:housenumber" v="#777/P"/>
  <tag k="addr:postcode" v="560008"/>
  <tag k="addr:street" v="13th Main Road"/>
  <tag k="amenity" v="bank"/>
  <tag k="name" v="Algates Consulting IMF Pvt Ltd"/>
  <tag k="opening_hours" v="Mo-Sa 08:00-18:00"/>
  <tag k="operator" v="Algates Insurance"/>
 </node>
 <node id="12448373588" visible="true" version="2" changeset="160574114" timestamp="2024-12-24T12:36:03Z" user="uknown-gryphus" uid="2425805" lat="12.9686193" lon="77.6412585"/>
 <node id="12448400115" visible="true" version="1" changeset="160574114" timestamp="2024-12-24T12:36:03Z" user="uknown-gryphus" uid="2425805" lat="12.9685421" lon="77.6412616"/>
 <node id="12448400116" visible="true" version="1" changeset="160574114" timestamp="2024-12-24T12:36:03Z" user="uknown-gryphus" uid="2425805" lat="12.9685785" lon="77.6412604">
  <tag k="crossing" v="uncontrolled"/>
  <tag k="highway" v="crossing"/>
 </node>
 <node id="12448400117" visible="true" version="1" changeset="160574114" timestamp="2024-12-24T12:36:03Z" user="uknown-gryphus" uid="2425805" lat="12.9677710" lon="77.6412992"/>
 <node id="12448400118" visible="true" version="1" changeset="160574114" timestamp="2024-12-24T12:36:03Z" user="uknown-gryphus" uid="2425805" lat="12.9668936" lon="77.6413586"/>
 <node id="12448400120" visible="true" version="1" changeset="160574114" timestamp="2024-12-24T12:36:03Z" user="uknown-gryphus" uid="2425805" lat="12.9668570" lon="77.6413613">
  <tag k="highway" v="crossing"/>
 </node>
 <node id="12448400125" visible="true" version="1" changeset="160574114" timestamp="2024-12-24T12:36:03Z" user="uknown-gryphus" uid="2425805" lat="12.9685233" lon="77.6412625"/>
 <node id="12448400126" visible="true" version="1" changeset="160574114" timestamp="2024-12-24T12:36:03Z" user="uknown-gryphus" uid="2425805" lat="12.9685244" lon="77.6412895"/>
 <node id="12448400128" visible="true" version="1" changeset="160574114" timestamp="2024-12-24T12:36:03Z" user="uknown-gryphus" uid="2425805" lat="12.9685338" lon="77.6414604"/>
 <node id="12448400129" visible="true" version="1" changeset="160574114" timestamp="2024-12-24T12:36:03Z" user="uknown-gryphus" uid="2425805" lat="12.9685272" lon="77.6413416">
  <tag k="highway" v="crossing"/>
 </node>
 <node id="12448400130" visible="true" version="1" changeset="160574114" timestamp="2024-12-24T12:36:03Z" user="uknown-gryphus" uid="2425805" lat="12.9685319" lon="77.6414262">
  <tag k="highway" v="crossing"/>
 </node>
 <node id="12549210846" visible="true" version="1" changeset="162015801" timestamp="2025-02-01T15:42:12Z" user="Vonter" uid="3926189" lat="12.9693960" lon="77.6407517"/>
 <node id="12549210852" visible="true" version="1" changeset="162015801" timestamp="2025-02-01T15:42:12Z" user="Vonter" uid="3926189" lat="12.9693855" lon="77.6360383"/>
 <node id="12549210854" visible="true" version="1" changeset="162015801" timestamp="2025-02-01T15:42:12Z" user="Vonter" uid="3926189" lat="12.9695803" lon="77.6361971"/>
 <node id="12664933592" visible="true" version="1" changeset="163633501" timestamp="2025-03-15T03:19:31Z" user="Vonter" uid="3926189" lat="12.9670200" lon="77.6385275"/>
 <node id="12664933593" visible="true" version="1" changeset="163633501" timestamp="2025-03-15T03:19:31Z" user="Vonter" uid="3926189" lat="12.9671438" lon="77.6386255"/>
 <node id="12664933594" visible="true" version="1" changeset="163633501" timestamp="2025-03-15T03:19:31Z" user="Vonter" uid="3926189" lat="12.9672878" lon="77.6387135"/>
 <node id="12664933595" visible="true" version="1" changeset="163633501" timestamp="2025-03-15T03:19:31Z" user="Vonter" uid="3926189" lat="12.9673120" lon="77.6386718"/>
 <node id="12664933596" visible="true" version="1" changeset="163633501" timestamp="2025-03-15T03:19:31Z" user="Vonter" uid="3926189" lat="12.9672645" lon="77.6386428"/>
 <node id="12664933597" visible="true" version="1" changeset="163633501" timestamp="2025-03-15T03:19:31Z" user="Vonter" uid="3926189" lat="12.9672895" lon="77.6385997"/>
 <node id="12664933598" visible="true" version="1" changeset="163633501" timestamp="2025-03-15T03:19:31Z" user="Vonter" uid="3926189" lat="12.9672651" lon="77.6385848"/>
 <node id="12664933599" visible="true" version="1" changeset="163633501" timestamp="2025-03-15T03:19:31Z" user="Vonter" uid="3926189" lat="12.9672749" lon="77.6385680"/>
 <node id="12664933600" visible="true" version="1" changeset="163633501" timestamp="2025-03-15T03:19:31Z" user="Vonter" uid="3926189" lat="12.9672027" lon="77.6385239"/>
 <node id="12664967601" visible="true" version="1" changeset="163633501" timestamp="2025-03-15T03:19:31Z" user="Vonter" uid="3926189" lat="12.9670292" lon="77.6384956"/>
 <node id="12664967610" visible="true" version="1" changeset="163633501" timestamp="2025-03-15T03:19:31Z" user="Vonter" uid="3926189" lat="12.9693316" lon="77.6360390"/>
 <node id="12664967615" visible="true" version="2" changeset="170778468" timestamp="2025-08-21T12:56:15Z" user="Aniket K" uid="21905113" lat="12.9698803" lon="77.6376100">
  <tag k="crossing" v="informal"/>
 </node>
 <node id="12664967616" visible="true" version="1" changeset="163633501" timestamp="2025-03-15T03:19:31Z" user="Vonter" uid="3926189" lat="12.9699662" lon="77.6387783"/>
 <node id="12664967624" visible="true" version="1" changeset="163633501" timestamp="2025-03-15T03:19:31Z" user="Vonter" uid="3926189" lat="12.9693231" lon="77.6360219"/>
 <node id="12999130469" visible="true" version="1" changeset="168914156" timestamp="2025-07-14T12:10:25Z" user="Vonter" uid="3926189" lat="12.9682539" lon="77.6379425"/>
 <node id="12999130470" visible="true" version="1" changeset="168914156" timestamp="2025-07-14T12:10:25Z" user="Vonter" uid="3926189" lat="12.9681409" lon="77.6392551"/>
 <node id="12999130471" visible="true" version="1" changeset="168914156" timestamp="2025-07-14T12:10:25Z" user="Vonter" uid="3926189" lat="12.9680363" lon="77.6392219"/>
 <node id="12999130472" visible="true" version="1" changeset="168914156" timestamp="2025-07-14T12:10:25Z" user="Vonter" uid="3926189" lat="12.9680597" lon="77.6391444"/>
 <node id="12999130473" visible="true" version="1" changeset="168914156" timestamp="2025-07-14T12:10:25Z" user="Vonter" uid="3926189" lat="12.9681642" lon="77.6391776"/>
 <node id="12999130474" visible="true" version="1" changeset="168914156" timestamp="2025-07-14T12:10:25Z" user="Vonter" uid="3926189" lat="12.9680329" lon="77.6392056"/>
 <node id="12999130475" visible="true" version="1" changeset="168914156" timestamp="2025-07-14T12:10:25Z" user="Vonter" uid="3926189" lat="12.9679429" lon="77.6391826"/>
 <node id="12999130476" visible="true" version="1" changeset="168914156" timestamp="2025-07-14T12:10:25Z" user="Vonter" uid="3926189" lat="12.9679610" lon="77.6391083"/>
 <node id="12999130477" visible="true" version="1" changeset="168914156" timestamp="2025-07-14T12:10:25Z" user="Vonter" uid="3926189" lat="12.9680510" lon="77.6391313"/>
 <node id="12999130478" visible="true" version="1" changeset="168914156" timestamp="2025-07-14T12:10:25Z" user="Vonter" uid="3926189" lat="12.9679835" lon="77.6389268"/>
 <node id="12999130479" visible="true" version="1" changeset="168914156" timestamp="2025-07-14T12:10:25Z" user="Vonter" uid="3926189" lat="12.9680178" lon="77.6386714"/>
 <node id="12999130480" visible="true" version="1" changeset="168914156" timestamp="2025-07-14T12:10:25Z" user="Vonter" uid="3926189" lat="12.9682126" lon="77.6386925"/>
 <node id="12999130481" visible="true" version="1" changeset="168914156" timestamp="2025-07-14T12:10:25Z" user="Vonter" uid="3926189" lat="12.9681399" lon="77.6385950"/>
 <node id="13288585510" visible="true" version="1" changeset="174361446" timestamp="2025-11-08T06:57:14Z" user="Vonter" uid="3926189" lat="12.9671659" lon="77.6379468"/>
 <node id="13288585511" visible="true" version="1" changeset="174361446" timestamp="2025-11-08T06:57:14Z" user="Vonter" uid="3926189" lat="12.9672507" lon="77.6379704"/>
 <node id="13288585512" visible="true" version="1" changeset="174361446" timestamp="2025-11-08T06:57:14Z" user="Vonter" uid="3926189" lat="12.9672328" lon="77.6379762"/>
 <node id="13288585513" visible="true" version="1" changeset="174361446" timestamp="2025-11-08T06:57:14Z" user="Vonter" uid="3926189" lat="12.9669642" lon="77.6380379"/>
 <node id="13288585517" visible="true" version="1" changeset="174361446" timestamp="2025-11-08T06:57:14Z" user="Vonter" uid="3926189" lat="12.9676131" lon="77.6377065"/>
 <node id="13288585518" visible="true" version="1" changeset="174361446" timestamp="2025-11-08T06:57:14Z" user="Vonter" uid="3926189" lat="12.9675396" lon="77.6376906"/>
 <node id="13288585519" visible="true" version="1" changeset="174361446" timestamp="2025-11-08T06:57:14Z" user="Vonter" uid="3926189" lat="12.9675512" lon="77.6376338"/>
 <node id="13288585520" visible="true" version="1" changeset="174361446" timestamp="2025-11-08T06:57:14Z" user="Vonter" uid="3926189" lat="12.9676248" lon="77.6376496"/>
 <node id="13288585525" visible="true" version="1" changeset="174361446" timestamp="2025-11-08T06:57:14Z" user="Vonter" uid="3926189" lat="12.9672613" lon="77.6377620"/>
 <node id="13288585526" visible="true" version="1" changeset="174361446" timestamp="2025-11-08T06:57:14Z" user="Vonter" uid="3926189" lat="12.9671839" lon="77.6377453"/>
 <node id="13288585527" visible="true" version="1" changeset="174361446" timestamp="2025-11-08T06:57:14Z" user="Vonter" uid="3926189" lat="12.9672009" lon="77.6376621"/>
 <node id="13288585528" visible="true" version="1" changeset="174361446" timestamp="2025-11-08T06:57:14Z" user="Vonter" uid="3926189" lat="12.9672783" lon="77.6376788"/>
 <node id="13288585529" visible="true" version="1" changeset="174361446" timestamp="2025-11-08T06:57:14Z" user="Vonter" uid="3926189" lat="12.9670166" lon="77.6376991"/>
 <node id="13288585530" visible="true" version="1" changeset="174361446" timestamp="2025-11-08T06:57:14Z" user="Vonter" uid="3926189" lat="12.9667705" lon="77.6376574"/>
 <node id="13332242559" visible="true" version="1" changeset="175125397" timestamp="2025-11-25T19:35:49Z" user="Vonter" uid="3926189" lat="12.9668029" lon="77.6370940"/>
 <node id="13332242560" visible="true" version="1" changeset="175125397" timestamp="2025-11-25T19:35:49Z" user="Vonter" uid="3926189" lat="12.9670378" lon="77.6371604"/>
 <node id="13332242561" visible="true" version="1" changeset="175125397" timestamp="2025-11-25T19:35:49Z" user="Vonter" uid="3926189" lat="12.9683024" lon="77.6373093"/>
 <node id="13332242562" visible="true" version="1" changeset="175125397" timestamp="2025-11-25T19:35:49Z" user="Vonter" uid="3926189" lat="12.9683686" lon="77.6383885"/>
 <node id="13332242563" visible="true" version="1" changeset="175125397" timestamp="2025-11-25T19:35:49Z" user="Vonter" uid="3926189" lat="12.9684613" lon="77.6392293"/>
 <node id="13332242564" visible="true" version="1" changeset="175125397" timestamp="2025-11-25T19:35:49Z" user="Vonter" uid="3926189" lat="12.9686135" lon="77.6413237"/>
 <node id="13332242565" visible="true" version="1" changeset="175125397" timestamp="2025-11-25T19:35:49Z" user="Vonter" uid="3926189" lat="12.9691164" lon="77.6412873"/>
 <node id="13332242566" visible="true" version="1" changeset="175125397" timestamp="2025-11-25T19:35:49Z" user="Vonter" uid="3926189" lat="12.9696527" lon="77.6412571"/>
 <node id="13332242567" visible="true" version="1" changeset="175125397" timestamp="2025-11-25T19:35:49Z" user="Vonter" uid="3926189" lat="12.9701883" lon="77.6412270"/>
 <node id="13332242568" visible="true" version="1" changeset="175125397" timestamp="2025-11-25T19:35:49Z" user="Vonter" uid="3926189" lat="12.9701910" lon="77.6412269"/>
 <node id="13332242569" visible="true" version="1" changeset="175125397" timestamp="2025-11-25T19:35:49Z" user="Vonter" uid="3926189" lat="12.9701943" lon="77.6412267"/>
 <node id="13332324670" visible="true" version="1" changeset="175125404" timestamp="2025-11-25T19:35:56Z" user="Vonter" uid="3926189" lat="12.9668686" lon="77.6370509"/>
 <node id="13536194372" visible="true" version="1" changeset="178301360" timestamp="2026-02-09T09:20:07Z" user="hashhar" uid="10820632" lat="12.9679645" lon="77.6412024">
  <tag k="brand" v="Garmin"/>
  <tag k="name" v="Garmin"/>
  <tag k="shop" v="watches"/>
 </node>
 <node id="13591844023" visible="true" version="3" changeset="178972784" timestamp="2026-02-24T06:44:47Z" user="Ekansh_Prasad" uid="17933425" lat="12.9692994" lon="77.6401647">
  <tag k="denotation" v="street"/>
  <tag k="height" v="9"/>
  <tag k="leaf_cycle" v="evergreen"/>
  <tag k="leaf_type" v="broadleaved"/>
  <tag k="name" v="Golden Trumpet"/>
  <tag k="natural" v="tree"/>
 </node>
 <node id="13591899987" visible="true" version="1" changeset="178925061" timestamp="2026-02-23T04:14:25Z" user="Ekansh_Prasad" uid="17933425" lat="12.9691349" lon="77.6402259">
  <tag k="denotation" v="street"/>
  <tag k="leaf_cycle" v="deciduous"/>
  <tag k="leaf_type" v="broadleaved"/>
  <tag k="name" v="African Tulip"/>
  <tag k="natural" v="tree"/>
 </node>
 <node id="13591907436" visible="true" version="2" changeset="178972784" timestamp="2026-02-24T06:44:47Z" user="Ekansh_Prasad" uid="17933425" lat="12.9692704" lon="77.6402198">
  <tag k="denotation" v="street"/>
  <tag k="leaf_cycle" v="evergreen"/>
  <tag k="leaf_type" v="broadleaved"/>
  <tag k="name" v="Golden Trumpet"/>
  <tag k="natural" v="tree"/>
 </node>
 <node id="13591926577" visible="true" version="3" changeset="178988844" timestamp="2026-02-24T13:19:01Z" user="Ekansh_Prasad" uid="17933425" lat="12.9691203" lon="77.6401795">
  <tag k="denotation" v="street"/>
  <tag k="leaf_cycle" v="evergreen"/>
  <tag k="leaf_type" v="broadleaved"/>
  <tag k="name" v="Golden Trumpet"/>
  <tag k="natural" v="tree"/>
 </node>
 <node id="13594593958" visible="true" version="1" changeset="178972831" timestamp="2026-02-24T06:46:41Z" user="Ekansh_Prasad" uid="17933425" lat="12.9693457" lon="77.6401673">
  <tag k="denotation" v="street"/>
  <tag k="leaf_type" v="broadleaved"/>
  <tag k="name" v="Avocado"/>
  <tag k="natural" v="tree"/>
 </node>
 <node id="13594626821" visible="true" version="1" changeset="178972784" timestamp="2026-02-24T06:44:47Z" user="Ekansh_Prasad" uid="17933425" lat="12.9691923" lon="77.6402223">
  <tag k="denotation" v="street"/>
  <tag k="leaf_cycle" v="evergreen"/>
  <tag k="leaf_type" v="broadleaved"/>
  <tag k="name" v="Golden Trumpet"/>
  <tag k="natural" v="tree"/>
 </node>
 <node id="13595569246" visible="true" version="1" changeset="178988844" timestamp="2026-02-24T13:19:01Z" user="Ekansh_Prasad" uid="17933425" lat="12.9695685" lon="77.6402019">
  <tag k="denotation" v="street"/>
  <tag k="leaf_cycle" v="evergreen"/>
  <tag k="leaf_type" v="broadleaved"/>
  <tag k="name" v="Golden Trumpet"/>
  <tag k="natural" v="tree"/>
 </node>
 <way id="36327869" visible="true" version="19" changeset="160574114" timestamp="2024-12-24T12:36:03Z" user="uknown-gryphus" uid="2425805">
  <nd ref="423744870"/>
  <nd ref="736207289"/>
  <nd ref="12448400120"/>
  <nd ref="11131430544"/>
  <nd ref="1420066724"/>
  <nd ref="10181921356"/>
  <nd ref="1808798794"/>
  <nd ref="736207371"/>
  <nd ref="736207483"/>
  <tag k="alt_name" v="Sri Muthylamma Temple Road"/>
  <tag k="highway" v="residential"/>
  <tag k="lit" v="yes"/>
  <tag k="name" v="15th Main Road"/>
  <tag k="name:kn" v="೧೫ನೇ ಮುಖ್ಯ ರಸ್ತೆ"/>
  <tag k="sidewalk" v="no"/>
  <tag k="surface" v="asphalt"/>
 </way>
 <way id="59358733" visible="true" version="7" changeset="170762835" timestamp="2025-08-21T08:07:51Z" user="Aniket K" uid="21905113">
  <nd ref="736207370"/>
  <nd ref="736207601"/>
  <tag k="highway" v="residential"/>
  <tag k="lane_markings" v="no"/>
  <tag k="name" v="9th Cross Road"/>
  <tag k="name:kn" v="೯ನೇ ಅಡ್ಡ ರಸ್ತೆ"/>
  <tag k="surface" v="asphalt"/>
 </way>
 <way id="59358747" visible="true" version="6" changeset="140217989" timestamp="2023-08-22T08:51:02Z" user="Vihanga Bigbasket" uid="19856337">
  <nd ref="736207308"/>
  <nd ref="736207514"/>
  <tag k="highway" v="residential"/>
  <tag k="name" v="1st Cross Road"/>
  <tag k="name:kn" v="೧ನೇ ಅಡ್ಡ ರಸ್ತೆ"/>
 </way>
 <way id="59358762" visible="true" version="4" changeset="29244173" timestamp="2015-03-04T13:05:08Z" user="yogi_ks" uid="827808">
  <nd ref="736207618"/>
  <nd ref="736207435"/>
  <tag k="highway" v="residential"/>
  <tag k="name" v="3rd Cross Road"/>
  <tag k="name:kn" v="೩ನೇ ಅಡ್ಡ ರಸ್ತೆ"/>
 </way>
 <way id="59358766" visible="true" version="9" changeset="137585061" timestamp="2023-06-21T03:46:12Z" user="neharikas" uid="18812446">
  <nd ref="736207628"/>
  <nd ref="3722411236"/>
  <nd ref="3722411237"/>
  <nd ref="1420113203"/>
  <nd ref="3722411238"/>
  <nd ref="736207319"/>
  <nd ref="1420113208"/>
  <nd ref="736207387"/>
  <tag k="highway" v="residential"/>
  <tag k="name" v="Muthyalamma Temple Street"/>
  <tag k="name:kn" v="ಮುತ್ಯಾಲಮ್ಮ ದೇವಸ್ಥಾನ ಬೀದಿ"/>
  <tag k="surface" v="paved"/>
  <tag k="vehicle" v="yes"/>
 </way>
 <way id="59358781" visible="true" version="6" changeset="40260813" timestamp="2016-06-24T13:36:19Z" user="indigomc" uid="136860">
  <nd ref="736207580"/>
  <nd ref="736207608"/>
  <nd ref="736207354"/>
  <nd ref="736207396"/>
  <tag k="highway" v="residential"/>
  <tag k="name" v="13th B Main"/>
  <tag k="name:kn" v="೧೩ ಬೀ ಮುಖ್ಯ ರಸ್ತೆ"/>
 </way>
 <way id="59358784" visible="true" version="3" changeset="141627635" timestamp="2023-09-23T03:53:55Z" user="waseempasha" uid="19368755">
  <nd ref="736207443"/>
  <nd ref="736207510"/>
  <nd ref="736207573"/>
  <tag k="highway" v="residential"/>
 </way>
 <way id="59358790" visible="true" version="6" changeset="66239730" timestamp="2019-01-11T21:30:42Z" user="indigomc" uid="136860">
  <nd ref="736207283"/>
  <nd ref="736207573"/>
  <nd ref="1857029051"/>
  <nd ref="736207387"/>
  <nd ref="1857029047"/>
  <nd ref="3530437514"/>
  <nd ref="736207439"/>
  <tag k="highway" v="residential"/>
  <tag k="name" v="Sri Rama Temple Street"/>
  <tag k="name:kn" v="ಶ್ರೀ ರಾಮ ದೇವಸ್ಥಾನ ಬೀದಿ"/>
 </way>
 <way id="59358793" visible="true" version="2" changeset="12656169" timestamp="2012-08-08T11:34:22Z" user="PlaneMad" uid="1306">
  <nd ref="736207510"/>
  <nd ref="736207319"/>
  <tag k="highway" v="living_street"/>
 </way>
 <way id="59358800" visible="true" version="13" changeset="170777470" timestamp="2025-08-21T12:42:09Z" user="Aniket K" uid="21905113">
  <nd ref="736207402"/>
  <nd ref="736207625"/>
  <tag k="highway" v="residential"/>
  <tag k="lane_markings" v="no"/>
  <tag k="name" v="6th Cross Road"/>
  <tag k="name:kn" v="೬ನೇ ಅಡ್ಡ ರಸ್ತೆ"/>
  <tag k="surface" v="asphalt"/>
 </way>
 <way id="59358827" visible="true" version="4" changeset="29244173" timestamp="2015-03-04T13:05:08Z" user="yogi_ks" uid="827808">
  <nd ref="736207557"/>
  <nd ref="736207283"/>
  <tag k="highway" v="residential"/>
  <tag k="name" v="4th Cross Road"/>
  <tag k="name:kn" v="೪ನೇ ಅಡ್ಡ ರಸ್ತೆ"/>
 </way>
 <way id="59358857" visible="true" version="13" changeset="152493622" timestamp="2024-06-10T11:45:37Z" user="Vonter" uid="3926189">
  <nd ref="736207248"/>
  <nd ref="3198701806"/>
  <nd ref="736207443"/>
  <nd ref="10181939131"/>
  <nd ref="736207628"/>
  <nd ref="3722411225"/>
  <nd ref="736207483"/>
  <nd ref="10181937726"/>
  <nd ref="736207252"/>
  <nd ref="1808798796"/>
  <nd ref="736207357"/>
  <nd ref="1420113201"/>
  <nd ref="736207439"/>
  <nd ref="1420066737"/>
  <tag k="highway" v="residential"/>
  <tag k="name" v="2nd Cross Road"/>
  <tag k="name:kn" v="೨ನೇ ಅಡ್ಡ ರಸ್ತೆ"/>
 </way>
 <way id="59358858" visible="true" version="17" changeset="170777470" timestamp="2025-08-21T12:43:58Z" user="Aniket K" uid="21905113">
  <nd ref="736207301"/>
  <nd ref="11124951965"/>
  <nd ref="5489173021"/>
  <nd ref="4174306959"/>
  <nd ref="5714936481"/>
  <nd ref="736207581"/>
  <nd ref="956649752"/>
  <nd ref="12091353061"/>
  <nd ref="736207641"/>
  <nd ref="12091353059"/>
  <nd ref="12664967616"/>
  <nd ref="736207598"/>
  <nd ref="736207410"/>
  <tag k="highway" v="residential"/>
  <tag k="lane_markings" v="no"/>
  <tag k="lit" v="yes"/>
  <tag k="name" v="5th Cross Road"/>
  <tag k="name:kn" v="೫ನೇ ಅಡ್ಡ ರಸ್ತೆ"/>
  <tag k="name:ur" v="5 ویں کراس روڈ"/>
  <tag k="smoothness" v="intermediate"/>
  <tag k="surface" v="asphalt"/>
 </way>
 <way id="59358863" visible="true" version="8" changeset="170777470" timestamp="2025-08-21T12:48:41Z" user="Aniket K" uid="21905113">
  <nd ref="736014389"/>
  <nd ref="736207363"/>
  <nd ref="12664967615"/>
  <nd ref="736207407"/>
  <tag k="highway" v="residential"/>
  <tag k="lane_markings" v="no"/>
  <tag k="name" v="8th Cross Road"/>
  <tag k="name:kn" v="೮ನೇ ಅಡ್ಡ ರಸ್ತೆ"/>
  <tag k="smoothness" v="bad"/>
  <tag k="surface" v="asphalt"/>
 </way>
 <way id="59358874" visible="true" version="6" changeset="167343916" timestamp="2025-06-08T10:27:09Z" user="uknown-gryphus" uid="2425805">
  <nd ref="736207386"/>
  <nd ref="736207414"/>
  <nd ref="736207608"/>
  <tag k="highway" v="residential"/>
  <tag k="name" v="10th Cross Road"/>
  <tag k="name:kn" v="೧೦ನೇ ಅಡ್ಡ ರಸ್ತೆ"/>
  <tag k="surface" v="asphalt"/>
 </way>
 <way id="59358875" visible="true" version="6" changeset="170777470" timestamp="2025-08-21T12:48:51Z" user="Aniket K" uid="21905113">
  <nd ref="736207375"/>
  <nd ref="736207605"/>
  <tag k="highway" v="residential"/>
  <tag k="lane_markings" v="no"/>
  <tag k="name" v="7th Cross Road"/>
  <tag k="name:kn" v="೭ನೇ ಅಡ್ಡ ರಸ್ತೆ"/>
  <tag k="surface" v="asphalt"/>
 </way>
 <way id="128510751" visible="true" version="10" changeset="158956663" timestamp="2024-11-10T06:45:28Z" user="Vonter" uid="3926189">
  <nd ref="736207657"/>
  <nd ref="12328218544"/>
  <nd ref="736014389"/>
  <nd ref="736207605"/>
  <nd ref="736207625"/>
  <nd ref="736207410"/>
  <nd ref="736207283"/>
  <nd ref="736207618"/>
  <nd ref="736207248"/>
  <nd ref="3198701808"/>
  <nd ref="736207514"/>
  <tag k="highway" v="tertiary"/>
  <tag k="name" v="13th Main Road"/>
  <tag k="name:kn" v="೧೩ನೇ ಮುಖ್ಯ ರಸ್ತೆ"/>
  <tag k="surface" v="asphalt"/>
 </way>
 <way id="128510763" visible="true" version="5" changeset="170777470" timestamp="2025-08-21T12:39:37Z" user="Aniket K" uid="21905113">
  <nd ref="736207261"/>
  <nd ref="736207370"/>
  <nd ref="736207414"/>
  <tag k="highway" v="residential"/>
  <tag k="lane_markings" v="no"/>
  <tag k="name" v="13th D Main"/>
  <tag k="name:kn" v="೧೩ ಡೀ ಮುಖ್ಯ ರಸ್ತೆ"/>
  <tag k="surface" v="asphalt"/>
 </way>
 <way id="128515238" visible="true" version="3" changeset="12656169" timestamp="2012-08-08T11:34:22Z" user="PlaneMad" uid="1306">
  <nd ref="1420105825"/>
  <nd ref="1420105837"/>
  <nd ref="1808798791"/>
  <nd ref="1808798793"/>
  <nd ref="1808798794"/>
  <tag k="highway" v="living_street"/>
 </way>
 <way id="128515887" visible="true" version="2" changeset="12656169" timestamp="2012-08-08T11:34:22Z" user="PlaneMad" uid="1306">
  <nd ref="1420113209"/>
  <nd ref="1420113208"/>
  <nd ref="1420113201"/>
  <tag k="highway" v="living_street"/>
 </way>
 <way id="135265533" visible="true" version="9" changeset="130726460" timestamp="2022-12-31T15:55:17Z" user="Vonter" uid="3926189">
  <nd ref="9890195723"/>
  <nd ref="9890195724"/>
  <nd ref="9890195725"/>
  <nd ref="4174514254"/>
  <nd ref="4174514255"/>
  <nd ref="4174514250"/>
  <nd ref="4174514249"/>
  <nd ref="4174514244"/>
  <nd ref="4174514242"/>
  <nd ref="4174514243"/>
  <nd ref="2268121071"/>
  <nd ref="2268121066"/>
  <nd ref="2268121064"/>
  <nd ref="2268121060"/>
  <nd ref="2268121051"/>
  <nd ref="2268121052"/>
  <nd ref="2268121062"/>
  <nd ref="2268121061"/>
  <nd ref="10296978068"/>
  <nd ref="10296978066"/>
  <nd ref="1485671042"/>
  <nd ref="1485671045"/>
  <nd ref="1485671046"/>
  <nd ref="1485671057"/>
  <nd ref="1485671059"/>
  <nd ref="4027252039"/>
  <nd ref="1485671067"/>
  <nd ref="9890195723"/>
  <tag k="landuse" v="residential"/>
 </way>
 <way id="135265537" visible="true" version="3" changeset="34804975" timestamp="2015-10-22T17:40:09Z" user="indigomc" uid="136860">
  <nd ref="1485671139"/>
  <nd ref="1485671135"/>
  <nd ref="1485671132"/>
  <nd ref="1485671133"/>
  <nd ref="1485671139"/>
  <tag k="amenity" v="place_of_worship"/>
  <tag k="name" v="Rama Temple"/>
  <tag k="name:kn" v="ರಾಮ ದೇವಸ್ಥಾನ"/>
  <tag k="religion" v="hindu"/>
 </way>
 <way id="169717862" visible="true" version="3" changeset="15735651" timestamp="2013-04-15T10:54:56Z" user="PlaneMad" uid="1306">
  <nd ref="1808798793"/>
  <nd ref="1808798795"/>
  <tag k="highway" v="living_street"/>
 </way>
 <way id="169717865" visible="true" version="6" changeset="170762878" timestamp="2025-08-21T08:01:27Z" user="Aniket K" uid="21905113">
  <nd ref="1420105785"/>
  <nd ref="11337793567"/>
  <nd ref="1420105818"/>
  <nd ref="1420105836"/>
  <nd ref="10181937727"/>
  <nd ref="1808798795"/>
  <nd ref="736207371"/>
  <tag k="highway" v="living_street"/>
  <tag k="surface" v="asphalt"/>
 </way>
 <way id="169717866" visible="true" version="1" changeset="12076088" timestamp="2012-07-01T13:38:33Z" user="PlaneMad" uid="1306">
  <nd ref="1420105820"/>
  <nd ref="1808798789"/>
  <nd ref="1808798796"/>
  <tag k="highway" v="living_street"/>
 </way>
 <way id="175055145" visible="true" version="1" changeset="12656169" timestamp="2012-08-08T11:34:20Z" user="PlaneMad" uid="1306">
  <nd ref="1857029064"/>
  <nd ref="1857029055"/>
  <nd ref="1857029053"/>
  <nd ref="1857029064"/>
  <tag k="leisure" v="park"/>
 </way>
 <way id="175055146" visible="true" version="2" changeset="29244173" timestamp="2015-03-04T13:05:06Z" user="yogi_ks" uid="827808">
  <nd ref="1857029051"/>
  <nd ref="1485671138"/>
  <tag k="highway" v="residential"/>
  <tag k="name" v="13th A Main"/>
  <tag k="name:kn" v="೧೩ನೇ ಎ ಮುಖ್ಯ ರಸ್ತೆ"/>
 </way>
 <way id="175055148" visible="true" version="3" changeset="39197893" timestamp="2016-05-09T18:29:45Z" user="PlaneMad" uid="1306">
  <nd ref="736207387"/>
  <nd ref="736207580"/>
  <tag k="highway" v="residential"/>
  <tag k="name" v="13th B Main"/>
  <tag k="name:kn" v="೧೩ನೇ ಬಿ ಮುಖ್ಯ ರಸ್ತೆ"/>
 </way>
 <way id="175055150" visible="true" version="5" changeset="170777470" timestamp="2025-08-21T12:41:18Z" user="Aniket K" uid="21905113">
  <nd ref="1857029047"/>
  <nd ref="1857029049"/>
  <tag k="highway" v="residential"/>
  <tag k="lane_markings" v="no"/>
  <tag k="name" v="13th C Main"/>
  <tag k="name:kn" v="೧೩ನೇ ಸಿ ಮುಖ್ಯ ರಸ್ತೆ"/>
  <tag k="surface" v="asphalt"/>
 </way>
 <way id="217529756" visible="true" version="6" changeset="158956663" timestamp="2024-11-10T06:45:28Z" user="Vonter" uid="3926189">
  <nd ref="2268121071"/>
  <nd ref="2268121066"/>
  <nd ref="2268121064"/>
  <nd ref="2268121060"/>
  <nd ref="2268121051"/>
  <nd ref="2268121052"/>
  <nd ref="2268121062"/>
  <nd ref="2268121061"/>
  <nd ref="10296978071"/>
  <nd ref="4174514241"/>
  <nd ref="2268121065"/>
  <nd ref="10296978074"/>
  <nd ref="4174514246"/>
  <nd ref="4174514248"/>
  <nd ref="2268121092"/>
  <nd ref="4174514253"/>
  <nd ref="2268121097"/>
  <nd ref="2268121102"/>
  <nd ref="1485671135"/>
  <nd ref="1485671132"/>
  <nd ref="1485671133"/>
  <nd ref="1857029047"/>
  <nd ref="4174514251"/>
  <nd ref="2268121096"/>
  <nd ref="2268121090"/>
  <nd ref="736207439"/>
  <nd ref="2268121082"/>
  <nd ref="12328215017"/>
  <nd ref="2268121075"/>
  <nd ref="2268121072"/>
  <nd ref="2268121071"/>
  <tag k="landuse" v="residential"/>
 </way>
 <way id="217529760" visible="true" version="3" changeset="34740225" timestamp="2015-10-19T18:06:28Z" user="indigomc" uid="136860">
  <nd ref="2268121089"/>
  <nd ref="2268121093"/>
  <nd ref="2268121094"/>
  <nd ref="2268121091"/>
  <nd ref="2268121089"/>
  <tag k="amenity" v="place_of_worship"/>
  <tag k="building" v="temple"/>
  <tag k="name" v="Muthyalamma Temple"/>
  <tag k="name:kn" v="ಮುತ್ಯಾಲಮ್ಮ ದೇವಸ್ಥಾನ"/>
  <tag k="religion" v="hindu"/>
 </way>
 <way id="313835090" visible="true" version="1" changeset="26930541" timestamp="2014-11-21T15:04:48Z" user="deobald" uid="1443681">
  <nd ref="736207443"/>
  <nd ref="3198701807"/>
  <nd ref="3198701808"/>
  <tag k="highway" v="residential"/>
 </way>
 <way id="313835091" visible="true" version="3" changeset="161808727" timestamp="2025-01-27T08:58:19Z" user="nagz02" uid="22306380">
  <nd ref="3198701809"/>
  <nd ref="3198701810"/>
  <nd ref="3198701811"/>
  <nd ref="3198701812"/>
  <nd ref="3198701809"/>
  <tag k="addr:city" v="Indira Nagar, Bangalore"/>
  <tag k="addr:district" v="Bengaluru Urban"/>
  <tag k="addr:housenumber" v="83/4"/>
  <tag k="addr:postcode" v="560008"/>
  <tag k="addr:street" v="13th Main Road"/>
  <tag k="building" v="commercial"/>
  <tag k="building:levels" v="4"/>
  <tag k="cuisine" v="indian"/>
  <tag k="internet_access" v="yes"/>
  <tag k="opening_hours" v="10:00-22:00"/>
  <tag k="phone" v="+91 80 41102018"/>
  <tag k="smoking" v="no"/>
  <tag k="website" v="https://www.facebook.com/societeaatindiranagar"/>
 </way>
 <way id="331223021" visible="true" version="4" changeset="170777470" timestamp="2025-08-21T12:39:12Z" user="Aniket K" uid="21905113">
  <nd ref="736207625"/>
  <nd ref="1485671138"/>
  <nd ref="736207580"/>
  <nd ref="1857029049"/>
  <nd ref="1420066737"/>
  <nd ref="736207261"/>
  <nd ref="1420105834"/>
  <nd ref="1420105815"/>
  <nd ref="1420066719"/>
  <nd ref="317821937"/>
  <tag k="highway" v="residential"/>
  <tag k="lane_markings" v="no"/>
  <tag k="name" v="8th Cross Road"/>
  <tag k="name:kn" v="೮ನೇ ಅಡ್ಡ ರಸ್ತೆ"/>
  <tag k="surface" v="asphalt"/>
 </way>
 <way id="346436254" visible="true" version="2" changeset="174361446" timestamp="2025-11-08T06:57:15Z" user="Vonter" uid="3926189">
  <nd ref="3529706288"/>
  <nd ref="3529706285"/>
  <nd ref="3529706250"/>
  <nd ref="3529706251"/>
  <nd ref="3529706288"/>
  <tag k="building" v="yes"/>
 </way>
 <way id="346436285" visible="true" version="4" changeset="170777273" timestamp="2025-08-21T12:44:53Z" user="Aniket K" uid="21905113">
  <nd ref="3529708266"/>
  <nd ref="3529708267"/>
  <nd ref="3529708253"/>
  <nd ref="3529708251"/>
  <nd ref="3529708266"/>
  <tag k="addr:housenumber" v="3339"/>
  <tag k="addr:street" v="6th Cross Road"/>
  <tag k="building" v="yes"/>
 </way>
 <way id="346436318" visible="true" version="1" changeset="31304697" timestamp="2015-05-20T05:52:41Z" user="vamshiN" uid="2907738">
  <nd ref="3529706830"/>
  <nd ref="3529706841"/>
  <nd ref="3529706828"/>
  <nd ref="3529706811"/>
  <nd ref="3529706830"/>
  <tag k="building" v="yes"/>
 </way>
 <way id="346436363" visible="true" version="1" changeset="31304697" timestamp="2015-05-20T05:52:43Z" user="vamshiN" uid="2907738">
  <nd ref="3529707442"/>
  <nd ref="3529707279"/>
  <nd ref="3529707275"/>
  <nd ref="3529707437"/>
  <nd ref="3529707442"/>
  <tag k="building" v="yes"/>
 </way>
 <way id="346436459" visible="true" version="2" changeset="174361446" timestamp="2025-11-08T06:57:15Z" user="Vonter" uid="3926189">
  <nd ref="3529706438"/>
  <nd ref="3529706430"/>
  <nd ref="13288585529"/>
  <nd ref="3529706401"/>
  <nd ref="3529706438"/>
  <tag k="building" v="yes"/>
 </way>
 <way id="346436475" visible="true" version="1" changeset="31304697" timestamp="2015-05-20T05:52:48Z" user="vamshiN" uid="2907738">
  <nd ref="3529706070"/>
  <nd ref="3529706040"/>
  <nd ref="3529706017"/>
  <nd ref="3529706048"/>
  <nd ref="3529706070"/>
  <tag k="building" v="yes"/>
 </way>
 <way id="346436476" visible="true" version="3" changeset="170777273" timestamp="2025-08-21T12:48:12Z" user="Aniket K" uid="21905113">
  <nd ref="3529708327"/>
  <nd ref="3529708328"/>
  <nd ref="3529708301"/>
  <nd ref="3529708300"/>
  <nd ref="3529708327"/>
  <tag k="addr:housenumber" v="1092"/>
  <tag k="addr:street" v="8th Cross Road"/>
  <tag k="building" v="yes"/>
 </way>
 <way id="346436513" visible="true" version="2" changeset="174361446" timestamp="2025-11-08T06:57:15Z" user="Vonter" uid="3926189">
  <nd ref="3529706202"/>
  <nd ref="3529706242"/>
  <nd ref="3529706234"/>
  <nd ref="3529706092"/>
  <nd ref="3529706202"/>
  <tag k="building" v="yes"/>
 </way>
 <way id="346436526" visible="true" version="1" changeset="31304697" timestamp="2015-05-20T05:52:51Z" user="vamshiN" uid="2907738">
  <nd ref="3529706026"/>
  <nd ref="3529706014"/>
  <nd ref="3529705865"/>
  <nd ref="3529705880"/>
  <nd ref="3529706026"/>
  <tag k="building" v="yes"/>
 </way>
 <way id="346436615" visible="true" version="2" changeset="174361446" timestamp="2025-11-08T06:57:15Z" user="Vonter" uid="3926189">
  <nd ref="3529706490"/>
  <nd ref="3529706482"/>
  <nd ref="3529706439"/>
  <nd ref="3529706443"/>
  <nd ref="3529706490"/>
  <tag k="building" v="yes"/>
 </way>
 <way id="346436624" visible="true" version="4" changeset="170777273" timestamp="2025-08-21T12:44:42Z" user="Aniket K" uid="21905113">
  <nd ref="3529708265"/>
  <nd ref="3529708268"/>
  <nd ref="3529708231"/>
  <nd ref="3529708226"/>
  <nd ref="3529708265"/>
  <tag k="addr:housenumber" v="3338"/>
  <tag k="addr:street" v="12th A Main Road"/>
  <tag k="building" v="yes"/>
 </way>
 <way id="346436633" visible="true" version="2" changeset="162015801" timestamp="2025-02-01T15:42:12Z" user="Vonter" uid="3926189">
  <nd ref="3529707238"/>
  <nd ref="3529707243"/>
  <nd ref="3529707055"/>
  <nd ref="3529707050"/>
  <nd ref="3529707238"/>
  <tag k="building" v="yes"/>
 </way>
 <way id="346436653" visible="true" version="1" changeset="31304697" timestamp="2015-05-20T05:52:56Z" user="vamshiN" uid="2907738">
  <nd ref="3529706400"/>
  <nd ref="3529706593"/>
  <nd ref="3529706396"/>
  <nd ref="3529706200"/>
  <nd ref="3529706400"/>
  <tag k="building" v="yes"/>
 </way>
 <way id="346436667" visible="true" version="1" changeset="31304697" timestamp="2015-05-20T05:52:56Z" user="vamshiN" uid="2907738">
  <nd ref="3529706039"/>
  <nd ref="3529706011"/>
  <nd ref="3529705821"/>
  <nd ref="3529705854"/>
  <nd ref="3529706039"/>
  <tag k="building" v="yes"/>
 </way>
 <way id="346436716" visible="true" version="1" changeset="31304697" timestamp="2015-05-20T05:52:59Z" user="vamshiN" uid="2907738">
  <nd ref="3529706021"/>
  <nd ref="3529705998"/>
  <nd ref="3529705829"/>
  <nd ref="3529705846"/>
  <nd ref="3529706021"/>
  <tag k="building" v="yes"/>
 </way>
 <way id="346436728" visible="true" version="3" changeset="174361446" timestamp="2025-11-08T06:57:15Z" user="Vonter" uid="3926189">
  <nd ref="3529706046"/>
  <nd ref="3529706077"/>
  <nd ref="3529706066"/>
  <nd ref="3529706030"/>
  <nd ref="3529706046"/>
  <tag k="addr:housenumber" v="3718"/>
  <tag k="addr:street" v="10th Cross"/>
  <tag k="building" v="yes"/>
  <tag k="building:levels" v="3"/>
  <tag k="name" v="Beme"/>
 </way>
 <way id="346436785" visible="true" version="1" changeset="31304697" timestamp="2015-05-20T05:53:02Z" user="vamshiN" uid="2907738">
  <nd ref="3529706816"/>
  <nd ref="3529706805"/>
  <nd ref="3529706621"/>
  <nd ref="3529706654"/>
  <nd ref="3529706816"/>
  <tag k="building" v="yes"/>
 </way>
 <way id="346436806" visible="true" version="3" changeset="158956663" timestamp="2024-11-10T06:45:28Z" user="Vonter" uid="3926189">
  <nd ref="3529708272"/>
  <nd ref="3529708269"/>
  <nd ref="3529708249"/>
  <nd ref="3529708250"/>
  <nd ref="3529708272"/>
  <tag k="addr:housenumber" v="3356"/>
  <tag k="building" v="yes"/>
 </way>
 <way id="346436846" visible="true" version="1" changeset="31304697" timestamp="2015-05-20T05:53:05Z" user="vamshiN" uid="2907738">
  <nd ref="3529706817"/>
  <nd ref="3529706809"/>
  <nd ref="3529706794"/>
  <nd ref="3529706803"/>
  <nd ref="3529706817"/>
  <tag k="building" v="yes"/>
 </way>
 <way id="346436871" visible="true" version="4" changeset="170777273" timestamp="2025-08-21T12:46:43Z" user="Aniket K" uid="21905113">
  <nd ref="3529708220"/>
  <nd ref="3529708242"/>
  <nd ref="3529708246"/>
  <nd ref="3529708225"/>
  <nd ref="11234273094"/>
  <nd ref="3529708220"/>
  <tag k="addr:housenumber" v="3321"/>
  <tag k="addr:street" v="12th A Main Road"/>
  <tag k="building" v="yes"/>
 </way>
 <way id="346436889" visible="true" version="1" changeset="31304697" timestamp="2015-05-20T05:53:08Z" user="vamshiN" uid="2907738">
  <nd ref="3529707258"/>
  <nd ref="3529707266"/>
  <nd ref="3529707061"/>
  <nd ref="3529707058"/>
  <nd ref="3529707258"/>
  <tag k="building" v="yes"/>
 </way>
 <way id="346436895" visible="true" version="2" changeset="174361446" timestamp="2025-11-08T06:57:15Z" user="Vonter" uid="3926189">
  <nd ref="3529705997"/>
  <nd ref="3529706041"/>
  <nd ref="13288585530"/>
  <nd ref="3529705870"/>
  <nd ref="3529705997"/>
  <tag k="building" v="yes"/>
 </way>
 <way id="346436979" visible="true" version="1" changeset="31304697" timestamp="2015-05-20T05:53:12Z" user="vamshiN" uid="2907738">
  <nd ref="3529706275"/>
  <nd ref="3529706087"/>
  <nd ref="3529705875"/>
  <nd ref="3529706034"/>
  <nd ref="3529705891"/>
  <nd ref="3529706035"/>
  <nd ref="3529706074"/>
  <nd ref="3529706080"/>
  <nd ref="3529706275"/>
  <tag k="building" v="yes"/>
 </way>
 <way id="346436982" visible="true" version="1" changeset="31304697" timestamp="2015-05-20T05:53:13Z" user="vamshiN" uid="2907738">
  <nd ref="3529707438"/>
  <nd ref="3529707416"/>
  <nd ref="3529707412"/>
  <nd ref="3529707292"/>
  <nd ref="3529707395"/>
  <nd ref="3529707272"/>
  <nd ref="3529707265"/>
  <nd ref="3529707434"/>
  <nd ref="3529707438"/>
  <tag k="building" v="yes"/>
 </way>
 <way id="346526043" visible="true" version="3" changeset="142298007" timestamp="2023-10-08T10:18:05Z" user="sagarawrz07" uid="4831756">
  <nd ref="3530395201"/>
  <nd ref="3530395205"/>
  <nd ref="3530395206"/>
  <nd ref="3530395202"/>
  <nd ref="3530395201"/>
  <tag k="building" v="retail"/>
  <tag k="building:levels" v="6"/>
  <tag k="roof:levels" v="0"/>
 </way>
 <way id="346526046" visible="true" version="5" changeset="142387423" timestamp="2023-10-10T11:01:59Z" user="sagarawrz07" uid="4831756">
  <nd ref="3530395235"/>
  <nd ref="3530395237"/>
  <nd ref="3530395238"/>
  <nd ref="3530395236"/>
  <nd ref="3530395235"/>
  <tag k="addr:housenumber" v="773"/>
  <tag k="addr:street" v="100 Feet Road"/>
  <tag k="building" v="commercial"/>
  <tag k="building:levels" v="5"/>
 </way>
 <way id="346526051" visible="true" version="5" changeset="142387423" timestamp="2023-10-10T11:02:15Z" user="sagarawrz07" uid="4831756">
  <nd ref="3530395231"/>
  <nd ref="3530395233"/>
  <nd ref="3530395234"/>
  <nd ref="3530395232"/>
  <nd ref="3530395231"/>
  <tag k="addr:housenumber" v="774"/>
  <tag k="addr:street" v="100 Feet Road"/>
  <tag k="building" v="commercial"/>
  <tag k="building:levels" v="3"/>
 </way>
 <way id="346526053" visible="true" version="3" changeset="142298007" timestamp="2023-10-08T10:18:06Z" user="sagarawrz07" uid="4831756">
  <nd ref="3530395211"/>
  <nd ref="3530395213"/>
  <nd ref="3530395214"/>
  <nd ref="3530395212"/>
  <nd ref="3530395211"/>
  <tag k="building" v="commercial"/>
  <tag k="building:levels" v="4"/>
  <tag k="roof:levels" v="0"/>
 </way>
 <way id="346526055" visible="true" version="5" changeset="153098787" timestamp="2024-06-24T08:08:02Z" user="Vonter" uid="3926189">
  <nd ref="3530395217"/>
  <nd ref="3530395221"/>
  <nd ref="3530395222"/>
  <nd ref="3530395220"/>
  <nd ref="3530395217"/>
  <tag k="addr:housenumber" v="777"/>
  <tag k="building" v="yes"/>
  <tag k="building:levels" v="4"/>
  <tag k="name" v="CRED terra"/>
  <tag k="office" v="company"/>
  <tag k="website" v="https://cred.club"/>
 </way>
 <way id="346526061" visible="true" version="5" changeset="142387423" timestamp="2023-10-10T11:01:56Z" user="sagarawrz07" uid="4831756">
  <nd ref="3530395239"/>
  <nd ref="3530395241"/>
  <nd ref="3530395242"/>
  <nd ref="3530395240"/>
  <nd ref="3530395239"/>
  <tag k="addr:housenumber" v="772"/>
  <tag k="addr:street" v="100 Feet Road"/>
  <tag k="building" v="commercial"/>
  <tag k="building:levels" v="2"/>
 </way>
 <way id="346526063" visible="true" version="3" changeset="142298007" timestamp="2023-10-08T10:18:05Z" user="sagarawrz07" uid="4831756">
  <nd ref="3530395207"/>
  <nd ref="3530395209"/>
  <nd ref="3530395210"/>
  <nd ref="3530395208"/>
  <nd ref="3530395207"/>
  <tag k="building" v="retail"/>
  <tag k="building:levels" v="3"/>
  <tag k="roof:levels" v="0"/>
 </way>
 <way id="346526064" visible="true" version="4" changeset="142387423" timestamp="2023-10-10T11:02:13Z" user="sagarawrz07" uid="4831756">
  <nd ref="3530395227"/>
  <nd ref="3530395229"/>
  <nd ref="3530395230"/>
  <nd ref="3530395228"/>
  <nd ref="3530395227"/>
  <tag k="addr:housenumber" v="775"/>
  <tag k="addr:street" v="100 Feet Road"/>
  <tag k="building" v="commercial"/>
 </way>
 <way id="346526066" visible="true" version="5" changeset="142387423" timestamp="2023-10-10T11:02:18Z" user="sagarawrz07" uid="4831756">
  <nd ref="3530395223"/>
  <nd ref="3530395225"/>
  <nd ref="3530395226"/>
  <nd ref="3530395224"/>
  <nd ref="3530395223"/>
  <tag k="addr:housenumber" v="776"/>
  <tag k="addr:street" v="100 Feet Road"/>
  <tag k="building" v="yes"/>
 </way>
 <way id="346768561" visible="true" version="8" changeset="170777470" timestamp="2025-08-21T12:44:44Z" user="Aniket K" uid="21905113">
  <nd ref="736207542"/>
  <nd ref="3532729011"/>
  <nd ref="736207435"/>
  <nd ref="736207557"/>
  <nd ref="736207598"/>
  <nd ref="736207402"/>
  <nd ref="736207375"/>
  <nd ref="736207363"/>
  <nd ref="5324352406"/>
  <nd ref="12664967624"/>
  <nd ref="1282881253"/>
  <nd ref="269700181"/>
  <tag k="highway" v="residential"/>
  <tag k="lane_markings" v="no"/>
  <tag k="lit" v="yes"/>
  <tag k="name" v="12th A Main Road"/>
  <tag k="name:kn" v="೧೨ನೇ ಎ ಮುಖ್ಯ ರಸ್ತೆ"/>
  <tag k="smoothness" v="intermediate"/>
  <tag k="surface" v="asphalt"/>
 </way>
 <way id="347073626" visible="true" version="3" changeset="158956663" timestamp="2024-11-10T06:45:28Z" user="Vonter" uid="3926189">
  <nd ref="3535005602"/>
  <nd ref="3535005634"/>
  <nd ref="3535005636"/>
  <nd ref="3535005606"/>
  <nd ref="3535005602"/>
  <tag k="addr:housenumber" v="1054"/>
  <tag k="building" v="residential"/>
 </way>
 <way id="347073875" visible="true" version="3" changeset="134684892" timestamp="2023-04-09T11:55:04Z" user="Vonter" uid="3926189">
  <nd ref="3535005647"/>
  <nd ref="3535005793"/>
  <nd ref="3535005797"/>
  <nd ref="3535005652"/>
  <nd ref="3535005647"/>
  <tag k="addr:housenumber" v="1055"/>
  <tag k="building" v="residential"/>
 </way>
 <way id="347216818" visible="true" version="3" changeset="158956663" timestamp="2024-11-10T06:45:28Z" user="Vonter" uid="3926189">
  <nd ref="3535852712"/>
  <nd ref="3535852716"/>
  <nd ref="3535852694"/>
  <nd ref="3535852592"/>
  <nd ref="3535852712"/>
  <tag k="addr:housenumber" v="1045"/>
  <tag k="building" v="residential"/>
 </way>
 <way id="347216826" visible="true" version="1" changeset="31369363" timestamp="2015-05-22T11:54:38Z" user="shalinins" uid="2901502">
  <nd ref="3535852545"/>
  <nd ref="3535852542"/>
  <nd ref="3535852526"/>
  <nd ref="3535852531"/>
  <nd ref="3535852545"/>
  <tag k="building" v="yes"/>
 </way>
 <way id="347216852" visible="true" version="2" changeset="158956663" timestamp="2024-11-10T06:45:28Z" user="Vonter" uid="3926189">
  <nd ref="3535853107"/>
  <nd ref="3535853110"/>
  <nd ref="3535852990"/>
  <nd ref="3535852987"/>
  <nd ref="3535853107"/>
  <tag k="addr:housenumber" v="985"/>
  <tag k="building" v="yes"/>
 </way>
 <way id="347216870" visible="true" version="3" changeset="158956663" timestamp="2024-11-10T06:45:28Z" user="Vonter" uid="3926189">
  <nd ref="3535852973"/>
  <nd ref="3535852975"/>
  <nd ref="3535852960"/>
  <nd ref="3535852958"/>
  <nd ref="3535852973"/>
  <tag k="addr:housenumber" v="1039"/>
  <tag k="building" v="residential"/>
 </way>
 <way id="347216875" visible="true" version="3" changeset="134684892" timestamp="2023-04-09T11:55:04Z" user="Vonter" uid="3926189">
  <nd ref="3535853115"/>
  <nd ref="3535853117"/>
  <nd ref="3535853098"/>
  <nd ref="3535853096"/>
  <nd ref="3535853115"/>
  <tag k="addr:housenumber" v="1019"/>
  <tag k="building" v="residential"/>
 </way>
 <way id="347216902" visible="true" version="3" changeset="158956663" timestamp="2024-11-10T06:45:28Z" user="Vonter" uid="3926189">
  <nd ref="3535852938"/>
  <nd ref="3535852939"/>
  <nd ref="3535852915"/>
  <nd ref="3535852914"/>
  <nd ref="3535852938"/>
  <tag k="addr:housenumber" v="1023"/>
  <tag k="building" v="residential"/>
 </way>
 <way id="347216919" visible="true" version="3" changeset="134684892" timestamp="2023-04-09T11:55:04Z" user="Vonter" uid="3926189">
  <nd ref="3535853106"/>
  <nd ref="3535853109"/>
  <nd ref="3535852989"/>
  <nd ref="3535852986"/>
  <nd ref="3535853106"/>
  <tag k="addr:housenumber" v="1037"/>
  <tag k="building" v="residential"/>
 </way>
 <way id="347216927" visible="true" version="1" changeset="31369363" timestamp="2015-05-22T11:54:40Z" user="shalinins" uid="2901502">
  <nd ref="3535852528"/>
  <nd ref="3535852525"/>
  <nd ref="3535852512"/>
  <nd ref="3535852514"/>
  <nd ref="3535852528"/>
  <tag k="building" v="yes"/>
 </way>
 <way id="347216941" visible="true" version="3" changeset="158956663" timestamp="2024-11-10T06:45:28Z" user="Vonter" uid="3926189">
  <nd ref="3535852912"/>
  <nd ref="3535852913"/>
  <nd ref="3535852789"/>
  <nd ref="3535852787"/>
  <nd ref="3535852912"/>
  <tag k="addr:housenumber" v="1015"/>
  <tag k="building" v="residential"/>
 </way>
 <way id="347216963" visible="true" version="3" changeset="158956663" timestamp="2024-11-10T06:45:28Z" user="Vonter" uid="3926189">
  <nd ref="3535852943"/>
  <nd ref="3535852945"/>
  <nd ref="3535852922"/>
  <nd ref="3535852921"/>
  <nd ref="3535852943"/>
  <tag k="addr:housenumber" v="1005"/>
  <tag k="building" v="residential"/>
 </way>
 <way id="347217007" visible="true" version="3" changeset="158956663" timestamp="2024-11-10T06:45:28Z" user="Vonter" uid="3926189">
  <nd ref="3535852924"/>
  <nd ref="3535852927"/>
  <nd ref="3535852908"/>
  <nd ref="3535852906"/>
  <nd ref="3535852924"/>
  <tag k="addr:housenumber" v="1041"/>
  <tag k="building" v="residential"/>
 </way>
 <way id="347217018" visible="true" version="2" changeset="158956663" timestamp="2024-11-10T06:45:28Z" user="Vonter" uid="3926189">
  <nd ref="3535852539"/>
  <nd ref="3535852540"/>
  <nd ref="3535852524"/>
  <nd ref="3535852521"/>
  <nd ref="3535852539"/>
  <tag k="building" v="yes"/>
 </way>
 <way id="347217033" visible="true" version="2" changeset="158956663" timestamp="2024-11-10T06:45:28Z" user="Vonter" uid="3926189">
  <nd ref="3535852917"/>
  <nd ref="3535852919"/>
  <nd ref="3535852900"/>
  <nd ref="3535852898"/>
  <nd ref="3535852917"/>
  <tag k="addr:housenumber" v="1006"/>
  <tag k="building" v="yes"/>
 </way>
 <way id="347217040" visible="true" version="3" changeset="158956663" timestamp="2024-11-10T06:45:28Z" user="Vonter" uid="3926189">
  <nd ref="3535852564"/>
  <nd ref="3535852566"/>
  <nd ref="3535852550"/>
  <nd ref="3535852547"/>
  <nd ref="3535852564"/>
  <tag k="building" v="yes"/>
 </way>
 <way id="347217047" visible="true" version="2" changeset="158956663" timestamp="2024-11-10T06:45:28Z" user="Vonter" uid="3926189">
  <nd ref="3535852949"/>
  <nd ref="3535852953"/>
  <nd ref="3535852931"/>
  <nd ref="3535852930"/>
  <nd ref="3535852949"/>
  <tag k="addr:housenumber" v="998"/>
  <tag k="building" v="yes"/>
 </way>
 <way id="347217053" visible="true" version="3" changeset="158956663" timestamp="2024-11-10T06:45:28Z" user="Vonter" uid="3926189">
  <nd ref="3535852940"/>
  <nd ref="3535852941"/>
  <nd ref="3535852918"/>
  <nd ref="3535852916"/>
  <nd ref="3535852940"/>
  <tag k="addr:housenumber" v="1016"/>
  <tag k="building" v="residential"/>
 </way>
 <way id="347217065" visible="true" version="2" changeset="158956663" timestamp="2024-11-10T06:45:28Z" user="Vonter" uid="3926189">
  <nd ref="3535852738"/>
  <nd ref="3535852739"/>
  <nd ref="3535852720"/>
  <nd ref="3535852718"/>
  <nd ref="3535852738"/>
  <tag k="addr:housenumber" v="994"/>
  <tag k="building" v="yes"/>
 </way>
 <way id="347217069" visible="true" version="3" changeset="158956663" timestamp="2024-11-10T06:45:28Z" user="Vonter" uid="3926189">
  <nd ref="3535852988"/>
  <nd ref="3535852991"/>
  <nd ref="3535852969"/>
  <nd ref="3535852966"/>
  <nd ref="3535852988"/>
  <tag k="addr:housenumber" v="1021"/>
  <tag k="building" v="residential"/>
 </way>
 <way id="347217079" visible="true" version="3" changeset="158956663" timestamp="2024-11-10T06:45:28Z" user="Vonter" uid="3926189">
  <nd ref="3535852724"/>
  <nd ref="3535852726"/>
  <nd ref="3535852702"/>
  <nd ref="3535852700"/>
  <nd ref="3535852724"/>
  <tag k="addr:housenumber" v="1027"/>
  <tag k="building" v="residential"/>
 </way>
 <way id="347217101" visible="true" version="2" changeset="158956663" timestamp="2024-11-10T06:45:28Z" user="Vonter" uid="3926189">
  <nd ref="3535852925"/>
  <nd ref="3535852928"/>
  <nd ref="3535852904"/>
  <nd ref="3535852901"/>
  <nd ref="3535852925"/>
  <tag k="addr:housenumber" v="988"/>
  <tag k="building" v="yes"/>
 </way>
 <way id="347217105" visible="true" version="3" changeset="158956663" timestamp="2024-11-10T06:45:28Z" user="Vonter" uid="3926189">
  <nd ref="3535852760"/>
  <nd ref="3535852735"/>
  <nd ref="3535852731"/>
  <nd ref="3535852757"/>
  <nd ref="3535852760"/>
  <tag k="addr:housenumber" v="1013"/>
  <tag k="building" v="residential"/>
 </way>
 <way id="347217118" visible="true" version="3" changeset="158956663" timestamp="2024-11-10T06:45:28Z" user="Vonter" uid="3926189">
  <nd ref="3535852903"/>
  <nd ref="3535852905"/>
  <nd ref="3535852782"/>
  <nd ref="3535852780"/>
  <nd ref="3535852903"/>
  <tag k="addr:housenumber" v="1033"/>
  <tag k="building" v="residential"/>
 </way>
 <way id="347217139" visible="true" version="2" changeset="158956663" timestamp="2024-11-10T06:45:28Z" user="Vonter" uid="3926189">
  <nd ref="3535852790"/>
  <nd ref="3535852895"/>
  <nd ref="3535852779"/>
  <nd ref="3535852777"/>
  <nd ref="3535852790"/>
  <tag k="addr:housenumber" v="989"/>
  <tag k="building" v="yes"/>
 </way>
 <way id="347217147" visible="true" version="1" changeset="31369363" timestamp="2015-05-22T11:54:44Z" user="shalinins" uid="2901502">
  <nd ref="3535852522"/>
  <nd ref="3535852520"/>
  <nd ref="3535852509"/>
  <nd ref="3535852511"/>
  <nd ref="3535852522"/>
  <tag k="building" v="yes"/>
 </way>
 <way id="347217157" visible="true" version="3" changeset="158956663" timestamp="2024-11-10T06:45:28Z" user="Vonter" uid="3926189">
  <nd ref="3535852766"/>
  <nd ref="3535852767"/>
  <nd ref="3535852751"/>
  <nd ref="3535852749"/>
  <nd ref="3535852766"/>
  <tag k="addr:housenumber" v="1032"/>
  <tag k="building" v="residential"/>
 </way>
 <way id="347217163" visible="true" version="2" changeset="155606303" timestamp="2024-08-22T13:30:03Z" user="Vonter" uid="3926189">
  <nd ref="3535852493"/>
  <nd ref="3535852292"/>
  <nd ref="3535852288"/>
  <nd ref="3535852289"/>
  <nd ref="3535852493"/>
  <tag k="building" v="yes"/>
 </way>
 <way id="347217170" visible="true" version="3" changeset="158956663" timestamp="2024-11-10T06:45:28Z" user="Vonter" uid="3926189">
  <nd ref="3535852784"/>
  <nd ref="3535852785"/>
  <nd ref="3535852765"/>
  <nd ref="3535852762"/>
  <nd ref="3535852784"/>
  <tag k="addr:housenumber" v="1014"/>
  <tag k="building" v="residential"/>
 </way>
 <way id="347217179" visible="true" version="3" changeset="158956663" timestamp="2024-11-10T06:45:28Z" user="Vonter" uid="3926189">
  <nd ref="3535852947"/>
  <nd ref="3535852950"/>
  <nd ref="3535852936"/>
  <nd ref="3535852933"/>
  <nd ref="3535852947"/>
  <tag k="addr:housenumber" v="1040"/>
  <tag k="building" v="residential"/>
 </way>
 <way id="347217192" visible="true" version="1" changeset="31369363" timestamp="2015-05-22T11:54:45Z" user="shalinins" uid="2901502">
  <nd ref="3535852557"/>
  <nd ref="3535852554"/>
  <nd ref="3535852536"/>
  <nd ref="3535852541"/>
  <nd ref="3535852557"/>
  <tag k="building" v="yes"/>
 </way>
 <way id="347217194" visible="true" version="3" changeset="158956663" timestamp="2024-11-10T06:45:28Z" user="Vonter" uid="3926189">
  <nd ref="3535852948"/>
  <nd ref="3535852952"/>
  <nd ref="3535852935"/>
  <nd ref="3535852932"/>
  <nd ref="3535852948"/>
  <tag k="addr:housenumber" v="1035"/>
  <tag k="building" v="residential"/>
 </way>
 <way id="347217210" visible="true" version="1" changeset="31369363" timestamp="2015-05-22T11:54:45Z" user="shalinins" uid="2901502">
  <nd ref="3535852502"/>
  <nd ref="3535852503"/>
  <nd ref="3535852498"/>
  <nd ref="3535852496"/>
  <nd ref="3535852502"/>
  <tag k="building" v="yes"/>
 </way>
 <way id="347217224" visible="true" version="3" changeset="158956663" timestamp="2024-11-10T06:45:28Z" user="Vonter" uid="3926189">
  <nd ref="3535852963"/>
  <nd ref="3535852965"/>
  <nd ref="3535852944"/>
  <nd ref="3535852942"/>
  <nd ref="3535852963"/>
  <tag k="addr:housenumber" v="1022"/>
  <tag k="building" v="residential"/>
 </way>
 <way id="347217236" visible="true" version="3" changeset="134684892" timestamp="2023-04-09T11:55:04Z" user="Vonter" uid="3926189">
  <nd ref="3535853114"/>
  <nd ref="3535853116"/>
  <nd ref="3535853095"/>
  <nd ref="3535853093"/>
  <nd ref="3535853114"/>
  <tag k="addr:housenumber" v="1020"/>
  <tag k="building" v="residential"/>
 </way>
 <way id="347217250" visible="true" version="1" changeset="31369363" timestamp="2015-05-22T11:54:46Z" user="shalinins" uid="2901502">
  <nd ref="3535852532"/>
  <nd ref="3535852527"/>
  <nd ref="3535852513"/>
  <nd ref="3535852519"/>
  <nd ref="3535852532"/>
  <tag k="building" v="yes"/>
 </way>
 <way id="347217258" visible="true" version="2" changeset="39194664" timestamp="2016-05-09T06:32:44Z" user="PlaneMad" uid="1306">
  <nd ref="3535853121"/>
  <nd ref="3535853123"/>
  <nd ref="3535853113"/>
  <nd ref="3535853112"/>
  <nd ref="3535853121"/>
  <tag k="addr:housenumber" v="984"/>
  <tag k="building" v="yes"/>
 </way>
 <way id="347217275" visible="true" version="3" changeset="158956663" timestamp="2024-11-10T06:45:28Z" user="Vonter" uid="3926189">
  <nd ref="3535852926"/>
  <nd ref="3535852929"/>
  <nd ref="3535852911"/>
  <nd ref="3535852910"/>
  <nd ref="3535852926"/>
  <tag k="addr:housenumber" v="1034"/>
  <tag k="building" v="residential"/>
 </way>
 <way id="347217286" visible="true" version="2" changeset="158956663" timestamp="2024-11-10T06:45:28Z" user="Vonter" uid="3926189">
  <nd ref="3535852505"/>
  <nd ref="3535852504"/>
  <nd ref="3535852497"/>
  <nd ref="3535852500"/>
  <nd ref="3535852505"/>
  <tag k="building" v="yes"/>
 </way>
 <way id="347217315" visible="true" version="3" changeset="158956663" timestamp="2024-11-10T06:45:28Z" user="Vonter" uid="3926189">
  <nd ref="3535852893"/>
  <nd ref="3535852896"/>
  <nd ref="3535852778"/>
  <nd ref="3535852776"/>
  <nd ref="3535852893"/>
  <tag k="addr:housenumber" v="1042"/>
  <tag k="building" v="residential"/>
 </way>
 <way id="347217319" visible="true" version="3" changeset="158956663" timestamp="2024-11-10T06:45:28Z" user="Vonter" uid="3926189">
  <nd ref="3535852753"/>
  <nd ref="3535852755"/>
  <nd ref="3535852734"/>
  <nd ref="3535852732"/>
  <nd ref="3535852753"/>
  <tag k="addr:housenumber" v="1026"/>
  <tag k="building" v="residential"/>
 </way>
 <way id="347217341" visible="true" version="2" changeset="158956663" timestamp="2024-11-10T06:45:28Z" user="Vonter" uid="3926189">
  <nd ref="3535853101"/>
  <nd ref="3535853105"/>
  <nd ref="3535852982"/>
  <nd ref="3535852978"/>
  <nd ref="3535853101"/>
  <tag k="addr:housenumber" v="1000"/>
  <tag k="building" v="yes"/>
 </way>
 <way id="347217363" visible="true" version="3" changeset="158956663" timestamp="2024-11-10T06:45:28Z" user="Vonter" uid="3926189">
  <nd ref="3535852713"/>
  <nd ref="3535852717"/>
  <nd ref="3535852699"/>
  <nd ref="3535852698"/>
  <nd ref="3535852713"/>
  <tag k="addr:housenumber" v="1030"/>
  <tag k="building" v="residential"/>
 </way>
 <way id="347217370" visible="true" version="2" changeset="158956663" timestamp="2024-11-10T06:45:28Z" user="Vonter" uid="3926189">
  <nd ref="3535852770"/>
  <nd ref="3535852774"/>
  <nd ref="3535852754"/>
  <nd ref="3535852752"/>
  <nd ref="3535852770"/>
  <tag k="addr:housenumber" v="990"/>
  <tag k="building" v="yes"/>
 </way>
 <way id="347217394" visible="true" version="3" changeset="134684892" timestamp="2023-04-09T11:55:04Z" user="Vonter" uid="3926189">
  <nd ref="3535853118"/>
  <nd ref="3535853119"/>
  <nd ref="3535853103"/>
  <nd ref="3535853100"/>
  <nd ref="3535853118"/>
  <tag k="addr:housenumber" v="1002"/>
  <tag k="building" v="residential"/>
 </way>
 <way id="347217414" visible="true" version="3" changeset="134684892" timestamp="2023-04-09T11:55:04Z" user="Vonter" uid="3926189">
  <nd ref="3535853102"/>
  <nd ref="3535853104"/>
  <nd ref="3535852983"/>
  <nd ref="3535852980"/>
  <nd ref="3535853102"/>
  <tag k="addr:housenumber" v="1038"/>
  <tag k="building" v="residential"/>
 </way>
 <way id="347217421" visible="true" version="1" changeset="31369363" timestamp="2015-05-22T11:54:48Z" user="shalinins" uid="2901502">
  <nd ref="3535852568"/>
  <nd ref="3535852569"/>
  <nd ref="3535852560"/>
  <nd ref="3535852559"/>
  <nd ref="3535852568"/>
  <tag k="building" v="yes"/>
 </way>
 <way id="347217429" visible="true" version="2" changeset="158956663" timestamp="2024-11-10T06:45:28Z" user="Vonter" uid="3926189">
  <nd ref="3535852955"/>
  <nd ref="3535852957"/>
  <nd ref="3535852937"/>
  <nd ref="3535852934"/>
  <nd ref="3535852955"/>
  <tag k="addr:housenumber" v="987"/>
  <tag k="building" v="yes"/>
 </way>
 <way id="347217441" visible="true" version="3" changeset="158956663" timestamp="2024-11-10T06:45:28Z" user="Vonter" uid="3926189">
  <nd ref="3535852759"/>
  <nd ref="3535852761"/>
  <nd ref="3535852737"/>
  <nd ref="3535852736"/>
  <nd ref="3535852759"/>
  <tag k="addr:housenumber" v="1008"/>
  <tag k="building" v="residential"/>
 </way>
 <way id="347217467" visible="true" version="2" changeset="158956663" timestamp="2024-11-10T06:45:28Z" user="Vonter" uid="3926189">
  <nd ref="3535852710"/>
  <nd ref="3535852714"/>
  <nd ref="3535852591"/>
  <nd ref="3535852590"/>
  <nd ref="3535852710"/>
  <tag k="addr:housenumber" v="992"/>
  <tag k="building" v="yes"/>
 </way>
 <way id="347217472" visible="true" version="3" changeset="158956663" timestamp="2024-11-10T06:45:28Z" user="Vonter" uid="3926189">
  <nd ref="3535852907"/>
  <nd ref="3535852909"/>
  <nd ref="3535852788"/>
  <nd ref="3535852786"/>
  <nd ref="3535852907"/>
  <tag k="addr:housenumber" v="1024"/>
  <tag k="building" v="residential"/>
 </way>
 <way id="347217491" visible="true" version="2" changeset="39194664" timestamp="2016-05-09T06:32:39Z" user="PlaneMad" uid="1306">
  <nd ref="3535853120"/>
  <nd ref="3535853122"/>
  <nd ref="3535853111"/>
  <nd ref="3535853108"/>
  <nd ref="3535853120"/>
  <tag k="addr:housenumber" v="1001"/>
  <tag k="building" v="yes"/>
 </way>
 <way id="347217494" visible="true" version="3" changeset="158956663" timestamp="2024-11-10T06:45:28Z" user="Vonter" uid="3926189">
  <nd ref="3535852968"/>
  <nd ref="3535852971"/>
  <nd ref="3535852951"/>
  <nd ref="3535852946"/>
  <nd ref="3535852968"/>
  <tag k="addr:housenumber" v="1004"/>
  <tag k="building" v="residential"/>
 </way>
 <way id="347217520" visible="true" version="2" changeset="158956663" timestamp="2024-11-10T06:45:28Z" user="Vonter" uid="3926189">
  <nd ref="3535852763"/>
  <nd ref="3535852764"/>
  <nd ref="3535852744"/>
  <nd ref="3535852741"/>
  <nd ref="3535852763"/>
  <tag k="addr:housenumber" v="995"/>
  <tag k="building" v="yes"/>
 </way>
 <way id="347217523" visible="true" version="3" changeset="158956663" timestamp="2024-11-10T06:45:28Z" user="Vonter" uid="3926189">
  <nd ref="3535852705"/>
  <nd ref="3535852581"/>
  <nd ref="3535852580"/>
  <nd ref="3535852704"/>
  <nd ref="3535852705"/>
  <tag k="addr:housenumber" v="1011"/>
  <tag k="building" v="residential"/>
 </way>
 <way id="347217541" visible="true" version="3" changeset="158956663" timestamp="2024-11-10T06:45:28Z" user="Vonter" uid="3926189">
  <nd ref="3535852574"/>
  <nd ref="3535852575"/>
  <nd ref="3535852562"/>
  <nd ref="3535852561"/>
  <nd ref="3535852574"/>
  <tag k="addr:housenumber" v="777P"/>
  <tag k="building" v="yes"/>
 </way>
 <way id="347217545" visible="true" version="3" changeset="158956663" timestamp="2024-11-10T06:45:28Z" user="Vonter" uid="3926189">
  <nd ref="3535852781"/>
  <nd ref="3535852783"/>
  <nd ref="3535852758"/>
  <nd ref="3535852756"/>
  <nd ref="3535852781"/>
  <tag k="addr:housenumber" v="1025"/>
  <tag k="building" v="residential"/>
 </way>
 <way id="347217562" visible="true" version="2" changeset="158956663" timestamp="2024-11-10T06:45:28Z" user="Vonter" uid="3926189">
  <nd ref="3535852977"/>
  <nd ref="3535852981"/>
  <nd ref="3535852961"/>
  <nd ref="3535852959"/>
  <nd ref="3535852977"/>
  <tag k="addr:housenumber" v="986"/>
  <tag k="building" v="yes"/>
 </way>
 <way id="347217581" visible="true" version="1" changeset="31369363" timestamp="2015-05-22T11:54:51Z" user="shalinins" uid="2901502">
  <nd ref="3535852495"/>
  <nd ref="3535852494"/>
  <nd ref="3535852290"/>
  <nd ref="3535852291"/>
  <nd ref="3535852495"/>
  <tag k="building" v="yes"/>
 </way>
 <way id="347217584" visible="true" version="3" changeset="158956663" timestamp="2024-11-10T06:45:28Z" user="Vonter" uid="3926189">
  <nd ref="3535852792"/>
  <nd ref="3535852897"/>
  <nd ref="3535852773"/>
  <nd ref="3535852769"/>
  <nd ref="3535852792"/>
  <tag k="addr:housenumber" v="1007"/>
  <tag k="building" v="residential"/>
 </way>
 <way id="347217600" visible="true" version="3" changeset="158956663" timestamp="2024-11-10T06:45:28Z" user="Vonter" uid="3926189">
  <nd ref="3535852703"/>
  <nd ref="3535852584"/>
  <nd ref="3535852582"/>
  <nd ref="3535852701"/>
  <nd ref="3535852703"/>
  <tag k="addr:housenumber" v="1010"/>
  <tag k="building" v="residential"/>
 </way>
 <way id="347217612" visible="true" version="2" changeset="158956663" timestamp="2024-11-10T06:45:28Z" user="Vonter" uid="3926189">
  <nd ref="3535852745"/>
  <nd ref="3535852747"/>
  <nd ref="3535852723"/>
  <nd ref="3535852722"/>
  <nd ref="3535852745"/>
  <tag k="addr:housenumber" v="991"/>
  <tag k="building" v="yes"/>
 </way>
 <way id="347217623" visible="true" version="3" changeset="158956663" timestamp="2024-11-10T06:45:28Z" user="Vonter" uid="3926189">
  <nd ref="3535852992"/>
  <nd ref="3535853094"/>
  <nd ref="3535852970"/>
  <nd ref="3535852967"/>
  <nd ref="3535852992"/>
  <tag k="addr:housenumber" v="1018"/>
  <tag k="building" v="residential"/>
 </way>
 <way id="347217636" visible="true" version="3" changeset="158956663" timestamp="2024-11-10T06:45:28Z" user="Vonter" uid="3926189">
  <nd ref="3535852587"/>
  <nd ref="3535852588"/>
  <nd ref="3535852573"/>
  <nd ref="3535852572"/>
  <nd ref="3535852587"/>
  <tag k="addr:housenumber" v="1029"/>
  <tag k="building" v="residential"/>
 </way>
 <way id="347217654" visible="true" version="3" changeset="158956663" timestamp="2024-11-10T06:45:28Z" user="Vonter" uid="3926189">
  <nd ref="3535852729"/>
  <nd ref="3535852708"/>
  <nd ref="3535852706"/>
  <nd ref="3535852728"/>
  <nd ref="3535852729"/>
  <tag k="addr:housenumber" v="1012"/>
  <tag k="building" v="residential"/>
 </way>
 <way id="347217660" visible="true" version="2" changeset="158956663" timestamp="2024-11-10T06:45:28Z" user="Vonter" uid="3926189">
  <nd ref="3535852707"/>
  <nd ref="3535852709"/>
  <nd ref="3535852589"/>
  <nd ref="3535852586"/>
  <nd ref="3535852707"/>
  <tag k="addr:housenumber" v="993"/>
  <tag k="building" v="yes"/>
 </way>
 <way id="347217688" visible="true" version="3" changeset="158956663" timestamp="2024-11-10T06:45:28Z" user="Vonter" uid="3926189">
  <nd ref="3535852740"/>
  <nd ref="3535852742"/>
  <nd ref="3535852721"/>
  <nd ref="3535852719"/>
  <nd ref="3535852740"/>
  <tag k="addr:housenumber" v="1044"/>
  <tag k="building" v="residential"/>
 </way>
 <way id="347217699" visible="true" version="3" changeset="158956663" timestamp="2024-11-10T06:45:28Z" user="Vonter" uid="3926189">
  <nd ref="3535852733"/>
  <nd ref="3535852715"/>
  <nd ref="3535852711"/>
  <nd ref="3535852730"/>
  <nd ref="3535852733"/>
  <tag k="addr:housenumber" v="1009"/>
  <tag k="building" v="residential"/>
 </way>
 <way id="347217711" visible="true" version="2" changeset="158956663" timestamp="2024-11-10T06:45:28Z" user="Vonter" uid="3926189">
  <nd ref="3535852516"/>
  <nd ref="3535852518"/>
  <nd ref="3535852507"/>
  <nd ref="3535852506"/>
  <nd ref="3535852516"/>
  <tag k="building" v="yes"/>
 </way>
 <way id="347217728" visible="true" version="3" changeset="158956663" timestamp="2024-11-10T06:45:28Z" user="Vonter" uid="3926189">
  <nd ref="3535852743"/>
  <nd ref="3535852746"/>
  <nd ref="3535852727"/>
  <nd ref="3535852725"/>
  <nd ref="3535852743"/>
  <tag k="addr:housenumber" v="1031"/>
  <tag k="building" v="residential"/>
 </way>
 <way id="347217736" visible="true" version="2" changeset="75607848" timestamp="2019-10-12T19:09:31Z" user="indigomc" uid="136860">
  <nd ref="3535852558"/>
  <nd ref="3535852552"/>
  <nd ref="3535852530"/>
  <nd ref="3535852534"/>
  <nd ref="3535852558"/>
  <tag k="addr:housenumber" v="3347"/>
  <tag k="amenity" v="clinic"/>
  <tag k="building" v="yes"/>
  <tag k="name" v="SPARRC Institute"/>
 </way>
 <way id="347217748" visible="true" version="3" changeset="158956663" timestamp="2024-11-10T06:45:28Z" user="Vonter" uid="3926189">
  <nd ref="3535852768"/>
  <nd ref="3535852771"/>
  <nd ref="3535852750"/>
  <nd ref="3535852748"/>
  <nd ref="3535852768"/>
  <tag k="addr:housenumber" v="1043"/>
  <tag k="building" v="residential"/>
 </way>
 <way id="347217757" visible="true" version="3" changeset="158956663" timestamp="2024-11-10T06:45:28Z" user="Vonter" uid="3926189">
  <nd ref="3535852984"/>
  <nd ref="3535852985"/>
  <nd ref="3535852964"/>
  <nd ref="3535852962"/>
  <nd ref="3535852984"/>
  <tag k="addr:housenumber" v="1036"/>
  <tag k="building" v="residential"/>
 </way>
 <way id="347217762" visible="true" version="2" changeset="39194664" timestamp="2016-05-09T06:39:29Z" user="PlaneMad" uid="1306">
  <nd ref="3535852567"/>
  <nd ref="3535852563"/>
  <nd ref="3535852546"/>
  <nd ref="3535852551"/>
  <nd ref="3535852567"/>
  <tag k="addr:housenumber" v="77/1"/>
  <tag k="building" v="yes"/>
 </way>
 <way id="347217768" visible="true" version="3" changeset="158956663" timestamp="2024-11-10T06:45:28Z" user="Vonter" uid="3926189">
  <nd ref="3535852693"/>
  <nd ref="3535852695"/>
  <nd ref="3535852577"/>
  <nd ref="3535852576"/>
  <nd ref="3535852693"/>
  <tag k="addr:housenumber" v="1028"/>
  <tag k="building" v="residential"/>
 </way>
 <way id="347217778" visible="true" version="2" changeset="158956663" timestamp="2024-11-10T06:45:28Z" user="Vonter" uid="3926189">
  <nd ref="3535852972"/>
  <nd ref="3535852974"/>
  <nd ref="3535852956"/>
  <nd ref="3535852954"/>
  <nd ref="3535852972"/>
  <tag k="addr:housenumber" v="999"/>
  <tag k="building" v="yes"/>
 </way>
 <way id="347217808" visible="true" version="3" changeset="158956663" timestamp="2024-11-10T06:45:28Z" user="Vonter" uid="3926189">
  <nd ref="3535852583"/>
  <nd ref="3535852585"/>
  <nd ref="3535852571"/>
  <nd ref="3535852570"/>
  <nd ref="3535852583"/>
  <tag k="addr:housenumber" v="1046"/>
  <tag k="building" v="residential"/>
 </way>
 <way id="347217816" visible="true" version="1" changeset="31369363" timestamp="2015-05-22T11:54:55Z" user="shalinins" uid="2901502">
  <nd ref="3535852565"/>
  <nd ref="3535852556"/>
  <nd ref="3535852537"/>
  <nd ref="3535852548"/>
  <nd ref="3535852565"/>
  <tag k="building" v="yes"/>
 </way>
 <way id="347217836" visible="true" version="3" changeset="158956663" timestamp="2024-11-10T06:45:28Z" user="Vonter" uid="3926189">
  <nd ref="3535853097"/>
  <nd ref="3535853099"/>
  <nd ref="3535852979"/>
  <nd ref="3535852976"/>
  <nd ref="3535853097"/>
  <tag k="addr:housenumber" v="1003"/>
  <tag k="building" v="residential"/>
 </way>
 <way id="348448808" visible="true" version="4" changeset="124950299" timestamp="2022-08-16T02:44:55Z" user="mvineetmenon" uid="11353264">
  <nd ref="3545930631"/>
  <nd ref="3725848439"/>
  <nd ref="3725848438"/>
  <nd ref="3725848436"/>
  <nd ref="3725848437"/>
  <nd ref="3725848434"/>
  <nd ref="3725848435"/>
  <nd ref="3545930625"/>
  <nd ref="3725848430"/>
  <nd ref="3725848433"/>
  <nd ref="3725848432"/>
  <nd ref="3725848431"/>
  <nd ref="3545930628"/>
  <nd ref="3545930632"/>
  <nd ref="3725848440"/>
  <nd ref="3725848446"/>
  <nd ref="3725848447"/>
  <nd ref="3725848444"/>
  <nd ref="3725848445"/>
  <nd ref="3725848450"/>
  <nd ref="3725848451"/>
  <nd ref="3725848441"/>
  <nd ref="3725848442"/>
  <nd ref="3725848448"/>
  <nd ref="3725848449"/>
  <nd ref="3725848452"/>
  <nd ref="3725848453"/>
  <nd ref="3725848443"/>
  <nd ref="3545930631"/>
  <tag k="addr:number" v="777/J"/>
  <tag k="building" v="hotel"/>
 </way>
 <way id="348448814" visible="true" version="5" changeset="142792367" timestamp="2023-10-19T04:35:51Z" user="b-jazz-bot" uid="9451067">
  <nd ref="3545930620"/>
  <nd ref="3545930615"/>
  <nd ref="3725848426"/>
  <nd ref="3725848427"/>
  <nd ref="3545930611"/>
  <nd ref="3725848425"/>
  <nd ref="3725848424"/>
  <nd ref="3725848428"/>
  <nd ref="3725848429"/>
  <nd ref="3545930612"/>
  <nd ref="3545930620"/>
  <tag k="addr:city" v="Indira Nagar, Bangalore"/>
  <tag k="addr:housenumber" v="1216"/>
  <tag k="addr:number" v="1216"/>
  <tag k="addr:postcode" v="560008"/>
  <tag k="addr:street" v="Doopanahalli, 100 ft Road, HAL II Stage, Indiranagar"/>
  <tag k="building" v="hotel"/>
  <tag k="building:levels" v="3"/>
  <tag k="name" v="Tristar Apartments"/>
  <tag k="phone" v="+91 80 4118 5900"/>
  <tag k="website" v="https://www.tristarapt.com/"/>
 </way>
 <way id="348448839" visible="true" version="3" changeset="158956663" timestamp="2024-11-10T06:45:28Z" user="Vonter" uid="3926189">
  <nd ref="3545930656"/>
  <nd ref="3545930659"/>
  <nd ref="3545930654"/>
  <nd ref="3545930652"/>
  <nd ref="3545930656"/>
  <tag k="addr:housenumber" v="1017"/>
  <tag k="building" v="residential"/>
 </way>
 <way id="352575814" visible="true" version="1" changeset="31842351" timestamp="2015-06-09T12:18:13Z" user="shalinins" uid="2901502">
  <nd ref="3583359962"/>
  <nd ref="3583359961"/>
  <nd ref="3583359959"/>
  <nd ref="3583359960"/>
  <nd ref="3583359962"/>
  <tag k="building" v="yes"/>
 </way>
 <way id="352575824" visible="true" version="1" changeset="31842351" timestamp="2015-06-09T12:18:13Z" user="shalinins" uid="2901502">
  <nd ref="3583359958"/>
  <nd ref="3583359957"/>
  <nd ref="3583359945"/>
  <nd ref="3583359948"/>
  <nd ref="3583359958"/>
  <tag k="building" v="yes"/>
 </way>
 <way id="352575828" visible="true" version="1" changeset="31842351" timestamp="2015-06-09T12:18:13Z" user="shalinins" uid="2901502">
  <nd ref="3583359956"/>
  <nd ref="3583359955"/>
  <nd ref="3583359951"/>
  <nd ref="3583359953"/>
  <nd ref="3583359956"/>
  <tag k="building" v="yes"/>
 </way>
 <way id="352575830" visible="true" version="5" changeset="162015801" timestamp="2025-02-01T15:42:12Z" user="Vonter" uid="3926189">
  <nd ref="3583359973"/>
  <nd ref="3583359974"/>
  <nd ref="3583359972"/>
  <nd ref="3583359971"/>
  <nd ref="3583359973"/>
  <tag k="addr:housenumber" v="778"/>
  <tag k="building" v="yes"/>
 </way>
 <way id="352575838" visible="true" version="1" changeset="31842351" timestamp="2015-06-09T12:18:14Z" user="shalinins" uid="2901502">
  <nd ref="3583359954"/>
  <nd ref="3583359952"/>
  <nd ref="3583359947"/>
  <nd ref="3583359949"/>
  <nd ref="3583359954"/>
  <tag k="building" v="yes"/>
 </way>
 <way id="352575843" visible="true" version="3" changeset="120122271" timestamp="2022-04-24T12:27:11Z" user="Vonter" uid="3926189">
  <nd ref="3583359969"/>
  <nd ref="3583359970"/>
  <nd ref="3583359968"/>
  <nd ref="3583359967"/>
  <nd ref="3583359969"/>
  <tag k="addr:housename" v="Nitin Elite Complex"/>
  <tag k="addr:housenumber" v="777K"/>
  <tag k="addr:street" v="13th Main Road"/>
  <tag k="building" v="commercial"/>
  <tag k="name" v="Nitin Elite Complex"/>
 </way>
 <way id="352575883" visible="true" version="1" changeset="31842351" timestamp="2015-06-09T12:18:15Z" user="shalinins" uid="2901502">
  <nd ref="3583359950"/>
  <nd ref="3583359946"/>
  <nd ref="3583359942"/>
  <nd ref="3583359944"/>
  <nd ref="3583359950"/>
  <tag k="building" v="yes"/>
 </way>
 <way id="352617382" visible="true" version="3" changeset="33765888" timestamp="2015-09-03T05:59:44Z" user="aarthy" uid="2985232">
  <nd ref="3583790842"/>
  <nd ref="3725848503"/>
  <nd ref="3725848502"/>
  <nd ref="3725848506"/>
  <nd ref="3725848507"/>
  <nd ref="3725848511"/>
  <nd ref="3725848510"/>
  <nd ref="3725848514"/>
  <nd ref="3725848515"/>
  <nd ref="3583790844"/>
  <nd ref="3725848518"/>
  <nd ref="3725848520"/>
  <nd ref="3725848521"/>
  <nd ref="3725848519"/>
  <nd ref="3583790845"/>
  <nd ref="3725848516"/>
  <nd ref="3725848517"/>
  <nd ref="3725848513"/>
  <nd ref="3725848512"/>
  <nd ref="3725848509"/>
  <nd ref="3725848508"/>
  <nd ref="3725848504"/>
  <nd ref="3725848505"/>
  <nd ref="3725848501"/>
  <nd ref="3725848500"/>
  <nd ref="3583790843"/>
  <nd ref="3725848492"/>
  <nd ref="3725848499"/>
  <nd ref="3725848498"/>
  <nd ref="3725848490"/>
  <nd ref="3725848491"/>
  <nd ref="3725848485"/>
  <nd ref="3725848484"/>
  <nd ref="3725848497"/>
  <nd ref="3725848496"/>
  <nd ref="3725848489"/>
  <nd ref="3725848488"/>
  <nd ref="3725848495"/>
  <nd ref="3725848494"/>
  <nd ref="3725848487"/>
  <nd ref="3725848486"/>
  <nd ref="3725848493"/>
  <nd ref="3583790842"/>
  <tag k="addr:number" v="777"/>
  <tag k="building" v="yes"/>
  <tag k="building:levels" v="3"/>
 </way>
 <way id="352617388" visible="true" version="3" changeset="162015801" timestamp="2025-02-01T15:42:12Z" user="Vonter" uid="3926189">
  <nd ref="3583790856"/>
  <nd ref="3583790857"/>
  <nd ref="3583790855"/>
  <nd ref="3583790854"/>
  <nd ref="3583790856"/>
  <tag k="addr:housenumber" v="784"/>
  <tag k="building" v="yes"/>
 </way>
 <way id="352617398" visible="true" version="1" changeset="31848042" timestamp="2015-06-09T15:55:57Z" user="shalinins" uid="2901502">
  <nd ref="3583790833"/>
  <nd ref="3583790832"/>
  <nd ref="3583790827"/>
  <nd ref="3583790828"/>
  <nd ref="3583790833"/>
  <tag k="building" v="yes"/>
 </way>
 <way id="352617401" visible="true" version="1" changeset="31848042" timestamp="2015-06-09T15:55:57Z" user="shalinins" uid="2901502">
  <nd ref="3583790849"/>
  <nd ref="3583790848"/>
  <nd ref="3583790846"/>
  <nd ref="3583790847"/>
  <nd ref="3583790849"/>
  <tag k="building" v="yes"/>
 </way>
 <way id="352617402" visible="true" version="3" changeset="162015801" timestamp="2025-02-01T15:42:12Z" user="Vonter" uid="3926189">
  <nd ref="3583790864"/>
  <nd ref="3583790865"/>
  <nd ref="3583790859"/>
  <nd ref="3583790858"/>
  <nd ref="3583790864"/>
  <tag k="addr:housenumber" v="785"/>
  <tag k="building" v="yes"/>
 </way>
 <way id="352617403" visible="true" version="6" changeset="142298007" timestamp="2023-10-08T10:18:02Z" user="sagarawrz07" uid="4831756">
  <nd ref="3583790835"/>
  <nd ref="3583790840"/>
  <nd ref="3583790841"/>
  <nd ref="3583790836"/>
  <nd ref="3725848461"/>
  <nd ref="3725848457"/>
  <nd ref="3725848456"/>
  <nd ref="3725848460"/>
  <nd ref="3725848459"/>
  <nd ref="3725848455"/>
  <nd ref="3725848454"/>
  <nd ref="3725848458"/>
  <nd ref="3583790835"/>
  <tag k="addr:number" v="777/H"/>
  <tag k="building" v="retail"/>
  <tag k="building:levels" v="2"/>
  <tag k="roof:levels" v="0"/>
  <tag k="roof:shape" v="gabled"/>
 </way>
 <way id="352617405" visible="true" version="1" changeset="31848042" timestamp="2015-06-09T15:55:57Z" user="shalinins" uid="2901502">
  <nd ref="3583790839"/>
  <nd ref="3583790838"/>
  <nd ref="3583790834"/>
  <nd ref="3583790837"/>
  <nd ref="3583790839"/>
  <tag k="building" v="yes"/>
 </way>
 <way id="368398986" visible="true" version="2" changeset="155606303" timestamp="2024-08-22T13:30:03Z" user="Vonter" uid="3926189">
  <nd ref="3722396324"/>
  <nd ref="3722411234"/>
  <nd ref="3722411229"/>
  <nd ref="3722396322"/>
  <nd ref="3722396324"/>
  <tag k="amenity" v="place_of_worship"/>
  <tag k="name" v="Sri Maheshwaramma Devi"/>
  <tag k="religion" v="hindu"/>
 </way>
 <way id="368398988" visible="true" version="1" changeset="33695837" timestamp="2015-08-31T06:10:39Z" user="PlaneMad" uid="1306">
  <nd ref="3722396323"/>
  <nd ref="3722411227"/>
  <nd ref="3722411231"/>
  <nd ref="3722411235"/>
  <nd ref="3722411233"/>
  <nd ref="3722396323"/>
  <tag k="amenity" v="parking"/>
 </way>
 <way id="368398989" visible="true" version="1" changeset="33695837" timestamp="2015-08-31T06:10:39Z" user="PlaneMad" uid="1306">
  <nd ref="3722411242"/>
  <nd ref="3722411240"/>
  <nd ref="3722411239"/>
  <nd ref="3722411241"/>
  <nd ref="3722411242"/>
  <tag k="amenity" v="place_of_worship"/>
  <tag k="building" v="temple"/>
  <tag k="religion" v="hindu"/>
 </way>
 <way id="368398990" visible="true" version="1" changeset="33695837" timestamp="2015-08-31T06:10:39Z" user="PlaneMad" uid="1306">
  <nd ref="3722411225"/>
  <nd ref="3722396320"/>
  <nd ref="3722396321"/>
  <nd ref="3722396319"/>
  <tag k="highway" v="living_street"/>
 </way>
 <way id="368738891" visible="true" version="5" changeset="142298007" timestamp="2023-10-08T10:18:02Z" user="sagarawrz07" uid="4831756">
  <nd ref="3725848477"/>
  <nd ref="3725848476"/>
  <nd ref="3725848481"/>
  <nd ref="3725848480"/>
  <nd ref="3725848483"/>
  <nd ref="3725848482"/>
  <nd ref="3725848478"/>
  <nd ref="3725848479"/>
  <nd ref="3725848475"/>
  <nd ref="3725848474"/>
  <nd ref="3725848464"/>
  <nd ref="3725848465"/>
  <nd ref="3725848462"/>
  <nd ref="3725848463"/>
  <nd ref="3725848466"/>
  <nd ref="3725848467"/>
  <nd ref="3725848469"/>
  <nd ref="3725848468"/>
  <nd ref="3725848470"/>
  <nd ref="3725848471"/>
  <nd ref="3725848472"/>
  <nd ref="3725848473"/>
  <nd ref="3725848477"/>
  <tag k="addr:number" v="777/G"/>
  <tag k="building" v="retail"/>
  <tag k="building:levels" v="3"/>
  <tag k="roof:levels" v="0"/>
  <tag k="roof:shape" v="gabled"/>
 </way>
 <way id="368738892" visible="true" version="4" changeset="142298003" timestamp="2023-10-08T10:18:03Z" user="sagarawrz07" uid="4831756">
  <nd ref="3725848533"/>
  <nd ref="3725848535"/>
  <nd ref="3725848536"/>
  <nd ref="3725848539"/>
  <nd ref="3725848540"/>
  <nd ref="3725848544"/>
  <nd ref="3725848543"/>
  <nd ref="3725848549"/>
  <nd ref="3725848550"/>
  <nd ref="3725848547"/>
  <nd ref="3725848548"/>
  <nd ref="3725848546"/>
  <nd ref="3725848545"/>
  <nd ref="3725848542"/>
  <nd ref="3725848541"/>
  <nd ref="3725848537"/>
  <nd ref="3725848538"/>
  <nd ref="3725848532"/>
  <nd ref="3725848530"/>
  <nd ref="3725848531"/>
  <nd ref="3725848527"/>
  <nd ref="3725848526"/>
  <nd ref="3725848523"/>
  <nd ref="3725848522"/>
  <nd ref="3725848525"/>
  <nd ref="3725848524"/>
  <nd ref="3725848528"/>
  <nd ref="3725848529"/>
  <nd ref="3725848534"/>
  <nd ref="3725848533"/>
  <tag k="addr:number" v="777/E"/>
  <tag k="building" v="retail"/>
  <tag k="building:levels" v="3"/>
  <tag k="roof:shape" v="gabled"/>
 </way>
 <way id="385360495" visible="true" version="1" changeset="35877710" timestamp="2015-12-11T04:30:12Z" user="lxbarth" uid="589596">
  <nd ref="3532729011"/>
  <nd ref="736207248"/>
  <tag k="highway" v="residential"/>
  <tag k="name" v="2nd Cross Road"/>
  <tag k="name:kn" v="೨ನೇ ಅಡ್ಡ ರಸ್ತೆ"/>
 </way>
 <way id="397044369" visible="true" version="6" changeset="158956663" timestamp="2024-11-10T06:45:28Z" user="Vonter" uid="3926189">
  <nd ref="4174331871"/>
  <nd ref="4174331860"/>
  <nd ref="3998740074"/>
  <nd ref="3998740077"/>
  <nd ref="4174331871"/>
  <tag k="landuse" v="recreation_ground"/>
 </way>
 <way id="416658814" visible="true" version="1" changeset="39194656" timestamp="2016-05-09T06:31:18Z" user="PlaneMad" uid="1306">
  <nd ref="4173957663"/>
  <nd ref="4173957662"/>
  <nd ref="4173957661"/>
  <nd ref="4173957660"/>
  <nd ref="4173957659"/>
  <nd ref="4173957663"/>
  <tag k="building" v="yes"/>
 </way>
 <way id="416690421" visible="true" version="3" changeset="158956663" timestamp="2024-11-10T06:45:28Z" user="Vonter" uid="3926189">
  <nd ref="4174200854"/>
  <nd ref="4174200856"/>
  <nd ref="4174200857"/>
  <nd ref="4174200855"/>
  <nd ref="4174200854"/>
  <tag k="addr:housenumber" v="1050"/>
  <tag k="building" v="residential"/>
 </way>
 <way id="416690426" visible="true" version="3" changeset="158956663" timestamp="2024-11-10T06:45:28Z" user="Vonter" uid="3926189">
  <nd ref="4174200851"/>
  <nd ref="4174200850"/>
  <nd ref="4174200852"/>
  <nd ref="4174200853"/>
  <nd ref="4174200851"/>
  <tag k="addr:housenumber" v="1049"/>
  <tag k="building" v="residential"/>
 </way>
 <way id="416690430" visible="true" version="3" changeset="158956663" timestamp="2024-11-10T06:45:28Z" user="Vonter" uid="3926189">
  <nd ref="4174200866"/>
  <nd ref="4174200868"/>
  <nd ref="4174200869"/>
  <nd ref="4174200867"/>
  <nd ref="4174200866"/>
  <tag k="addr:housenumber" v="1053"/>
  <tag k="building" v="residential"/>
 </way>
 <way id="416690434" visible="true" version="3" changeset="158956663" timestamp="2024-11-10T06:45:28Z" user="Vonter" uid="3926189">
  <nd ref="4174200846"/>
  <nd ref="4174200848"/>
  <nd ref="4174200849"/>
  <nd ref="4174200847"/>
  <nd ref="4174200846"/>
  <tag k="addr:housenumber" v="1048"/>
  <tag k="building" v="residential"/>
 </way>
 <way id="416690439" visible="true" version="3" changeset="158956663" timestamp="2024-11-10T06:45:28Z" user="Vonter" uid="3926189">
  <nd ref="4174200843"/>
  <nd ref="4174200842"/>
  <nd ref="4174200844"/>
  <nd ref="4174200845"/>
  <nd ref="4174200843"/>
  <tag k="addr:housenumber" v="1047"/>
  <tag k="building" v="residential"/>
 </way>
 <way id="416690443" visible="true" version="3" changeset="158956663" timestamp="2024-11-10T06:45:28Z" user="Vonter" uid="3926189">
  <nd ref="4174200863"/>
  <nd ref="4174200862"/>
  <nd ref="4174200864"/>
  <nd ref="4174200865"/>
  <nd ref="4174200863"/>
  <tag k="addr:housenumber" v="1052"/>
  <tag k="building" v="residential"/>
 </way>
 <way id="416690448" visible="true" version="3" changeset="158956663" timestamp="2024-11-10T06:45:28Z" user="Vonter" uid="3926189">
  <nd ref="4174200859"/>
  <nd ref="4174200858"/>
  <nd ref="4174200860"/>
  <nd ref="4174200861"/>
  <nd ref="4174200859"/>
  <tag k="addr:housenumber" v="1051"/>
  <tag k="building" v="residential"/>
 </way>
 <way id="416694600" visible="true" version="2" changeset="170777273" timestamp="2025-08-21T12:48:22Z" user="Aniket K" uid="21905113">
  <nd ref="4174235265"/>
  <nd ref="4174235266"/>
  <nd ref="4174235261"/>
  <nd ref="4174235259"/>
  <nd ref="4174235265"/>
  <tag k="addr:housenumber" v="3320"/>
  <tag k="addr:street" v="12th A Main Road"/>
  <tag k="building" v="yes"/>
 </way>
 <way id="416694623" visible="true" version="3" changeset="170777273" timestamp="2025-08-21T12:49:06Z" user="Aniket K" uid="21905113">
  <nd ref="4174236508"/>
  <nd ref="4174236510"/>
  <nd ref="4174236497"/>
  <nd ref="4174236496"/>
  <nd ref="4174236508"/>
  <tag k="addr:housenumber" v="3316"/>
  <tag k="addr:street" v="7th Cross Road"/>
  <tag k="building" v="yes"/>
 </way>
 <way id="416694630" visible="true" version="3" changeset="170777273" timestamp="2025-08-21T12:49:25Z" user="Aniket K" uid="21905113">
  <nd ref="4174235228"/>
  <nd ref="4174235230"/>
  <nd ref="4174236531"/>
  <nd ref="4174236530"/>
  <nd ref="4174235228"/>
  <tag k="addr:housenumber" v="3305"/>
  <tag k="addr:street" v="8th Cross Road"/>
  <tag k="building" v="yes"/>
 </way>
 <way id="416694651" visible="true" version="4" changeset="170777273" timestamp="2025-08-21T12:47:42Z" user="Aniket K" uid="21905113">
  <nd ref="4174232752"/>
  <nd ref="4174232755"/>
  <nd ref="4174237194"/>
  <nd ref="4174237190"/>
  <nd ref="4174232752"/>
  <tag k="addr:housenumber" v="1094"/>
  <tag k="addr:street" v="12th A Main Road"/>
  <tag k="building" v="house"/>
 </way>
 <way id="416694657" visible="true" version="3" changeset="170777273" timestamp="2025-08-21T12:48:57Z" user="Aniket K" uid="21905113">
  <nd ref="4174235251"/>
  <nd ref="4174235253"/>
  <nd ref="4174235243"/>
  <nd ref="4174235241"/>
  <nd ref="4174235251"/>
  <tag k="addr:housenumber" v="3319"/>
  <tag k="addr:street" v="7th Cross Road"/>
  <tag k="building" v="yes"/>
 </way>
 <way id="416694659" visible="true" version="3" changeset="170777273" timestamp="2025-08-21T12:49:15Z" user="Aniket K" uid="21905113">
  <nd ref="4174231458"/>
  <nd ref="4174231459"/>
  <nd ref="4174231453"/>
  <nd ref="4174231452"/>
  <nd ref="4174231458"/>
  <tag k="addr:housenumber" v="3313"/>
  <tag k="addr:street" v="7th Cross Road"/>
  <tag k="building" v="yes"/>
 </way>
 <way id="416694663" visible="true" version="2" changeset="158956663" timestamp="2024-11-10T06:45:28Z" user="Vonter" uid="3926189">
  <nd ref="4174236493"/>
  <nd ref="4174236495"/>
  <nd ref="4174231488"/>
  <nd ref="3825987957"/>
  <nd ref="4174236493"/>
  <tag k="addr:housenumber" v="3308"/>
  <tag k="addr:street" v="8th Cross"/>
  <tag k="building" v="yes"/>
 </way>
 <way id="416694679" visible="true" version="4" changeset="170777273" timestamp="2025-08-21T12:48:07Z" user="Aniket K" uid="21905113">
  <nd ref="4174232747"/>
  <nd ref="4174232749"/>
  <nd ref="4174235287"/>
  <nd ref="4174235285"/>
  <nd ref="4174232747"/>
  <tag k="addr:housenumber" v="1092"/>
  <tag k="addr:street" v="12th A Main Road"/>
  <tag k="building" v="apartments"/>
 </way>
 <way id="416694701" visible="true" version="3" changeset="170777273" timestamp="2025-08-21T12:49:31Z" user="Aniket K" uid="21905113">
  <nd ref="4174236525"/>
  <nd ref="4174236527"/>
  <nd ref="4174236515"/>
  <nd ref="4174236513"/>
  <nd ref="4174236525"/>
  <tag k="addr:housenumber" v="3306"/>
  <tag k="addr:street" v="8th Cross Road"/>
  <tag k="building" v="yes"/>
 </way>
 <way id="416694724" visible="true" version="5" changeset="170777273" timestamp="2025-08-21T12:47:17Z" user="Aniket K" uid="21905113">
  <nd ref="4174232758"/>
  <nd ref="12059577694"/>
  <nd ref="12059577695"/>
  <nd ref="4174232761"/>
  <nd ref="4174237197"/>
  <nd ref="4174237195"/>
  <nd ref="4174232758"/>
  <tag k="addr:housenumber" v="1095"/>
  <tag k="addr:street" v="12th A Main Road"/>
  <tag k="building" v="apartments"/>
 </way>
 <way id="416694741" visible="true" version="2" changeset="158956663" timestamp="2024-11-10T06:45:28Z" user="Vonter" uid="3926189">
  <nd ref="4174231446"/>
  <nd ref="4174231448"/>
  <nd ref="4174231439"/>
  <nd ref="4174231438"/>
  <nd ref="4174231446"/>
  <tag k="addr:housenumber" v="3312"/>
  <tag k="building" v="yes"/>
 </way>
 <way id="416694745" visible="true" version="3" changeset="170777273" timestamp="2025-08-21T12:49:37Z" user="Aniket K" uid="21905113">
  <nd ref="4174231483"/>
  <nd ref="4174231484"/>
  <nd ref="4174231470"/>
  <nd ref="4174231465"/>
  <nd ref="4174231483"/>
  <tag k="addr:housenumber" v="3309"/>
  <tag k="addr:street" v="8th Cross Road"/>
  <tag k="building" v="yes"/>
 </way>
 <way id="416694754" visible="true" version="3" changeset="170777273" timestamp="2025-08-21T12:49:34Z" user="Aniket K" uid="21905113">
  <nd ref="4174236506"/>
  <nd ref="4174236507"/>
  <nd ref="4174236501"/>
  <nd ref="4174236498"/>
  <nd ref="4174236506"/>
  <tag k="addr:housenumber" v="3307"/>
  <tag k="addr:street" v="8th Cross Road"/>
  <tag k="building" v="yes"/>
 </way>
 <way id="416694770" visible="true" version="4" changeset="170777273" timestamp="2025-08-21T12:47:51Z" user="Aniket K" uid="21905113">
  <nd ref="4174232756"/>
  <nd ref="4174232759"/>
  <nd ref="4174237193"/>
  <nd ref="4174237191"/>
  <nd ref="4174232756"/>
  <tag k="addr:housenumber" v="1093"/>
  <tag k="addr:street" v="12th A Main Road"/>
  <tag k="building" v="apartments"/>
 </way>
 <way id="416694785" visible="true" version="3" changeset="170777273" timestamp="2025-08-21T12:49:03Z" user="Aniket K" uid="21905113">
  <nd ref="4174236526"/>
  <nd ref="4174236529"/>
  <nd ref="4174236517"/>
  <nd ref="4174236514"/>
  <nd ref="4174236526"/>
  <tag k="addr:housenumber" v="3317"/>
  <tag k="addr:street" v="7th Cross Road"/>
  <tag k="building" v="yes"/>
 </way>
 <way id="416694792" visible="true" version="3" changeset="170777273" timestamp="2025-08-21T12:49:00Z" user="Aniket K" uid="21905113">
  <nd ref="4174235231"/>
  <nd ref="4174235235"/>
  <nd ref="4174236533"/>
  <nd ref="4174236532"/>
  <nd ref="4174235231"/>
  <tag k="addr:housenumber" v="3318"/>
  <tag k="addr:street" v="7th Cross Road"/>
  <tag k="building" v="yes"/>
 </way>
 <way id="416694820" visible="true" version="3" changeset="158956663" timestamp="2024-11-10T06:45:28Z" user="Vonter" uid="3926189">
  <nd ref="4174231442"/>
  <nd ref="4174231443"/>
  <nd ref="4174231437"/>
  <nd ref="4174231436"/>
  <nd ref="4174231442"/>
  <tag k="addr:housenumber" v="3311"/>
  <tag k="building" v="yes"/>
  <tag k="name" v="IOS Relocations"/>
 </way>
 <way id="416694824" visible="true" version="3" changeset="170777273" timestamp="2025-08-21T12:49:12Z" user="Aniket K" uid="21905113">
  <nd ref="4174231485"/>
  <nd ref="4174231487"/>
  <nd ref="4174231469"/>
  <nd ref="4174231466"/>
  <nd ref="4174231485"/>
  <tag k="addr:housenumber" v="3314"/>
  <tag k="addr:street" v="7th Cross Road"/>
  <tag k="building" v="yes"/>
 </way>
 <way id="416694826" visible="true" version="4" changeset="170777273" timestamp="2025-08-21T12:49:21Z" user="Aniket K" uid="21905113">
  <nd ref="4174235252"/>
  <nd ref="4174235255"/>
  <nd ref="4174235239"/>
  <nd ref="4174235237"/>
  <nd ref="4174235252"/>
  <tag k="addr:housenumber" v="3304"/>
  <tag k="addr:street" v="8th Cross Road"/>
  <tag k="building" v="apartments"/>
 </way>
 <way id="416694829" visible="true" version="3" changeset="170777273" timestamp="2025-08-21T12:49:40Z" user="Aniket K" uid="21905113">
  <nd ref="4174231454"/>
  <nd ref="4174231457"/>
  <nd ref="4174231451"/>
  <nd ref="4174231450"/>
  <nd ref="4174231454"/>
  <tag k="addr:housenumber" v="3310"/>
  <tag k="addr:street" v="8th Cross Road"/>
  <tag k="building" v="yes"/>
 </way>
 <way id="416699204" visible="true" version="4" changeset="158956663" timestamp="2024-11-10T06:45:28Z" user="Vonter" uid="3926189">
  <nd ref="4174250981"/>
  <nd ref="4174250982"/>
  <nd ref="4174258857"/>
  <nd ref="4174258853"/>
  <nd ref="4174250981"/>
  <tag k="addr:housenumber" v="3332"/>
  <tag k="addr:street" v="7th Cross Road"/>
  <tag k="building" v="yes"/>
 </way>
 <way id="416699207" visible="true" version="3" changeset="170777273" timestamp="2025-08-21T12:43:18Z" user="Aniket K" uid="21905113">
  <nd ref="4174258837"/>
  <nd ref="4174258839"/>
  <nd ref="4174258831"/>
  <nd ref="4174258830"/>
  <nd ref="4174258837"/>
  <tag k="addr:housenumber" v="3342"/>
  <tag k="addr:street" v="6th Cross Road"/>
  <tag k="building" v="yes"/>
 </way>
 <way id="416699211" visible="true" version="4" changeset="158956663" timestamp="2024-11-10T06:45:28Z" user="Vonter" uid="3926189">
  <nd ref="4174255887"/>
  <nd ref="4174258790"/>
  <nd ref="4174255884"/>
  <nd ref="4174255880"/>
  <nd ref="4174255887"/>
  <tag k="addr:housenumber" v="3332"/>
  <tag k="addr:street" v="6th Cross Road"/>
  <tag k="building" v="yes"/>
 </way>
 <way id="416699215" visible="true" version="3" changeset="170777273" timestamp="2025-08-21T12:43:41Z" user="Aniket K" uid="21905113">
  <nd ref="4174258808"/>
  <nd ref="4174258810"/>
  <nd ref="4174258800"/>
  <nd ref="4174258799"/>
  <nd ref="4174258808"/>
  <tag k="addr:housenumber" v="3351"/>
  <tag k="addr:street" v="5th Cross Road"/>
  <tag k="building" v="yes"/>
 </way>
 <way id="416699219" visible="true" version="4" changeset="158956663" timestamp="2024-11-10T06:45:28Z" user="Vonter" uid="3926189">
  <nd ref="4174258820"/>
  <nd ref="4174258821"/>
  <nd ref="4174258812"/>
  <nd ref="4174258809"/>
  <nd ref="4174258820"/>
  <tag k="addr:housenumber" v="3334"/>
  <tag k="addr:street" v="6th Cross Road"/>
  <tag k="building" v="yes"/>
 </way>
 <way id="416699222" visible="true" version="4" changeset="158956663" timestamp="2024-11-10T06:45:28Z" user="Vonter" uid="3926189">
  <nd ref="4174258850"/>
  <nd ref="4174258851"/>
  <nd ref="4174258842"/>
  <nd ref="4174258840"/>
  <nd ref="4174258850"/>
  <tag k="addr:housenumber" v="3323"/>
  <tag k="addr:street" v="7th Cross Road"/>
  <tag k="building" v="yes"/>
 </way>
 <way id="416699227" visible="true" version="3" changeset="170777273" timestamp="2025-08-21T12:42:46Z" user="Aniket K" uid="21905113">
  <nd ref="4174255886"/>
  <nd ref="4174255888"/>
  <nd ref="4174255882"/>
  <nd ref="4174255879"/>
  <nd ref="4174255886"/>
  <tag k="addr:housenumber" v="3345"/>
  <tag k="addr:street" v="6th Cross Road"/>
  <tag k="building" v="yes"/>
 </way>
 <way id="416699231" visible="true" version="3" changeset="170777273" timestamp="2025-08-21T12:43:22Z" user="Aniket K" uid="21905113">
  <nd ref="4174258855"/>
  <nd ref="4174258856"/>
  <nd ref="4174258847"/>
  <nd ref="4174258845"/>
  <nd ref="4174258855"/>
  <tag k="addr:housenumber" v="3341"/>
  <tag k="addr:street" v="6th Cross Road"/>
  <tag k="building" v="yes"/>
 </way>
 <way id="416699234" visible="true" version="3" changeset="170777273" timestamp="2025-08-21T12:42:42Z" user="Aniket K" uid="21905113">
  <nd ref="4174255871"/>
  <nd ref="4174255873"/>
  <nd ref="4174255863"/>
  <nd ref="4174255861"/>
  <nd ref="4174255871"/>
  <tag k="addr:housenumber" v="3346"/>
  <tag k="addr:street" v="6th Cross Road"/>
  <tag k="building" v="yes"/>
 </way>
 <way id="416699238" visible="true" version="4" changeset="158956663" timestamp="2024-11-10T06:45:28Z" user="Vonter" uid="3926189">
  <nd ref="4174250983"/>
  <nd ref="4174250984"/>
  <nd ref="4174250976"/>
  <nd ref="4174250974"/>
  <nd ref="4174250983"/>
  <tag k="addr:housenumber" v="3337"/>
  <tag k="addr:street" v="6th Cross Road"/>
  <tag k="building" v="yes"/>
 </way>
 <way id="416699242" visible="true" version="4" changeset="158956663" timestamp="2024-11-10T06:45:28Z" user="Vonter" uid="3926189">
  <nd ref="4174258802"/>
  <nd ref="4174258804"/>
  <nd ref="4174258798"/>
  <nd ref="4174258797"/>
  <nd ref="4174258802"/>
  <tag k="addr:housenumber" v="3333"/>
  <tag k="addr:street" v="6th Cross Road"/>
  <tag k="building" v="yes"/>
 </way>
 <way id="416699245" visible="true" version="4" changeset="158956663" timestamp="2024-11-10T06:45:28Z" user="Vonter" uid="3926189">
  <nd ref="12328218538"/>
  <nd ref="4174255876"/>
  <nd ref="4174255865"/>
  <nd ref="4174255864"/>
  <nd ref="12328218538"/>
  <tag k="addr:housenumber" v="3331"/>
  <tag k="addr:street" v="6th Cross Road"/>
  <tag k="building" v="yes"/>
 </way>
 <way id="416699250" visible="true" version="3" changeset="170777273" timestamp="2025-08-21T12:43:44Z" user="Aniket K" uid="21905113">
  <nd ref="4174258816"/>
  <nd ref="4174258814"/>
  <nd ref="4174258826"/>
  <nd ref="4174258828"/>
  <nd ref="4174258816"/>
  <tag k="addr:housenumber" v="3352"/>
  <tag k="addr:street" v="5th Cross Road"/>
  <tag k="building" v="yes"/>
 </way>
 <way id="416699254" visible="true" version="4" changeset="158956663" timestamp="2024-11-10T06:45:28Z" user="Vonter" uid="3926189">
  <nd ref="4174258818"/>
  <nd ref="4174258819"/>
  <nd ref="4174258811"/>
  <nd ref="4174258807"/>
  <nd ref="4174258818"/>
  <tag k="addr:housenumber" v="3324"/>
  <tag k="addr:street" v="7th Cross Road"/>
  <tag k="building" v="yes"/>
 </way>
 <way id="416699257" visible="true" version="4" changeset="158956663" timestamp="2024-11-10T06:45:28Z" user="Vonter" uid="3926189">
  <nd ref="12328218539"/>
  <nd ref="4174258836"/>
  <nd ref="4174258825"/>
  <nd ref="4174258822"/>
  <nd ref="12328218539"/>
  <tag k="addr:housenumber" v="3324"/>
  <tag k="addr:street" v="7th Cross Road"/>
  <tag k="building" v="yes"/>
 </way>
 <way id="416699260" visible="true" version="3" changeset="170777273" timestamp="2025-08-21T12:43:25Z" user="Aniket K" uid="21905113">
  <nd ref="4174250985"/>
  <nd ref="4174250986"/>
  <nd ref="4174250978"/>
  <nd ref="4174250977"/>
  <nd ref="4174250985"/>
  <tag k="addr:housenumber" v="3340"/>
  <tag k="addr:street" v="6th Cross Road"/>
  <tag k="building" v="yes"/>
 </way>
 <way id="416699265" visible="true" version="3" changeset="170777273" timestamp="2025-08-21T12:43:34Z" user="Aniket K" uid="21905113">
  <nd ref="4174255874"/>
  <nd ref="4174255875"/>
  <nd ref="4174255867"/>
  <nd ref="4174255866"/>
  <nd ref="4174255874"/>
  <tag k="addr:housenumber" v="3349"/>
  <tag k="addr:street" v="5th Cross Road"/>
  <tag k="building" v="yes"/>
 </way>
 <way id="416699268" visible="true" version="3" changeset="170777273" timestamp="2025-08-21T12:43:47Z" user="Aniket K" uid="21905113">
  <nd ref="4174258841"/>
  <nd ref="4174258843"/>
  <nd ref="4174258833"/>
  <nd ref="4174258832"/>
  <nd ref="4174258841"/>
  <tag k="addr:housenumber" v="3353"/>
  <tag k="addr:street" v="5th Cross Road"/>
  <tag k="building" v="yes"/>
 </way>
 <way id="416699272" visible="true" version="4" changeset="158956663" timestamp="2024-11-10T06:45:28Z" user="Vonter" uid="3926189">
  <nd ref="4174258852"/>
  <nd ref="4174258854"/>
  <nd ref="4174258846"/>
  <nd ref="4174258844"/>
  <nd ref="4174258852"/>
  <tag k="addr:housenumber" v="3336"/>
  <tag k="addr:street" v="6th Cross Road"/>
  <tag k="building" v="yes"/>
 </way>
 <way id="416699276" visible="true" version="3" changeset="170777273" timestamp="2025-08-21T12:43:15Z" user="Aniket K" uid="21905113">
  <nd ref="4174258823"/>
  <nd ref="4174258827"/>
  <nd ref="4174258817"/>
  <nd ref="4174258815"/>
  <nd ref="4174258823"/>
  <tag k="addr:housenumber" v="3343"/>
  <tag k="addr:street" v="6th Cross Road"/>
  <tag k="building" v="yes"/>
 </way>
 <way id="416699280" visible="true" version="4" changeset="158956663" timestamp="2024-11-10T06:45:28Z" user="Vonter" uid="3926189">
  <nd ref="4174255885"/>
  <nd ref="4174258789"/>
  <nd ref="4174255878"/>
  <nd ref="4174255877"/>
  <nd ref="4174255885"/>
  <tag k="addr:housenumber" v="3327"/>
  <tag k="addr:street" v="7th Cross Road"/>
  <tag k="building" v="yes"/>
 </way>
 <way id="416699284" visible="true" version="3" changeset="170777273" timestamp="2025-08-21T12:43:00Z" user="Aniket K" uid="21905113">
  <nd ref="12328218537"/>
  <nd ref="4174258806"/>
  <nd ref="4174258796"/>
  <nd ref="4174258795"/>
  <nd ref="12328218537"/>
  <tag k="addr:housenumber" v="3344"/>
  <tag k="addr:street" v="6th Cross Road"/>
  <tag k="building" v="yes"/>
 </way>
 <way id="416699287" visible="true" version="4" changeset="158956663" timestamp="2024-11-10T06:45:28Z" user="Vonter" uid="3926189">
  <nd ref="4174258801"/>
  <nd ref="4174258803"/>
  <nd ref="4174258794"/>
  <nd ref="4174258793"/>
  <nd ref="4174258801"/>
  <tag k="addr:housenumber" v="3326"/>
  <tag k="addr:street" v="7th Cross Road"/>
  <tag k="building" v="yes"/>
 </way>
 <way id="416699292" visible="true" version="4" changeset="158956663" timestamp="2024-11-10T06:45:28Z" user="Vonter" uid="3926189">
  <nd ref="4174258835"/>
  <nd ref="4174258838"/>
  <nd ref="4174258829"/>
  <nd ref="4174258824"/>
  <nd ref="4174258835"/>
  <tag k="addr:housenumber" v="3335"/>
  <tag k="addr:street" v="6th Cross Road"/>
  <tag k="building" v="yes"/>
 </way>
 <way id="416699295" visible="true" version="3" changeset="170777273" timestamp="2025-08-21T12:43:52Z" user="Aniket K" uid="21905113">
  <nd ref="4174250987"/>
  <nd ref="4174250988"/>
  <nd ref="4174250980"/>
  <nd ref="4174250979"/>
  <nd ref="4174250987"/>
  <tag k="addr:housenumber" v="3355"/>
  <tag k="addr:street" v="5th Cross Road"/>
  <tag k="building" v="yes"/>
 </way>
 <way id="416699299" visible="true" version="3" changeset="170777273" timestamp="2025-08-21T12:43:37Z" user="Aniket K" uid="21905113">
  <nd ref="4174255883"/>
  <nd ref="4174255881"/>
  <nd ref="4174258791"/>
  <nd ref="4174258792"/>
  <nd ref="4174255883"/>
  <tag k="addr:housenumber" v="3350"/>
  <tag k="addr:street" v="5th Cross Road"/>
  <tag k="building" v="yes"/>
 </way>
 <way id="416699302" visible="true" version="3" changeset="170777273" timestamp="2025-08-21T12:43:49Z" user="Aniket K" uid="21905113">
  <nd ref="4174258858"/>
  <nd ref="4174250975"/>
  <nd ref="4174258849"/>
  <nd ref="4174258848"/>
  <nd ref="4174258858"/>
  <tag k="addr:housenumber" v="3354"/>
  <tag k="addr:street" v="5th Cross Road"/>
  <tag k="building" v="yes"/>
 </way>
 <way id="416699307" visible="true" version="3" changeset="158956663" timestamp="2024-11-10T06:45:28Z" user="Vonter" uid="3926189">
  <nd ref="4174255869"/>
  <nd ref="4174255870"/>
  <nd ref="4174255862"/>
  <nd ref="4174255860"/>
  <nd ref="4174255869"/>
  <tag k="addr:housenumber" v="3328"/>
  <tag k="building" v="yes"/>
 </way>
 <way id="416699310" visible="true" version="4" changeset="154065223" timestamp="2024-07-17T16:05:44Z" user="Vonter" uid="3926189">
  <nd ref="12059577683"/>
  <nd ref="12059577684"/>
  <nd ref="9288431552"/>
  <nd ref="9288431551"/>
  <nd ref="12059577692"/>
  <nd ref="12059577688"/>
  <nd ref="12059577683"/>
  <tag k="landuse" v="retail"/>
 </way>
 <way id="416706987" visible="true" version="3" changeset="162015801" timestamp="2025-02-01T15:42:12Z" user="Vonter" uid="3926189">
  <nd ref="4174305292"/>
  <nd ref="4174305293"/>
  <nd ref="4174305291"/>
  <nd ref="4174305290"/>
  <nd ref="4174305292"/>
  <tag k="addr:housenumber" v="779"/>
  <tag k="building" v="yes"/>
 </way>
 <way id="416707010" visible="true" version="3" changeset="162015801" timestamp="2025-02-01T15:42:12Z" user="Vonter" uid="3926189">
  <nd ref="12549210846"/>
  <nd ref="4174305309"/>
  <nd ref="4174305307"/>
  <nd ref="4174305306"/>
  <nd ref="12549210846"/>
  <tag k="addr:housenumber" v="783"/>
  <tag k="building" v="yes"/>
 </way>
 <way id="416707092" visible="true" version="3" changeset="162015801" timestamp="2025-02-01T15:42:12Z" user="Vonter" uid="3926189">
  <nd ref="4174305304"/>
  <nd ref="4174305305"/>
  <nd ref="4174305303"/>
  <nd ref="4174305302"/>
  <nd ref="4174305304"/>
  <tag k="addr:housenumber" v="782"/>
  <tag k="building" v="yes"/>
 </way>
 <way id="416707178" visible="true" version="3" changeset="162015801" timestamp="2025-02-01T15:42:12Z" user="Vonter" uid="3926189">
  <nd ref="4174305296"/>
  <nd ref="4174305297"/>
  <nd ref="4174305295"/>
  <nd ref="4174305294"/>
  <nd ref="4174305296"/>
  <tag k="addr:housenumber" v="780"/>
  <tag k="building" v="yes"/>
 </way>
 <way id="416707181" visible="true" version="3" changeset="162015801" timestamp="2025-02-01T15:42:12Z" user="Vonter" uid="3926189">
  <nd ref="4174305300"/>
  <nd ref="4174305301"/>
  <nd ref="4174305299"/>
  <nd ref="4174305298"/>
  <nd ref="4174305300"/>
  <tag k="addr:housenumber" v="781"/>
  <tag k="building" v="yes"/>
 </way>
 <way id="416710936" visible="true" version="2" changeset="162015801" timestamp="2025-02-01T15:42:12Z" user="Vonter" uid="3926189">
  <nd ref="4174333746"/>
  <nd ref="4174333751"/>
  <nd ref="4174335189"/>
  <nd ref="4174331886"/>
  <nd ref="4174333746"/>
  <tag k="addr:housenumber" v="3778"/>
  <tag k="building" v="yes"/>
 </way>
 <way id="416710941" visible="true" version="2" changeset="170777273" timestamp="2025-08-21T12:41:00Z" user="Aniket K" uid="21905113">
  <nd ref="4174331815"/>
  <nd ref="4174331811"/>
  <nd ref="4174331812"/>
  <nd ref="4174331818"/>
  <nd ref="4174331815"/>
  <tag k="addr:housenumber" v="54"/>
  <tag k="addr:street" v="13th C Main"/>
  <tag k="building" v="yes"/>
 </way>
 <way id="416710946" visible="true" version="1" changeset="39197893" timestamp="2016-05-09T18:29:28Z" user="PlaneMad" uid="1306">
  <nd ref="4174331858"/>
  <nd ref="4174331857"/>
  <nd ref="4174331834"/>
  <nd ref="4174331837"/>
  <nd ref="4174331858"/>
  <tag k="addr:housenumber" v="72"/>
  <tag k="building" v="yes"/>
 </way>
 <way id="416710950" visible="true" version="2" changeset="168914156" timestamp="2025-07-14T12:10:25Z" user="Vonter" uid="3926189">
  <nd ref="4174335204"/>
  <nd ref="4174335199"/>
  <nd ref="4174331880"/>
  <nd ref="4174331883"/>
  <nd ref="4174335204"/>
  <tag k="addr:housenumber" v="76"/>
  <tag k="building" v="yes"/>
 </way>
 <way id="416710954" visible="true" version="2" changeset="162015801" timestamp="2025-02-01T15:42:12Z" user="Vonter" uid="3926189">
  <nd ref="4174333738"/>
  <nd ref="4174333743"/>
  <nd ref="4174331878"/>
  <nd ref="4174331877"/>
  <nd ref="4174333738"/>
  <tag k="building" v="yes"/>
 </way>
 <way id="416710958" visible="true" version="2" changeset="162015801" timestamp="2025-02-01T15:42:12Z" user="Vonter" uid="3926189">
  <nd ref="4174333760"/>
  <nd ref="4174333763"/>
  <nd ref="4174331887"/>
  <nd ref="4174331884"/>
  <nd ref="4174333760"/>
  <tag k="building" v="yes"/>
 </way>
 <way id="416710962" visible="true" version="2" changeset="168914156" timestamp="2025-07-14T12:10:25Z" user="Vonter" uid="3926189">
  <nd ref="4174333786"/>
  <nd ref="4174333781"/>
  <nd ref="4174333744"/>
  <nd ref="4174333758"/>
  <nd ref="4174333786"/>
  <tag k="building" v="yes"/>
 </way>
 <way id="416710966" visible="true" version="2" changeset="168914156" timestamp="2025-07-14T12:10:25Z" user="Vonter" uid="3926189">
  <nd ref="4174333769"/>
  <nd ref="4174335502"/>
  <nd ref="4174335505"/>
  <nd ref="4174333773"/>
  <nd ref="4174333769"/>
  <tag k="building" v="yes"/>
 </way>
 <way id="416710970" visible="true" version="2" changeset="168914156" timestamp="2025-07-14T12:10:25Z" user="Vonter" uid="3926189">
  <nd ref="4174335494"/>
  <nd ref="4174335492"/>
  <nd ref="4174333771"/>
  <nd ref="12999130481"/>
  <nd ref="4174335494"/>
  <tag k="building" v="yes"/>
 </way>
 <way id="416710973" visible="true" version="2" changeset="168914156" timestamp="2025-07-14T12:10:25Z" user="Vonter" uid="3926189">
  <nd ref="4174333747"/>
  <nd ref="4174333741"/>
  <nd ref="4174335193"/>
  <nd ref="4174335194"/>
  <nd ref="4174333747"/>
  <tag k="building" v="yes"/>
 </way>
 <way id="416710980" visible="true" version="1" changeset="39197893" timestamp="2016-05-09T18:29:31Z" user="PlaneMad" uid="1306">
  <nd ref="4174331861"/>
  <nd ref="4174331859"/>
  <nd ref="4174331838"/>
  <nd ref="4174331841"/>
  <nd ref="4174331861"/>
  <tag k="building" v="yes"/>
 </way>
 <way id="416710984" visible="true" version="1" changeset="39197893" timestamp="2016-05-09T18:29:31Z" user="PlaneMad" uid="1306">
  <nd ref="4174335508"/>
  <nd ref="4174335509"/>
  <nd ref="4174333779"/>
  <nd ref="4174333776"/>
  <nd ref="4174335508"/>
  <tag k="building" v="yes"/>
 </way>
 <way id="416710989" visible="true" version="1" changeset="39197893" timestamp="2016-05-09T18:29:32Z" user="PlaneMad" uid="1306">
  <nd ref="4174331814"/>
  <nd ref="4174331813"/>
  <nd ref="4174331807"/>
  <nd ref="4174331808"/>
  <nd ref="4174331814"/>
  <tag k="building" v="yes"/>
 </way>
 <way id="416710992" visible="true" version="1" changeset="39197893" timestamp="2016-05-09T18:29:32Z" user="PlaneMad" uid="1306">
  <nd ref="4174331836"/>
  <nd ref="4174331824"/>
  <nd ref="4174331826"/>
  <nd ref="4174331839"/>
  <nd ref="4174331836"/>
  <tag k="building" v="yes"/>
 </way>
 <way id="416711000" visible="true" version="1" changeset="39197893" timestamp="2016-05-09T18:29:33Z" user="PlaneMad" uid="1306">
  <nd ref="4174331865"/>
  <nd ref="4174331864"/>
  <nd ref="4174331845"/>
  <nd ref="4174331848"/>
  <nd ref="4174331865"/>
  <tag k="building" v="yes"/>
 </way>
 <way id="416711009" visible="true" version="2" changeset="168914156" timestamp="2025-07-14T12:10:25Z" user="Vonter" uid="3926189">
  <nd ref="4174335506"/>
  <nd ref="4174335507"/>
  <nd ref="4174333778"/>
  <nd ref="4174333777"/>
  <nd ref="4174335506"/>
  <tag k="building" v="yes"/>
 </way>
 <way id="416711012" visible="true" version="1" changeset="39197893" timestamp="2016-05-09T18:29:34Z" user="PlaneMad" uid="1306">
  <nd ref="4174331876"/>
  <nd ref="4174331872"/>
  <nd ref="4174331853"/>
  <nd ref="4174331855"/>
  <nd ref="4174331876"/>
  <tag k="building" v="yes"/>
 </way>
 <way id="416711016" visible="true" version="1" changeset="39197893" timestamp="2016-05-09T18:29:34Z" user="PlaneMad" uid="1306">
  <nd ref="4174333783"/>
  <nd ref="4174333780"/>
  <nd ref="4174335202"/>
  <nd ref="4174333736"/>
  <nd ref="4174333783"/>
  <tag k="building" v="yes"/>
 </way>
 <way id="416711036" visible="true" version="1" changeset="39197893" timestamp="2016-05-09T18:29:37Z" user="PlaneMad" uid="1306">
  <nd ref="4174335499"/>
  <nd ref="4174333772"/>
  <nd ref="4174333767"/>
  <nd ref="4174335498"/>
  <nd ref="4174335499"/>
  <tag k="building" v="yes"/>
 </way>
 <way id="416711040" visible="true" version="2" changeset="168914156" timestamp="2025-07-14T12:10:25Z" user="Vonter" uid="3926189">
  <nd ref="12999130480"/>
  <nd ref="4174335490"/>
  <nd ref="4174333762"/>
  <nd ref="4174333768"/>
  <nd ref="12999130480"/>
  <tag k="building" v="yes"/>
 </way>
 <way id="416711043" visible="true" version="2" changeset="168914156" timestamp="2025-07-14T12:10:25Z" user="Vonter" uid="3926189">
  <nd ref="12999130469"/>
  <nd ref="4174335503"/>
  <nd ref="4174333774"/>
  <nd ref="4174333770"/>
  <nd ref="12999130469"/>
  <tag k="building" v="yes"/>
 </way>
 <way id="416711047" visible="true" version="2" changeset="168914156" timestamp="2025-07-14T12:10:25Z" user="Vonter" uid="3926189">
  <nd ref="4174333759"/>
  <nd ref="4174333750"/>
  <nd ref="4174335195"/>
  <nd ref="4174335196"/>
  <nd ref="4174333759"/>
  <tag k="building" v="yes"/>
 </way>
 <way id="416711050" visible="true" version="1" changeset="39197893" timestamp="2016-05-09T18:29:38Z" user="PlaneMad" uid="1306">
  <nd ref="4174331840"/>
  <nd ref="4174331823"/>
  <nd ref="4174331825"/>
  <nd ref="4174331842"/>
  <nd ref="4174331840"/>
  <tag k="building" v="yes"/>
 </way>
 <way id="416711054" visible="true" version="1" changeset="39197893" timestamp="2016-05-09T18:29:39Z" user="PlaneMad" uid="1306">
  <nd ref="4174331863"/>
  <nd ref="4174331862"/>
  <nd ref="4174331843"/>
  <nd ref="4174331846"/>
  <nd ref="4174331863"/>
  <tag k="building" v="yes"/>
 </way>
 <way id="416711060" visible="true" version="1" changeset="39197893" timestamp="2016-05-09T18:29:39Z" user="PlaneMad" uid="1306">
  <nd ref="4174331870"/>
  <nd ref="4174331867"/>
  <nd ref="4174331850"/>
  <nd ref="4174331852"/>
  <nd ref="4174331870"/>
  <tag k="building" v="yes"/>
 </way>
 <way id="416711064" visible="true" version="1" changeset="39197893" timestamp="2016-05-09T18:29:40Z" user="PlaneMad" uid="1306">
  <nd ref="4174333761"/>
  <nd ref="4174333766"/>
  <nd ref="4174335191"/>
  <nd ref="4174331888"/>
  <nd ref="4174333761"/>
  <tag k="building" v="yes"/>
 </way>
 <way id="416711067" visible="true" version="2" changeset="162015801" timestamp="2025-02-01T15:42:12Z" user="Vonter" uid="3926189">
  <nd ref="4174333737"/>
  <nd ref="4174333742"/>
  <nd ref="4174331881"/>
  <nd ref="4174331879"/>
  <nd ref="4174333737"/>
  <tag k="building" v="yes"/>
 </way>
 <way id="416711071" visible="true" version="2" changeset="168914156" timestamp="2025-07-14T12:10:25Z" user="Vonter" uid="3926189">
  <nd ref="4174333788"/>
  <nd ref="4174333785"/>
  <nd ref="4174333757"/>
  <nd ref="4174333765"/>
  <nd ref="4174333788"/>
  <tag k="building" v="yes"/>
 </way>
 <way id="416711075" visible="true" version="2" changeset="162015801" timestamp="2025-02-01T15:42:12Z" user="Vonter" uid="3926189">
  <nd ref="4174333749"/>
  <nd ref="4174333754"/>
  <nd ref="4174335192"/>
  <nd ref="4174335190"/>
  <nd ref="4174333749"/>
  <tag k="building" v="yes"/>
 </way>
 <way id="416711077" visible="true" version="1" changeset="39197893" timestamp="2016-05-09T18:29:41Z" user="PlaneMad" uid="1306">
  <nd ref="4174331816"/>
  <nd ref="4174331809"/>
  <nd ref="4174331810"/>
  <nd ref="4174331817"/>
  <nd ref="4174331816"/>
  <tag k="building" v="yes"/>
 </way>
 <way id="416711081" visible="true" version="1" changeset="39197893" timestamp="2016-05-09T18:29:42Z" user="PlaneMad" uid="1306">
  <nd ref="4174331832"/>
  <nd ref="4174331831"/>
  <nd ref="4174331819"/>
  <nd ref="4174331820"/>
  <nd ref="4174331832"/>
  <tag k="building" v="yes"/>
 </way>
 <way id="416711085" visible="true" version="2" changeset="168914156" timestamp="2025-07-14T12:10:25Z" user="Vonter" uid="3926189">
  <nd ref="4174333764"/>
  <nd ref="4174333755"/>
  <nd ref="12999130479"/>
  <nd ref="4174335198"/>
  <nd ref="4174333764"/>
  <tag k="building" v="yes"/>
 </way>
 <way id="416711089" visible="true" version="2" changeset="168914156" timestamp="2025-07-14T12:10:25Z" user="Vonter" uid="3926189">
  <nd ref="4174333740"/>
  <nd ref="4174335205"/>
  <nd ref="12999130478"/>
  <nd ref="4174331885"/>
  <nd ref="4174333740"/>
  <tag k="building" v="yes"/>
 </way>
 <way id="416711096" visible="true" version="1" changeset="39197893" timestamp="2016-05-09T18:29:43Z" user="PlaneMad" uid="1306">
  <nd ref="4174331844"/>
  <nd ref="4174331828"/>
  <nd ref="4174331830"/>
  <nd ref="4174331847"/>
  <nd ref="4174331844"/>
  <tag k="building" v="yes"/>
 </way>
 <way id="416711098" visible="true" version="4" changeset="170777273" timestamp="2025-08-21T12:42:05Z" user="Aniket K" uid="21905113">
  <nd ref="4174335512"/>
  <nd ref="4174335513"/>
  <nd ref="4174335511"/>
  <nd ref="4174335510"/>
  <nd ref="4174335512"/>
  <tag k="addr:housenumber" v="3330"/>
  <tag k="addr:street" v="6th Cross Road"/>
  <tag k="building" v="yes"/>
 </way>
 <way id="416711102" visible="true" version="1" changeset="39197893" timestamp="2016-05-09T18:29:44Z" user="PlaneMad" uid="1306">
  <nd ref="4174331835"/>
  <nd ref="4174331833"/>
  <nd ref="4174331821"/>
  <nd ref="4174331822"/>
  <nd ref="4174331835"/>
  <tag k="building" v="yes"/>
 </way>
 <way id="416711110" visible="true" version="1" changeset="39197893" timestamp="2016-05-09T18:29:44Z" user="PlaneMad" uid="1306">
  <nd ref="4174331856"/>
  <nd ref="4174331854"/>
  <nd ref="4174331827"/>
  <nd ref="4174331829"/>
  <nd ref="4174331856"/>
  <tag k="building" v="yes"/>
 </way>
 <way id="416711113" visible="true" version="1" changeset="39197893" timestamp="2016-05-09T18:29:45Z" user="PlaneMad" uid="1306">
  <nd ref="4174331868"/>
  <nd ref="4174331866"/>
  <nd ref="4174331849"/>
  <nd ref="4174331851"/>
  <nd ref="4174331868"/>
  <tag k="building" v="yes"/>
 </way>
 <way id="416736209" visible="true" version="2" changeset="130726460" timestamp="2022-12-31T15:55:17Z" user="Vonter" uid="3926189">
  <nd ref="4174514277"/>
  <nd ref="10296978083"/>
  <nd ref="4174514274"/>
  <nd ref="4174514273"/>
  <nd ref="4174514277"/>
  <tag k="landuse" v="residential"/>
 </way>
 <way id="416736239" visible="true" version="2" changeset="120122271" timestamp="2022-04-24T12:27:11Z" user="Vonter" uid="3926189">
  <nd ref="2268121092"/>
  <nd ref="9689613631"/>
  <nd ref="4174514268"/>
  <nd ref="9689613630"/>
  <nd ref="4174514271"/>
  <nd ref="4174514247"/>
  <nd ref="4174514248"/>
  <nd ref="2268121092"/>
  <tag k="landuse" v="commercial"/>
 </way>
 <way id="416736247" visible="true" version="1" changeset="39199457" timestamp="2016-05-09T19:35:36Z" user="PlaneMad" uid="1306">
  <nd ref="1485671130"/>
  <nd ref="1485671136"/>
  <nd ref="1485671137"/>
  <nd ref="4174514265"/>
  <nd ref="4174514260"/>
  <nd ref="1485671130"/>
  <tag k="landuse" v="residential"/>
 </way>
 <way id="416736253" visible="true" version="3" changeset="141871774" timestamp="2023-09-28T16:17:39Z" user="Vonter" uid="3926189">
  <nd ref="11225261157"/>
  <nd ref="4174514277"/>
  <nd ref="10296978083"/>
  <nd ref="4174514274"/>
  <nd ref="4174514275"/>
  <nd ref="4174514279"/>
  <nd ref="11225261159"/>
  <nd ref="11225261158"/>
  <nd ref="11225261157"/>
  <tag k="landuse" v="commercial"/>
 </way>
 <way id="416736259" visible="true" version="2" changeset="152493622" timestamp="2024-06-10T11:45:37Z" user="Vonter" uid="3926189">
  <nd ref="4174514251"/>
  <nd ref="4174514257"/>
  <nd ref="4174514263"/>
  <nd ref="4174514264"/>
  <nd ref="2268121096"/>
  <nd ref="4174514251"/>
  <tag k="landuse" v="residential"/>
 </way>
 <way id="416736266" visible="true" version="1" changeset="39199457" timestamp="2016-05-09T19:35:37Z" user="PlaneMad" uid="1306">
  <nd ref="4174514269"/>
  <nd ref="4174514258"/>
  <nd ref="4174514259"/>
  <nd ref="4174514261"/>
  <nd ref="4174514262"/>
  <nd ref="4174514266"/>
  <nd ref="4174514267"/>
  <nd ref="4174514269"/>
  <tag k="landuse" v="residential"/>
 </way>
 <way id="416736270" visible="true" version="2" changeset="120122271" timestamp="2022-04-24T12:27:11Z" user="Vonter" uid="3926189">
  <nd ref="2268121092"/>
  <nd ref="4174514253"/>
  <nd ref="4174514261"/>
  <nd ref="4174514259"/>
  <nd ref="4174514258"/>
  <nd ref="4174514256"/>
  <nd ref="4174514268"/>
  <nd ref="9689613631"/>
  <nd ref="2268121092"/>
  <tag k="landuse" v="residential"/>
 </way>
 <way id="416736277" visible="true" version="9" changeset="163633501" timestamp="2025-03-15T03:19:31Z" user="Vonter" uid="3926189">
  <nd ref="12059577690"/>
  <nd ref="1420066743"/>
  <nd ref="1857029066"/>
  <nd ref="1485671145"/>
  <nd ref="1485671144"/>
  <nd ref="1485671142"/>
  <nd ref="9852207765"/>
  <nd ref="11225261160"/>
  <nd ref="9852207766"/>
  <nd ref="9852207769"/>
  <nd ref="9852207768"/>
  <nd ref="11225261165"/>
  <nd ref="9852207767"/>
  <nd ref="12664967610"/>
  <nd ref="12549210852"/>
  <nd ref="1420066798"/>
  <nd ref="12549210854"/>
  <nd ref="12005884110"/>
  <nd ref="12005884111"/>
  <nd ref="12127595696"/>
  <nd ref="12127595695"/>
  <nd ref="12059577691"/>
  <nd ref="12059577690"/>
  <tag k="landuse" v="residential"/>
 </way>
 <way id="440484273" visible="true" version="2" changeset="158956663" timestamp="2024-11-10T06:45:28Z" user="Vonter" uid="3926189">
  <nd ref="4382238226"/>
  <nd ref="4382238227"/>
  <nd ref="4382238225"/>
  <nd ref="4382238224"/>
  <nd ref="4382238226"/>
  <tag k="building" v="yes"/>
 </way>
 <way id="995154348" visible="true" version="1" changeset="112776061" timestamp="2021-10-21T07:09:39Z" user="Jai Vaishnavi" uid="14291084">
  <nd ref="9189514623"/>
  <nd ref="736207308"/>
  <tag k="highway" v="residential"/>
  <tag k="source" v="maxar"/>
 </way>
 <way id="995154349" visible="true" version="2" changeset="163475120" timestamp="2025-03-11T09:07:20Z" user="François Bronchart" uid="8642829">
  <nd ref="1420105820"/>
  <nd ref="9189514624"/>
  <tag k="highway" v="living_street"/>
  <tag k="source" v="maxar"/>
 </way>
 <way id="1112836616" visible="true" version="3" changeset="139853943" timestamp="2023-08-14T06:04:20Z" user="alivapanda" uid="19505674">
  <nd ref="10181921356"/>
  <nd ref="10181921357"/>
  <nd ref="10181921358"/>
  <tag k="highway" v="residential"/>
 </way>
 <way id="1112837190" visible="true" version="1" changeset="128872896" timestamp="2022-11-14T05:46:30Z" user="Pooja Koul" uid="16283053">
  <nd ref="10181937726"/>
  <nd ref="10181937727"/>
  <tag k="highway" v="living_street"/>
 </way>
 <way id="1112837803" visible="true" version="3" changeset="144681342" timestamp="2023-12-02T05:10:39Z" user="manojnobi" uid="19376976">
  <nd ref="10181939131"/>
  <nd ref="11388874105"/>
  <nd ref="10181939132"/>
  <tag k="highway" v="residential"/>
 </way>
 <way id="1126060072" visible="true" version="1" changeset="130726460" timestamp="2022-12-31T15:55:17Z" user="Vonter" uid="3926189">
  <nd ref="10296978074"/>
  <nd ref="10296978075"/>
  <nd ref="4174514245"/>
  <nd ref="4174514246"/>
  <nd ref="10296978074"/>
  <tag k="landuse" v="residential"/>
  <tag k="residential" v="apartments"/>
 </way>
 <way id="1126060074" visible="true" version="3" changeset="142298007" timestamp="2023-10-08T10:18:01Z" user="sagarawrz07" uid="4831756">
  <nd ref="10296978080"/>
  <nd ref="10296978079"/>
  <nd ref="10296978078"/>
  <nd ref="10296978077"/>
  <nd ref="10296978080"/>
  <tag k="building" v="retail"/>
  <tag k="building:levels" v="4"/>
  <tag k="roof:levels" v="0"/>
 </way>
 <way id="1182159718" visible="true" version="1" changeset="137352369" timestamp="2023-06-15T04:35:11Z" user="uknown-gryphus" uid="2425805">
  <nd ref="10978138360"/>
  <nd ref="10978138361"/>
  <nd ref="10978138362"/>
  <nd ref="10978138363"/>
  <nd ref="10978138360"/>
  <tag k="building" v="yes"/>
 </way>
 <way id="1182159719" visible="true" version="1" changeset="137352369" timestamp="2023-06-15T04:35:11Z" user="uknown-gryphus" uid="2425805">
  <nd ref="10978138364"/>
  <nd ref="10978138365"/>
  <nd ref="10978138366"/>
  <nd ref="10978138367"/>
  <nd ref="10978138364"/>
  <tag k="building" v="yes"/>
 </way>
 <way id="1182159720" visible="true" version="1" changeset="137352369" timestamp="2023-06-15T04:35:11Z" user="uknown-gryphus" uid="2425805">
  <nd ref="10978138368"/>
  <nd ref="10978138369"/>
  <nd ref="10978138370"/>
  <nd ref="10978138371"/>
  <nd ref="10978138368"/>
  <tag k="building" v="yes"/>
 </way>
 <way id="1182159721" visible="true" version="1" changeset="137352369" timestamp="2023-06-15T04:35:11Z" user="uknown-gryphus" uid="2425805">
  <nd ref="10978138372"/>
  <nd ref="10978138373"/>
  <nd ref="10978138374"/>
  <nd ref="10978138375"/>
  <nd ref="10978138372"/>
  <tag k="building" v="yes"/>
 </way>
 <way id="1182159722" visible="true" version="1" changeset="137352369" timestamp="2023-06-15T04:35:11Z" user="uknown-gryphus" uid="2425805">
  <nd ref="10978138376"/>
  <nd ref="10978138377"/>
  <nd ref="10978138378"/>
  <nd ref="10978138379"/>
  <nd ref="10978138380"/>
  <nd ref="10978138381"/>
  <nd ref="10978138376"/>
  <tag k="building" v="yes"/>
 </way>
 <way id="1182159723" visible="true" version="1" changeset="137352369" timestamp="2023-06-15T04:35:11Z" user="uknown-gryphus" uid="2425805">
  <nd ref="10978138382"/>
  <nd ref="10978138383"/>
  <nd ref="10978138384"/>
  <nd ref="10978138385"/>
  <nd ref="10978138386"/>
  <nd ref="10978138387"/>
  <nd ref="10978138388"/>
  <nd ref="10978138389"/>
  <nd ref="10978138390"/>
  <nd ref="10978138391"/>
  <nd ref="10978138382"/>
  <tag k="building" v="yes"/>
 </way>
 <way id="1182159724" visible="true" version="1" changeset="137352369" timestamp="2023-06-15T04:35:11Z" user="uknown-gryphus" uid="2425805">
  <nd ref="10978138392"/>
  <nd ref="10978138393"/>
  <nd ref="10978138394"/>
  <nd ref="10978138395"/>
  <nd ref="10978138392"/>
  <tag k="building" v="yes"/>
 </way>
 <way id="1185473492" visible="true" version="1" changeset="137870216" timestamp="2023-06-28T09:33:46Z" user="jdananda" uid="19368656">
  <nd ref="11011919990"/>
  <nd ref="9189514623"/>
  <nd ref="11011919991"/>
  <tag k="highway" v="residential"/>
 </way>
 <way id="1201026023" visible="true" version="3" changeset="160574114" timestamp="2024-12-24T12:36:03Z" user="uknown-gryphus" uid="2425805">
  <nd ref="736207514"/>
  <nd ref="12448400116"/>
  <nd ref="736014390"/>
  <tag k="highway" v="tertiary"/>
  <tag k="lane_markings" v="no"/>
  <tag k="name" v="13th Main Road"/>
  <tag k="name:kn" v="೧೩ನೇ ಮುಖ್ಯ ರಸ್ತೆ"/>
  <tag k="surface" v="asphalt"/>
 </way>
 <way id="1201026024" visible="true" version="5" changeset="154797557" timestamp="2024-08-04T06:34:39Z" user="uknown-gryphus" uid="2425805">
  <nd ref="736207514"/>
  <nd ref="736207542"/>
  <nd ref="12091353048"/>
  <nd ref="736207323"/>
  <tag k="highway" v="residential"/>
  <tag k="lit" v="yes"/>
  <tag k="name" v="1st Cross Road"/>
  <tag k="name:kn" v="೧ನೇ ಅಡ್ಡ ರಸ್ತೆ"/>
  <tag k="smoothness" v="intermediate"/>
  <tag k="surface" v="asphalt"/>
 </way>
 <way id="1212577992" visible="true" version="3" changeset="170777273" timestamp="2025-08-21T12:42:37Z" user="Aniket K" uid="21905113">
  <nd ref="11234273095"/>
  <nd ref="11234273096"/>
  <nd ref="11234273097"/>
  <nd ref="11234273098"/>
  <nd ref="11234273095"/>
  <tag k="addr:housenumber" v="3347"/>
  <tag k="addr:street" v="6th Cross Road"/>
  <tag k="building" v="yes"/>
 </way>
 <way id="1242430084" visible="true" version="2" changeset="174361446" timestamp="2025-11-08T06:57:15Z" user="Vonter" uid="3926189">
  <nd ref="11545499490"/>
  <nd ref="11545499487"/>
  <nd ref="11545499488"/>
  <nd ref="11545499489"/>
  <nd ref="11545499490"/>
  <tag k="building" v="yes"/>
 </way>
 <way id="1242430085" visible="true" version="2" changeset="174361446" timestamp="2025-11-08T06:57:15Z" user="Vonter" uid="3926189">
  <nd ref="11545499494"/>
  <nd ref="11545499491"/>
  <nd ref="11545499492"/>
  <nd ref="11545499493"/>
  <nd ref="11545499494"/>
  <tag k="building" v="yes"/>
 </way>
 <way id="1242430086" visible="true" version="2" changeset="174361446" timestamp="2025-11-08T06:57:15Z" user="Vonter" uid="3926189">
  <nd ref="11545499498"/>
  <nd ref="11545499495"/>
  <nd ref="11545499496"/>
  <nd ref="11545499497"/>
  <nd ref="11545499498"/>
  <tag k="building" v="yes"/>
 </way>
 <way id="1242430087" visible="true" version="1" changeset="146618362" timestamp="2024-01-24T08:19:46Z" user="Vonter" uid="3926189">
  <nd ref="11545499502"/>
  <nd ref="11545499499"/>
  <nd ref="11545499500"/>
  <nd ref="11545499501"/>
  <nd ref="11545499502"/>
  <tag k="building" v="yes"/>
 </way>
 <way id="1242430088" visible="true" version="1" changeset="146618362" timestamp="2024-01-24T08:19:46Z" user="Vonter" uid="3926189">
  <nd ref="11545499506"/>
  <nd ref="11545499503"/>
  <nd ref="11545499504"/>
  <nd ref="11545499505"/>
  <nd ref="11545499506"/>
  <tag k="building" v="yes"/>
 </way>
 <way id="1242430089" visible="true" version="1" changeset="146618362" timestamp="2024-01-24T08:19:46Z" user="Vonter" uid="3926189">
  <nd ref="11545499510"/>
  <nd ref="11545499507"/>
  <nd ref="11545499508"/>
  <nd ref="11545499509"/>
  <nd ref="11545499510"/>
  <tag k="building" v="yes"/>
 </way>
 <way id="1242430090" visible="true" version="2" changeset="174361446" timestamp="2025-11-08T06:57:15Z" user="Vonter" uid="3926189">
  <nd ref="11545499514"/>
  <nd ref="11545499511"/>
  <nd ref="11545499512"/>
  <nd ref="11545499513"/>
  <nd ref="11545499514"/>
  <tag k="building" v="yes"/>
 </way>
 <way id="1242430091" visible="true" version="2" changeset="174361446" timestamp="2025-11-08T06:57:15Z" user="Vonter" uid="3926189">
  <nd ref="11545499518"/>
  <nd ref="11545499515"/>
  <nd ref="11545499516"/>
  <nd ref="11545499517"/>
  <nd ref="11545499518"/>
  <tag k="building" v="yes"/>
 </way>
 <way id="1242430092" visible="true" version="2" changeset="174361446" timestamp="2025-11-08T06:57:15Z" user="Vonter" uid="3926189">
  <nd ref="11545499521"/>
  <nd ref="11545499522"/>
  <nd ref="11545499519"/>
  <nd ref="11545499520"/>
  <nd ref="11545499521"/>
  <tag k="building" v="yes"/>
 </way>
 <way id="1242430097" visible="true" version="2" changeset="174361446" timestamp="2025-11-08T06:57:15Z" user="Vonter" uid="3926189">
  <nd ref="11545499542"/>
  <nd ref="11545499539"/>
  <nd ref="11545499540"/>
  <nd ref="11545499541"/>
  <nd ref="11545499542"/>
  <tag k="building" v="yes"/>
 </way>
 <way id="1267068423" visible="true" version="2" changeset="175125404" timestamp="2025-11-25T19:46:31Z" user="Vonter" uid="3926189">
  <nd ref="11768591847"/>
  <nd ref="11768591846"/>
  <nd ref="11768591845"/>
  <nd ref="11768591844"/>
  <nd ref="11768591843"/>
  <nd ref="11768591842"/>
  <nd ref="11768591841"/>
  <nd ref="11768591840"/>
  <nd ref="11768591839"/>
  <nd ref="11768591838"/>
  <nd ref="11768591837"/>
  <nd ref="11768591836"/>
  <nd ref="11768591835"/>
  <nd ref="11768591834"/>
  <nd ref="11768591833"/>
  <nd ref="11768591832"/>
  <nd ref="11768591831"/>
  <nd ref="11768591830"/>
  <nd ref="11768591829"/>
  <nd ref="11768591905"/>
  <tag k="note" v="Old BBMP ward boundary way. Needs to be deleted with care to handle nodes shared with other objects"/>
 </way>
 <way id="1290908340" visible="true" version="1" changeset="152493622" timestamp="2024-06-10T11:45:37Z" user="Vonter" uid="3926189">
  <nd ref="11968846179"/>
  <nd ref="11968846178"/>
  <nd ref="11968846177"/>
  <nd ref="11968846176"/>
  <nd ref="11968846179"/>
  <tag k="building" v="yes"/>
 </way>
 <way id="1290908341" visible="true" version="1" changeset="152493622" timestamp="2024-06-10T11:45:37Z" user="Vonter" uid="3926189">
  <nd ref="11968846183"/>
  <nd ref="11968846180"/>
  <nd ref="11968846181"/>
  <nd ref="11968846182"/>
  <nd ref="11968846183"/>
  <tag k="building" v="yes"/>
 </way>
 <way id="1290908342" visible="true" version="1" changeset="152493622" timestamp="2024-06-10T11:45:37Z" user="Vonter" uid="3926189">
  <nd ref="11968846187"/>
  <nd ref="11968846186"/>
  <nd ref="11968846185"/>
  <nd ref="11968846184"/>
  <nd ref="11968846187"/>
  <tag k="building" v="yes"/>
 </way>
 <way id="1290908343" visible="true" version="1" changeset="152493622" timestamp="2024-06-10T11:45:37Z" user="Vonter" uid="3926189">
  <nd ref="11968846191"/>
  <nd ref="11968846190"/>
  <nd ref="11968846189"/>
  <nd ref="11968846188"/>
  <nd ref="11968846191"/>
  <tag k="building" v="yes"/>
 </way>
 <way id="1290908344" visible="true" version="1" changeset="152493622" timestamp="2024-06-10T11:45:37Z" user="Vonter" uid="3926189">
  <nd ref="11968846195"/>
  <nd ref="11968846194"/>
  <nd ref="11968846193"/>
  <nd ref="11968846192"/>
  <nd ref="11968846195"/>
  <tag k="building" v="yes"/>
 </way>
 <way id="1290908345" visible="true" version="1" changeset="152493622" timestamp="2024-06-10T11:45:37Z" user="Vonter" uid="3926189">
  <nd ref="11968846199"/>
  <nd ref="11968846198"/>
  <nd ref="11968846197"/>
  <nd ref="11968846196"/>
  <nd ref="11968846199"/>
  <tag k="building" v="yes"/>
 </way>
 <way id="1290908346" visible="true" version="1" changeset="152493622" timestamp="2024-06-10T11:45:37Z" user="Vonter" uid="3926189">
  <nd ref="11968846203"/>
  <nd ref="11968846200"/>
  <nd ref="11968846201"/>
  <nd ref="11968846202"/>
  <nd ref="11968846203"/>
  <tag k="building" v="yes"/>
 </way>
 <way id="1290908347" visible="true" version="1" changeset="152493622" timestamp="2024-06-10T11:45:37Z" user="Vonter" uid="3926189">
  <nd ref="11968846207"/>
  <nd ref="11968846204"/>
  <nd ref="11968846205"/>
  <nd ref="11968846206"/>
  <nd ref="11968846207"/>
  <tag k="building" v="yes"/>
 </way>
 <way id="1290908348" visible="true" version="1" changeset="152493622" timestamp="2024-06-10T11:45:37Z" user="Vonter" uid="3926189">
  <nd ref="11968846211"/>
  <nd ref="11968846208"/>
  <nd ref="11968846209"/>
  <nd ref="11968846210"/>
  <nd ref="11968846211"/>
  <tag k="building" v="yes"/>
 </way>
 <way id="1290908349" visible="true" version="1" changeset="152493622" timestamp="2024-06-10T11:45:37Z" user="Vonter" uid="3926189">
  <nd ref="11968846215"/>
  <nd ref="11968846212"/>
  <nd ref="11968846213"/>
  <nd ref="11968846214"/>
  <nd ref="11968846215"/>
  <tag k="building" v="yes"/>
 </way>
 <way id="1290908418" visible="true" version="1" changeset="152493622" timestamp="2024-06-10T11:45:37Z" user="Vonter" uid="3926189">
  <nd ref="11968846490"/>
  <nd ref="11968846487"/>
  <nd ref="11968846488"/>
  <nd ref="11968846489"/>
  <nd ref="11968846490"/>
  <tag k="building" v="yes"/>
 </way>
 <way id="1290908419" visible="true" version="1" changeset="152493622" timestamp="2024-06-10T11:45:37Z" user="Vonter" uid="3926189">
  <nd ref="11968846494"/>
  <nd ref="11968846491"/>
  <nd ref="11968846492"/>
  <nd ref="11968846493"/>
  <nd ref="11968846494"/>
  <tag k="building" v="yes"/>
 </way>
 <way id="1290908420" visible="true" version="1" changeset="152493622" timestamp="2024-06-10T11:45:37Z" user="Vonter" uid="3926189">
  <nd ref="11968846498"/>
  <nd ref="11968846495"/>
  <nd ref="11968846496"/>
  <nd ref="11968846497"/>
  <nd ref="11968846498"/>
  <tag k="building" v="yes"/>
 </way>
 <way id="1290908421" visible="true" version="1" changeset="152493622" timestamp="2024-06-10T11:45:37Z" user="Vonter" uid="3926189">
  <nd ref="11968846502"/>
  <nd ref="11968846499"/>
  <nd ref="11968846500"/>
  <nd ref="11968846501"/>
  <nd ref="11968846502"/>
  <tag k="building" v="yes"/>
 </way>
 <way id="1290908422" visible="true" version="1" changeset="152493622" timestamp="2024-06-10T11:45:37Z" user="Vonter" uid="3926189">
  <nd ref="11968846506"/>
  <nd ref="11968846503"/>
  <nd ref="11968846504"/>
  <nd ref="11968846505"/>
  <nd ref="11968846506"/>
  <tag k="building" v="yes"/>
 </way>
 <way id="1290908423" visible="true" version="1" changeset="152493622" timestamp="2024-06-10T11:45:37Z" user="Vonter" uid="3926189">
  <nd ref="11968846510"/>
  <nd ref="11968846507"/>
  <nd ref="11968846508"/>
  <nd ref="11968846509"/>
  <nd ref="11968846510"/>
  <tag k="building" v="yes"/>
 </way>
 <way id="1290908424" visible="true" version="1" changeset="152493622" timestamp="2024-06-10T11:45:37Z" user="Vonter" uid="3926189">
  <nd ref="11968846514"/>
  <nd ref="11968846511"/>
  <nd ref="11968846512"/>
  <nd ref="11968846513"/>
  <nd ref="11968846514"/>
  <tag k="building" v="yes"/>
 </way>
 <way id="1290908425" visible="true" version="1" changeset="152493622" timestamp="2024-06-10T11:45:37Z" user="Vonter" uid="3926189">
  <nd ref="11968846518"/>
  <nd ref="11968846515"/>
  <nd ref="11968846516"/>
  <nd ref="11968846517"/>
  <nd ref="11968846518"/>
  <tag k="building" v="yes"/>
 </way>
 <way id="1290908426" visible="true" version="1" changeset="152493622" timestamp="2024-06-10T11:45:37Z" user="Vonter" uid="3926189">
  <nd ref="11968846522"/>
  <nd ref="11968846519"/>
  <nd ref="11968846520"/>
  <nd ref="11968846521"/>
  <nd ref="11968846522"/>
  <tag k="building" v="yes"/>
 </way>
 <way id="1290908427" visible="true" version="1" changeset="152493622" timestamp="2024-06-10T11:45:37Z" user="Vonter" uid="3926189">
  <nd ref="11968846526"/>
  <nd ref="11968846523"/>
  <nd ref="11968846524"/>
  <nd ref="11968846525"/>
  <nd ref="11968846526"/>
  <tag k="building" v="yes"/>
 </way>
 <way id="1290908428" visible="true" version="1" changeset="152493622" timestamp="2024-06-10T11:45:37Z" user="Vonter" uid="3926189">
  <nd ref="11968846530"/>
  <nd ref="11968846527"/>
  <nd ref="11968846528"/>
  <nd ref="11968846529"/>
  <nd ref="11968846530"/>
  <tag k="building" v="yes"/>
 </way>
 <way id="1290908429" visible="true" version="1" changeset="152493622" timestamp="2024-06-10T11:45:37Z" user="Vonter" uid="3926189">
  <nd ref="11968846534"/>
  <nd ref="11968846531"/>
  <nd ref="11968846532"/>
  <nd ref="11968846533"/>
  <nd ref="11968846534"/>
  <tag k="building" v="yes"/>
 </way>
 <way id="1290908430" visible="true" version="1" changeset="152493622" timestamp="2024-06-10T11:45:37Z" user="Vonter" uid="3926189">
  <nd ref="11968846538"/>
  <nd ref="11968846535"/>
  <nd ref="11968846536"/>
  <nd ref="11968846537"/>
  <nd ref="11968846538"/>
  <tag k="building" v="yes"/>
 </way>
 <way id="1290908431" visible="true" version="1" changeset="152493622" timestamp="2024-06-10T11:45:37Z" user="Vonter" uid="3926189">
  <nd ref="11968846542"/>
  <nd ref="11968846539"/>
  <nd ref="11968846540"/>
  <nd ref="11968846541"/>
  <nd ref="11968846542"/>
  <tag k="building" v="yes"/>
 </way>
 <way id="1290908440" visible="true" version="2" changeset="174361446" timestamp="2025-11-08T06:57:15Z" user="Vonter" uid="3926189">
  <nd ref="11968846578"/>
  <nd ref="11968846575"/>
  <nd ref="11968846576"/>
  <nd ref="11968846577"/>
  <nd ref="11968846578"/>
  <tag k="building" v="yes"/>
 </way>
 <way id="1290908441" visible="true" version="2" changeset="174361446" timestamp="2025-11-08T06:57:15Z" user="Vonter" uid="3926189">
  <nd ref="11968846582"/>
  <nd ref="11968846579"/>
  <nd ref="11968846580"/>
  <nd ref="11968846581"/>
  <nd ref="11968846582"/>
  <tag k="building" v="yes"/>
 </way>
 <way id="1290908442" visible="true" version="2" changeset="174361446" timestamp="2025-11-08T06:57:15Z" user="Vonter" uid="3926189">
  <nd ref="11968846586"/>
  <nd ref="11968846583"/>
  <nd ref="11968846584"/>
  <nd ref="11968846585"/>
  <nd ref="11968846586"/>
  <tag k="building" v="yes"/>
 </way>
 <way id="1290908443" visible="true" version="2" changeset="174361446" timestamp="2025-11-08T06:57:15Z" user="Vonter" uid="3926189">
  <nd ref="11968846589"/>
  <nd ref="11968846590"/>
  <nd ref="11968846587"/>
  <nd ref="11968846588"/>
  <nd ref="11968846589"/>
  <tag k="building" v="yes"/>
 </way>
 <way id="1290908444" visible="true" version="2" changeset="174361446" timestamp="2025-11-08T06:57:15Z" user="Vonter" uid="3926189">
  <nd ref="11968846594"/>
  <nd ref="11968846591"/>
  <nd ref="11968846592"/>
  <nd ref="11968846593"/>
  <nd ref="11968846594"/>
  <tag k="building" v="yes"/>
 </way>
 <way id="1290908445" visible="true" version="2" changeset="174361446" timestamp="2025-11-08T06:57:15Z" user="Vonter" uid="3926189">
  <nd ref="11968846598"/>
  <nd ref="11968846595"/>
  <nd ref="13288585510"/>
  <nd ref="11968846597"/>
  <nd ref="11968846598"/>
  <tag k="building" v="yes"/>
 </way>
 <way id="1290908446" visible="true" version="2" changeset="174361446" timestamp="2025-11-08T06:57:15Z" user="Vonter" uid="3926189">
  <nd ref="11968846602"/>
  <nd ref="11968846599"/>
  <nd ref="13288585511"/>
  <nd ref="11968846601"/>
  <nd ref="11968846602"/>
  <tag k="building" v="yes"/>
 </way>
 <way id="1290908447" visible="true" version="2" changeset="174361446" timestamp="2025-11-08T06:57:15Z" user="Vonter" uid="3926189">
  <nd ref="11968846606"/>
  <nd ref="11968846603"/>
  <nd ref="11968846604"/>
  <nd ref="11968846605"/>
  <nd ref="11968846606"/>
  <tag k="building" v="yes"/>
 </way>
 <way id="1290908448" visible="true" version="2" changeset="174361446" timestamp="2025-11-08T06:57:15Z" user="Vonter" uid="3926189">
  <nd ref="13288585512"/>
  <nd ref="11968846607"/>
  <nd ref="11968846608"/>
  <nd ref="11968846609"/>
  <nd ref="13288585512"/>
  <tag k="building" v="yes"/>
 </way>
 <way id="1290908449" visible="true" version="2" changeset="174361446" timestamp="2025-11-08T06:57:15Z" user="Vonter" uid="3926189">
  <nd ref="11968846614"/>
  <nd ref="11968846611"/>
  <nd ref="11968846612"/>
  <nd ref="11968846613"/>
  <nd ref="11968846614"/>
  <tag k="building" v="yes"/>
 </way>
 <way id="1290908450" visible="true" version="2" changeset="174361446" timestamp="2025-11-08T06:57:15Z" user="Vonter" uid="3926189">
  <nd ref="11968846618"/>
  <nd ref="11968846615"/>
  <nd ref="11968846616"/>
  <nd ref="11968846617"/>
  <nd ref="11968846618"/>
  <tag k="building" v="yes"/>
 </way>
 <way id="1290908451" visible="true" version="2" changeset="174361446" timestamp="2025-11-08T06:57:15Z" user="Vonter" uid="3926189">
  <nd ref="11968846621"/>
  <nd ref="11968846622"/>
  <nd ref="13288585513"/>
  <nd ref="11968846620"/>
  <nd ref="11968846621"/>
  <tag k="building" v="yes"/>
 </way>
 <way id="1290908452" visible="true" version="2" changeset="174361446" timestamp="2025-11-08T06:57:15Z" user="Vonter" uid="3926189">
  <nd ref="11968846625"/>
  <nd ref="11968846626"/>
  <nd ref="11968846623"/>
  <nd ref="11968846624"/>
  <nd ref="11968846625"/>
  <tag k="building" v="yes"/>
 </way>
 <way id="1290908453" visible="true" version="2" changeset="174361446" timestamp="2025-11-08T06:57:15Z" user="Vonter" uid="3926189">
  <nd ref="11968846630"/>
  <nd ref="11968846627"/>
  <nd ref="11968846628"/>
  <nd ref="11968846629"/>
  <nd ref="11968846630"/>
  <tag k="building" v="yes"/>
 </way>
 <way id="1296033321" visible="true" version="1" changeset="153153237" timestamp="2024-06-25T11:43:24Z" user="Vonter" uid="3926189">
  <nd ref="12009429121"/>
  <nd ref="12009429120"/>
  <nd ref="12009429119"/>
  <nd ref="12009429118"/>
  <nd ref="12009429121"/>
  <tag k="building" v="yes"/>
 </way>
 <way id="1302055931" visible="true" version="2" changeset="158956663" timestamp="2024-11-10T06:45:28Z" user="Vonter" uid="3926189">
  <nd ref="12059577685"/>
  <nd ref="12328218523"/>
  <nd ref="12328218526"/>
  <nd ref="12328218525"/>
  <nd ref="12059577685"/>
  <tag k="landuse" v="residential"/>
 </way>
 <way id="1302055932" visible="true" version="1" changeset="154065223" timestamp="2024-07-17T16:05:44Z" user="Vonter" uid="3926189">
  <nd ref="12059577692"/>
  <nd ref="9288431551"/>
  <nd ref="9288431552"/>
  <nd ref="12059577693"/>
  <nd ref="12059577692"/>
  <tag k="landuse" v="residential"/>
 </way>
 <way id="1309832753" visible="true" version="1" changeset="155606303" timestamp="2024-08-22T13:30:03Z" user="Vonter" uid="3926189">
  <nd ref="12127641625"/>
  <nd ref="12127641622"/>
  <nd ref="12127641623"/>
  <nd ref="12127641624"/>
  <nd ref="12127641625"/>
  <tag k="building" v="yes"/>
 </way>
 <way id="1309832754" visible="true" version="1" changeset="155606303" timestamp="2024-08-22T13:30:03Z" user="Vonter" uid="3926189">
  <nd ref="12127641629"/>
  <nd ref="12127641626"/>
  <nd ref="12127641627"/>
  <nd ref="12127641628"/>
  <nd ref="12127641629"/>
  <tag k="building" v="yes"/>
 </way>
 <way id="1309832755" visible="true" version="1" changeset="155606303" timestamp="2024-08-22T13:30:03Z" user="Vonter" uid="3926189">
  <nd ref="12127641633"/>
  <nd ref="12127641630"/>
  <nd ref="12127641631"/>
  <nd ref="12127641632"/>
  <nd ref="12127641633"/>
  <tag k="building" v="yes"/>
 </way>
 <way id="1309832756" visible="true" version="1" changeset="155606303" timestamp="2024-08-22T13:30:03Z" user="Vonter" uid="3926189">
  <nd ref="12127641637"/>
  <nd ref="12127641634"/>
  <nd ref="12127641635"/>
  <nd ref="12127641636"/>
  <nd ref="12127641637"/>
  <tag k="building" v="yes"/>
 </way>
 <way id="1309832757" visible="true" version="1" changeset="155606303" timestamp="2024-08-22T13:30:03Z" user="Vonter" uid="3926189">
  <nd ref="12127641641"/>
  <nd ref="12127641638"/>
  <nd ref="12127641639"/>
  <nd ref="12127641640"/>
  <nd ref="12127641641"/>
  <tag k="building" v="yes"/>
 </way>
 <way id="1309832758" visible="true" version="1" changeset="155606303" timestamp="2024-08-22T13:30:03Z" user="Vonter" uid="3926189">
  <nd ref="12127641645"/>
  <nd ref="12127641642"/>
  <nd ref="12127641643"/>
  <nd ref="12127641644"/>
  <nd ref="12127641645"/>
  <tag k="building" v="yes"/>
 </way>
 <way id="1309832759" visible="true" version="1" changeset="155606303" timestamp="2024-08-22T13:30:03Z" user="Vonter" uid="3926189">
  <nd ref="12127641649"/>
  <nd ref="12127641648"/>
  <nd ref="12127641647"/>
  <nd ref="12127641646"/>
  <nd ref="12127641649"/>
  <tag k="building" v="yes"/>
 </way>
 <way id="1309832760" visible="true" version="1" changeset="155606303" timestamp="2024-08-22T13:30:03Z" user="Vonter" uid="3926189">
  <nd ref="12127641653"/>
  <nd ref="12127641652"/>
  <nd ref="12127641651"/>
  <nd ref="12127641650"/>
  <nd ref="12127641653"/>
  <tag k="building" v="yes"/>
 </way>
 <way id="1309832761" visible="true" version="1" changeset="155606303" timestamp="2024-08-22T13:30:03Z" user="Vonter" uid="3926189">
  <nd ref="12127641659"/>
  <nd ref="12127641654"/>
  <nd ref="12127641655"/>
  <nd ref="12127641656"/>
  <nd ref="12127641659"/>
  <tag k="building" v="yes"/>
 </way>
 <way id="1309832762" visible="true" version="1" changeset="155606303" timestamp="2024-08-22T13:30:03Z" user="Vonter" uid="3926189">
  <nd ref="12127641660"/>
  <nd ref="12127641657"/>
  <nd ref="12127641658"/>
  <nd ref="12127641654"/>
  <nd ref="12127641659"/>
  <nd ref="12127641660"/>
  <tag k="building" v="yes"/>
 </way>
 <way id="1309832763" visible="true" version="1" changeset="155606303" timestamp="2024-08-22T13:30:03Z" user="Vonter" uid="3926189">
  <nd ref="12127641664"/>
  <nd ref="12127641661"/>
  <nd ref="12127641662"/>
  <nd ref="12127641663"/>
  <nd ref="12127641664"/>
  <tag k="building" v="yes"/>
 </way>
 <way id="1309832764" visible="true" version="1" changeset="155606303" timestamp="2024-08-22T13:30:03Z" user="Vonter" uid="3926189">
  <nd ref="12127641668"/>
  <nd ref="12127641667"/>
  <nd ref="12127641666"/>
  <nd ref="12127641665"/>
  <nd ref="12127641668"/>
  <tag k="building" v="yes"/>
 </way>
 <way id="1309832765" visible="true" version="2" changeset="168914156" timestamp="2025-07-14T12:10:25Z" user="Vonter" uid="3926189">
  <nd ref="12127641672"/>
  <nd ref="12127641669"/>
  <nd ref="12127641670"/>
  <nd ref="12127641671"/>
  <nd ref="12127641672"/>
  <tag k="building" v="yes"/>
 </way>
 <way id="1309832766" visible="true" version="1" changeset="155606303" timestamp="2024-08-22T13:30:03Z" user="Vonter" uid="3926189">
  <nd ref="12127641676"/>
  <nd ref="12127641673"/>
  <nd ref="12127641674"/>
  <nd ref="12127641675"/>
  <nd ref="12127641676"/>
  <tag k="building" v="yes"/>
 </way>
 <way id="1309832767" visible="true" version="1" changeset="155606303" timestamp="2024-08-22T13:30:03Z" user="Vonter" uid="3926189">
  <nd ref="12127641680"/>
  <nd ref="12127641677"/>
  <nd ref="12127641678"/>
  <nd ref="12127641679"/>
  <nd ref="12127641680"/>
  <tag k="building" v="yes"/>
 </way>
 <way id="1332562795" visible="true" version="1" changeset="158956663" timestamp="2024-11-10T06:45:28Z" user="Vonter" uid="3926189">
  <nd ref="12328215016"/>
  <nd ref="12328215019"/>
  <nd ref="12328215018"/>
  <nd ref="12328215017"/>
  <nd ref="2268121075"/>
  <nd ref="12328215016"/>
  <tag k="landuse" v="residential"/>
  <tag k="residential" v="apartments"/>
 </way>
 <way id="1332562796" visible="true" version="1" changeset="158956663" timestamp="2024-11-10T06:45:28Z" user="Vonter" uid="3926189">
  <nd ref="12328215023"/>
  <nd ref="12328215022"/>
  <nd ref="12328215021"/>
  <nd ref="12328215020"/>
  <nd ref="12328215023"/>
  <tag k="building" v="yes"/>
 </way>
 <way id="1332562797" visible="true" version="1" changeset="158956663" timestamp="2024-11-10T06:45:28Z" user="Vonter" uid="3926189">
  <nd ref="12328215027"/>
  <nd ref="12328215026"/>
  <nd ref="12328215025"/>
  <nd ref="12328215024"/>
  <nd ref="12328215027"/>
  <tag k="building" v="yes"/>
 </way>
 <way id="1332562798" visible="true" version="1" changeset="158956663" timestamp="2024-11-10T06:45:28Z" user="Vonter" uid="3926189">
  <nd ref="12328215031"/>
  <nd ref="12328215030"/>
  <nd ref="12328215029"/>
  <nd ref="12328215028"/>
  <nd ref="12328215031"/>
  <tag k="building" v="yes"/>
 </way>
 <way id="1332562799" visible="true" version="1" changeset="158956663" timestamp="2024-11-10T06:45:28Z" user="Vonter" uid="3926189">
  <nd ref="12328215035"/>
  <nd ref="12328215034"/>
  <nd ref="12328215033"/>
  <nd ref="12328215032"/>
  <nd ref="12328215035"/>
  <tag k="building" v="yes"/>
 </way>
 <way id="1332562819" visible="true" version="1" changeset="158956663" timestamp="2024-11-10T06:45:28Z" user="Vonter" uid="3926189">
  <nd ref="12328218514"/>
  <nd ref="12328218513"/>
  <nd ref="12328218512"/>
  <nd ref="4174514272"/>
  <nd ref="12328218514"/>
  <tag k="landuse" v="residential"/>
 </way>
 <way id="1332562820" visible="true" version="1" changeset="158956663" timestamp="2024-11-10T06:45:28Z" user="Vonter" uid="3926189">
  <nd ref="12328218518"/>
  <nd ref="12328218517"/>
  <nd ref="12328218516"/>
  <nd ref="12328218515"/>
  <nd ref="12328218518"/>
  <tag k="landuse" v="residential"/>
 </way>
 <way id="1332562821" visible="true" version="1" changeset="158956663" timestamp="2024-11-10T06:45:28Z" user="Vonter" uid="3926189">
  <nd ref="12328218522"/>
  <nd ref="12328218521"/>
  <nd ref="12328218520"/>
  <nd ref="12328218519"/>
  <nd ref="12328218522"/>
  <tag k="landuse" v="residential"/>
 </way>
 <way id="1332562823" visible="true" version="1" changeset="158956663" timestamp="2024-11-10T06:45:28Z" user="Vonter" uid="3926189">
  <nd ref="12328218527"/>
  <nd ref="12328218528"/>
  <nd ref="12328218530"/>
  <nd ref="12328218529"/>
  <nd ref="12328218527"/>
  <tag k="landuse" v="residential"/>
 </way>
 <way id="1332562824" visible="true" version="1" changeset="158956663" timestamp="2024-11-10T06:45:28Z" user="Vonter" uid="3926189">
  <nd ref="12328218531"/>
  <nd ref="12328218532"/>
  <nd ref="12328218533"/>
  <nd ref="12328218534"/>
  <nd ref="12328218531"/>
  <tag k="landuse" v="residential"/>
 </way>
 <way id="1332562825" visible="true" version="1" changeset="158956663" timestamp="2024-11-10T06:45:28Z" user="Vonter" uid="3926189">
  <nd ref="12328218535"/>
  <nd ref="12059577687"/>
  <nd ref="12059577686"/>
  <nd ref="12328218536"/>
  <nd ref="12328218535"/>
  <tag k="landuse" v="residential"/>
 </way>
 <way id="1345699537" visible="true" version="1" changeset="160573561" timestamp="2024-12-24T12:20:30Z" user="uknown-gryphus" uid="2425805">
  <nd ref="12091353054"/>
  <nd ref="12448373588"/>
  <tag k="footway" v="sidewalk"/>
  <tag k="highway" v="footway"/>
 </way>
 <way id="1345701306" visible="true" version="1" changeset="160574114" timestamp="2024-12-24T12:36:03Z" user="uknown-gryphus" uid="2425805">
  <nd ref="12448373588"/>
  <nd ref="12448400116"/>
  <nd ref="12448400115"/>
  <tag k="crossing" v="uncontrolled"/>
  <tag k="crossing:markings" v="yes"/>
  <tag k="footway" v="crossing"/>
  <tag k="highway" v="footway"/>
 </way>
 <way id="1345701307" visible="true" version="1" changeset="160574114" timestamp="2024-12-24T12:36:03Z" user="uknown-gryphus" uid="2425805">
  <nd ref="12448400115"/>
  <nd ref="12448400125"/>
  <nd ref="12448400117"/>
  <nd ref="12448400118"/>
  <tag k="footway" v="sidewalk"/>
  <tag k="highway" v="footway"/>
  <tag k="surface" v="paving_stones"/>
 </way>
 <way id="1345701312" visible="true" version="1" changeset="160574114" timestamp="2024-12-24T12:36:03Z" user="uknown-gryphus" uid="2425805">
  <nd ref="12448400125"/>
  <nd ref="12448400126"/>
  <tag k="footway" v="sidewalk"/>
  <tag k="highway" v="footway"/>
 </way>
 <way id="1345701314" visible="true" version="1" changeset="160574114" timestamp="2024-12-24T12:36:03Z" user="uknown-gryphus" uid="2425805">
  <nd ref="12448400126"/>
  <nd ref="12448400129"/>
  <nd ref="12448400130"/>
  <nd ref="12448400128"/>
  <tag k="footway" v="crossing"/>
  <tag k="highway" v="footway"/>
 </way>
 <way id="1367519433" visible="true" version="1" changeset="163633501" timestamp="2025-03-15T03:19:31Z" user="Vonter" uid="3926189">
  <nd ref="12664933600"/>
  <nd ref="12664933599"/>
  <nd ref="12664933598"/>
  <nd ref="12664933597"/>
  <nd ref="12664933596"/>
  <nd ref="12664933595"/>
  <nd ref="12664933594"/>
  <nd ref="12664933593"/>
  <nd ref="12664933592"/>
  <nd ref="12664967601"/>
  <nd ref="12664933600"/>
  <tag k="building" v="yes"/>
 </way>
 <way id="1414635955" visible="true" version="1" changeset="168914156" timestamp="2025-07-14T12:10:25Z" user="Vonter" uid="3926189">
  <nd ref="12999130473"/>
  <nd ref="12999130470"/>
  <nd ref="12999130471"/>
  <nd ref="12999130472"/>
  <nd ref="12999130473"/>
  <tag k="building" v="yes"/>
 </way>
 <way id="1414635956" visible="true" version="1" changeset="168914156" timestamp="2025-07-14T12:10:25Z" user="Vonter" uid="3926189">
  <nd ref="12999130477"/>
  <nd ref="12999130474"/>
  <nd ref="12999130475"/>
  <nd ref="12999130476"/>
  <nd ref="12999130477"/>
  <tag k="building" v="yes"/>
 </way>
 <way id="1448354541" visible="true" version="1" changeset="174361446" timestamp="2025-11-08T06:57:14Z" user="Vonter" uid="3926189">
  <nd ref="13288585520"/>
  <nd ref="13288585517"/>
  <nd ref="13288585518"/>
  <nd ref="13288585519"/>
  <nd ref="13288585520"/>
  <tag k="building" v="yes"/>
 </way>
 <way id="1448354543" visible="true" version="1" changeset="174361446" timestamp="2025-11-08T06:57:14Z" user="Vonter" uid="3926189">
  <nd ref="13288585528"/>
  <nd ref="13288585525"/>
  <nd ref="13288585526"/>
  <nd ref="13288585527"/>
  <nd ref="13288585528"/>
  <tag k="building" v="yes"/>
 </way>
 <way id="1453722553" visible="true" version="1" changeset="175125404" timestamp="2025-11-25T19:36:00Z" user="Vonter" uid="3926189">
  <nd ref="13332242564"/>
  <nd ref="13332242563"/>
  <nd ref="13332242562"/>
  <nd ref="13332242561"/>
  <nd ref="13332242560"/>
  <nd ref="13332242559"/>
  <nd ref="13332324670"/>
 </way>
 <way id="1453722554" visible="true" version="1" changeset="175125404" timestamp="2025-11-25T19:36:00Z" user="Vonter" uid="3926189">
  <nd ref="13332242569"/>
  <nd ref="13332242568"/>
  <nd ref="13332242567"/>
  <nd ref="13332242566"/>
  <nd ref="13332242565"/>
  <nd ref="13332242564"/>
 </way>
 <relation id="8303303" visible="true" version="3" changeset="175125404" timestamp="2025-11-25T19:46:31Z" user="Vonter" uid="3926189">
  <member type="way" ref="1267068447" role="outer"/>
  <member type="way" ref="1267018059" role="outer"/>
  <member type="way" ref="1267018053" role="outer"/>
  <member type="way" ref="1267018041" role="outer"/>
  <member type="way" ref="1267018037" role="outer"/>
  <member type="way" ref="1267018003" role="outer"/>
  <member type="way" ref="1267018004" role="outer"/>
  <member type="way" ref="1267018035" role="outer"/>
  <member type="way" ref="1267018036" role="outer"/>
  <member type="way" ref="1267018031" role="outer"/>
  <member type="way" ref="1267018026" role="outer"/>
  <member type="way" ref="1267068420" role="outer"/>
  <member type="way" ref="1267068423" role="outer"/>
  <member type="way" ref="1267068425" role="outer"/>
  <member type="way" ref="1267068424" role="outer"/>
  <member type="way" ref="1267068429" role="outer"/>
  <member type="way" ref="1267068430" role="outer"/>
  <member type="way" ref="1267068460" role="outer"/>
  <member type="way" ref="1267068435" role="outer"/>
  <member type="way" ref="1267068438" role="outer"/>
  <member type="way" ref="1267068439" role="outer"/>
  <member type="way" ref="1267068449" role="outer"/>
  <tag k="boundary" v="political"/>
  <tag k="name" v="C.V. Raman Nagar Assembly Constituency"/>
  <tag k="type" v="boundary"/>
 </relation>
 <relation id="8303304" visible="true" version="4" changeset="175125404" timestamp="2025-11-25T19:46:31Z" user="Vonter" uid="3926189">
  <member type="way" ref="1267068409" role="outer"/>
  <member type="way" ref="1267068424" role="outer"/>
  <member type="way" ref="1267068425" role="outer"/>
  <member type="way" ref="1267068423" role="outer"/>
  <member type="way" ref="1267068420" role="outer"/>
  <member type="way" ref="1267018025" role="outer"/>
  <member type="way" ref="1267018015" role="outer"/>
  <member type="way" ref="1268630590" role="outer"/>
  <member type="way" ref="1267006500" role="outer"/>
  <member type="way" ref="1267006497" role="outer"/>
  <member type="way" ref="1267047282" role="outer"/>
  <member type="way" ref="1267047275" role="outer"/>
  <member type="way" ref="1267047274" role="outer"/>
  <member type="way" ref="1268630591" role="outer"/>
  <member type="way" ref="1267047273" role="outer"/>
  <member type="way" ref="1267047298" role="outer"/>
  <member type="way" ref="1267047299" role="outer"/>
  <member type="way" ref="1267047300" role="outer"/>
  <member type="way" ref="1267047291" role="outer"/>
  <member type="way" ref="1267047312" role="outer"/>
  <member type="way" ref="1267068401" role="outer"/>
  <member type="way" ref="1267068407" role="outer"/>
  <member type="way" ref="1267068406" role="outer"/>
  <member type="way" ref="1267068411" role="outer"/>
  <tag k="boundary" v="political"/>
  <tag k="name" v="Shantinagar Assembly Constituency"/>
  <tag k="type" v="boundary"/>
 </relation>
 <relation id="19883411" visible="true" version="2" changeset="175156711" timestamp="2025-11-26T14:13:59Z" user="Vonter" uid="3926189">
  <member type="way" ref="1453722668" role="outer"/>
  <member type="way" ref="1453722553" role="outer"/>
  <member type="way" ref="1453722504" role="outer"/>
  <member type="way" ref="1453721814" role="outer"/>
  <member type="way" ref="1453722663" role="outer"/>
  <member type="way" ref="1453722667" role="outer"/>
  <tag k="admin_level" v="10"/>
  <tag k="boundary" v="administrative"/>
  <tag k="local_authority:IN" v="ward"/>
  <tag k="name" v="Domluru"/>
  <tag k="name:kn" v="ದೊಮ್ಮಲೂರು"/>
  <tag k="type" v="boundary"/>
  <tag k="ward" v="22"/>
 </relation>
 <relation id="19884581" visible="true" version="2" changeset="175156711" timestamp="2025-11-26T14:13:59Z" user="Vonter" uid="3926189">
  <member type="way" ref="1453722505" role="outer"/>
  <member type="way" ref="1453722504" role="outer"/>
  <member type="way" ref="1453722554" role="outer"/>
  <member type="way" ref="1453722503" role="outer"/>
  <member type="way" ref="1453722502" role="outer"/>
  <member type="way" ref="1453722501" role="outer"/>
  <tag k="admin_level" v="10"/>
  <tag k="boundary" v="administrative"/>
  <tag k="local_authority:IN" v="ward"/>
  <tag k="name" v="Kodihalli"/>
  <tag k="name:kn" v="ಕೋಡಿಹಳ್ಳಿ"/>
  <tag k="type" v="boundary"/>
  <tag k="ward" v="20"/>
 </relation>
 <relation id="19884592" visible="true" version="2" changeset="175156711" timestamp="2025-11-26T14:13:59Z" user="Vonter" uid="3926189">
  <member type="way" ref="1453722670" role="outer"/>
  <member type="way" ref="1453722556" role="outer"/>
  <member type="way" ref="1453722555" role="outer"/>
  <member type="way" ref="1453722554" role="outer"/>
  <member type="way" ref="1453722553" role="outer"/>
  <member type="way" ref="1453722669" role="outer"/>
  <tag k="admin_level" v="10"/>
  <tag k="boundary" v="administrative"/>
  <tag k="local_authority:IN" v="ward"/>
  <tag k="name" v="Jogpalya"/>
  <tag k="name:kn" v="ಜೋಗಪಾಳ್ಯ"/>
  <tag k="type" v="boundary"/>
  <tag k="ward" v="23"/>
 </relation>
</osm>
